{
  "info": {
    "name": "硫晶支脉上（3）",
    "type": "collect",
    "author": "下流山汉",
    "version": "1.0",
    "description": "",
    "bgiVersion": "0.35.1"
  },
  "positions": [
    {
      "id": 1,
      "action": "",
      "move_mode": "walk",
      "type": "teleport",
      "x": 8400.5869140625,
      "y": -1221.341796875,
      "action_params": "",
      "locked": false
    },
    {
      "id": 2,
      "x": 8455.8876953125,
      "y": -1227.92724609375,
      "type": "path",
      "move_mode": "run",
      "action": "fight",
      "action_params": ""
    },
    {
      "id": 3,
      "action": "",
      "move_mode": "walk",
      "type": "teleport",
      "x": 8400.5869140625,
      "y": -1221.341796875,
      "action_params": ""
    },
    {
      "id": 4,
      "x": 8389.521484375,
      "y": -1232.66015625,
      "type": "path",
      "move_mode": "fly",
      "action": "stop_flying",
      "action_params": ""
    },
    {
      "id": 5,
      "x": 8376.03515625,
      "y": -1257.97119140625,
      "type": "path",
      "move_mode": "walk",
      "action": "",
      "action_params": ""
    },
    {
      "id": 6,
      "x": 8332.3359375,
      "y": -1306.99853515625,
      "type": "path",
      "move_mode": "walk",
      "action": "",
      "action_params": ""
    },
    {
      "id": 7,
      "x": 8248.623046875,
      "y": -1326.09375,
      "type": "path",
      "move_mode": "run",
      "action": "",
      "action_params": ""
    },
    {
      "id": 8,
      "x": 8227.880859375,
      "y": -1303.0947265625,
      "type": "path",
      "move_mode": "run",
      "action": "",
      "action_params": ""
    },
    {
      "id": 9,
      "x": 8212.5126953125,
      "y": -1290.82666015625,
      "type": "path",
      "move_mode": "run",
      "action": "fight",
      "action_params": ""
    }
  ]
}