{
  "info": {
    "name": "纳塔主城附近（5）",
    "type": "collect",
    "author": "下流山汉",
    "version": "1.0",
    "description": "",
    "bgiVersion": "0.35.1"
  },
  "positions": [
    {
      "id": 1,
      "action": "",
      "move_mode": "walk",
      "type": "teleport",
      "x": 8908.806640625,
      "y": -1639.1025390625,
      "action_params": "",
      "locked": false
    },
    {
      "id": 2,
      "x": 8851.3056640625,
      "y": -1663.66552734375,
      "type": "path",
      "move_mode": "run",
      "action": "",
      "action_params": "",
      "locked": false
    },
    {
      "id": 3,
      "x": 8819.7734375,
      "y": -1685.25244140625,
      "type": "path",
      "move_mode": "run",
      "action": "",
      "action_params": "",
      "locked": false
    },
    {
      "id": 4,
      "x": 8818.1650390625,
      "y": -1704.11962890625,
      "type": "path",
      "move_mode": "run",
      "action": "fight",
      "action_params": "",
      "locked": false
    },
    {
      "id": 5,
      "x": 9229.193359375,
      "y": -1729.22265625,
      "type": "teleport",
      "move_mode": "walk",
      "action": "",
      "action_params": "",
      "locked": false
    },
    {
      "id": 6,
      "x": 9169.439453125,
      "y": -1735.48291015625,
      "type": "path",
      "move_mode": "walk",
      "action": "",
      "action_params": "",
      "locked": false
    },
    {
      "id": 7,
      "x": 9133.255859375,
      "y": -1739.11767578125,
      "type": "path",
      "move_mode": "run",
      "action": "",
      "action_params": "",
      "locked": false
    },
    {
      "id": 8,
      "x": 9108.5302734375,
      "y": -1750.55419921875,
      "type": "path",
      "move_mode": "run",
      "action": "",
      "action_params": "",
      "locked": false
    },
    {
      "id": 9,
      "x": 9081.630859375,
      "y": -1753.10205078125,
      "type": "path",
      "move_mode": "run",
      "action": "fight",
      "action_params": "",
      "locked": false
    },
    {
      "id": 10,
      "x": 8978.3271484375,
      "y": -1872.330078125,
      "type": "teleport",
      "move_mode": "walk",
      "action": "",
      "action_params": "",
      "locked": false
    },
    {
      "id": 11,
      "x": 8962.705078125,
      "y": -1869.63623046875,
      "type": "path",
      "move_mode": "walk",
      "action": "",
      "action_params": "",
      "locked": false
    },
    {
      "id": 12,
      "x": 8948.662109375,
      "y": -1875.23486328125,
      "type": "path",
      "move_mode": "walk",
      "action": "",
      "action_params": "",
      "locked": false
    },
    {
      "id": 13,
      "x": 8931.4501953125,
      "y": -1890.404296875,
      "type": "path",
      "move_mode": "fly",
      "action": "stop_flying",
      "action_params": "",
      "locked": false
    },
    {
      "id": 14,
      "x": 8956.509765625,
      "y": -1955.01025390625,
      "type": "path",
      "move_mode": "run",
      "action": "fight",
      "action_params": "",
      "locked": false
    },
    {
      "id": 15,
      "x": 8674.134765625,
      "y": -2063.3408203125,
      "type": "teleport",
      "move_mode": "walk",
      "action": "",
      "action_params": "",
      "locked": false
    },
    {
      "id": 16,
      "x": 8683.0615234375,
      "y": -2069.26171875,
      "type": "path",
      "move_mode": "fly",
      "action": "stop_flying",
      "action_params": "",
      "locked": false
    },
    {
      "id": 17,
      "x": 8720.0576171875,
      "y": -2083.0615234375,
      "type": "path",
      "move_mode": "run",
      "action": "",
      "action_params": "",
      "locked": false
    },
    {
      "id": 18,
      "x": 8747.095703125,
      "y": -2103.6162109375,
      "type": "path",
      "move_mode": "run",
      "action": "",
      "action_params": "",
      "locked": false
    },
    {
      "id": 19,
      "x": 8806.2509765625,
      "y": -2120.9873046875,
      "type": "path",
      "move_mode": "run",
      "action": "fight",
      "action_params": "",
      "locked": false
    }
  ]
}