{
  "info": {
    "name": "流泉之众（6）",
    "type": "collect",
    "author": "下流山汉",
    "version": "1.0",
    "description": "",
    "bgiVersion": "0.35.1"
  },
  "positions": [
    {
      "id": 1,
      "x": 8582.033203125,
      "y": -2675.2568359375,
      "action": "",
      "move_mode": "walk",
      "action_params": "",
      "type": "teleport"
    },
    {
      "id": 2,
      "x": 8540.6591796875,
      "y": -2772.3818359375,
      "action": "",
      "move_mode": "fly",
      "action_params": "",
      "type": "path"
    },
    {
      "id": 3,
      "x": 8536.623046875,
      "y": -2794.5029296875,
      "action": "",
      "move_mode": "run",
      "action_params": "",
      "type": "path"
    },
    {
      "id": 4,
      "x": 8507.822265625,
      "y": -2813.3984375,
      "action": "fight",
      "move_mode": "run",
      "action_params": "",
      "type": "path"
    },
    {
      "id": 5,
      "x": 8744.6640625,
      "y": -3009.65234375,
      "action": "",
      "move_mode": "walk",
      "action_params": "",
      "type": "teleport"
    },
    {
      "id": 6,
      "x": 8720.0419921875,
      "y": -3027.939453125,
      "action": "",
      "move_mode": "walk",
      "action_params": "",
      "type": "path"
    },
    {
      "id": 7,
      "x": 8697.500872520413,
      "y": -3034.0005091183302,
      "action": "",
      "move_mode": "run",
      "action_params": "",
      "type": "path"
    },
    {
      "id": 8,
      "x": 8672.126953125,
      "y": -3038.4560546875,
      "action": "",
      "move_mode": "run",
      "action_params": "",
      "type": "path"
    },
    {
      "id": 9,
      "x": 8658.4453125,
      "y": -3019.7841796875,
      "action": "",
      "move_mode": "run",
      "action_params": "",
      "type": "path"
    },
    {
      "id": 10,
      "x": 8626.1298828125,
      "y": -3015.0888671875,
      "action": "",
      "move_mode": "run",
      "action_params": "",
      "type": "path"
    },
    {
      "id": 11,
      "x": 8570.138671875,
      "y": -3037.8818359375,
      "action": "fight",
      "move_mode": "run",
      "action_params": "",
      "type": "path"
    },
    {
      "id": 12,
      "x": 8558.470703125,
      "y": -3030.3837890625,
      "action": "",
      "move_mode": "run",
      "action_params": "",
      "type": "path"
    },
    {
      "id": 13,
      "x": 8535.412109375,
      "y": -3013.4384765625,
      "action": "fight",
      "move_mode": "run",
      "action_params": "",
      "type": "path"
    },
    {
      "id": 14,
      "x": 8524.2119140625,
      "y": -3021.4365234375,
      "action": "",
      "move_mode": "run",
      "action_params": "",
      "type": "path"
    },
    {
      "id": 15,
      "x": 8491.373046875,
      "y": -3044.92578125,
      "action": "fight",
      "move_mode": "run",
      "action_params": "",
      "type": "path"
    }
  ]
}