{
  "info": {
    "name": "c12【2】祖遗庙宇右（4）",
    "type": "collect",
    "author": "下流山汉",
    "version": "1.0",
    "description": "",
    "bgiVersion": "0.35.1"
  },
  "positions": [
    {
      "id": 1,
      "x": 7796.02734375,
      "y": -1873.1787109375,
      "type": "teleport",
      "move_mode": "walk",
      "action": "",
      "action_params": ""
    },
    {
      "id": 2,
      "x": 7793.6630859375,
      "y": -1904.31982421875,
      "type": "path",
      "move_mode": "walk",
      "action": "",
      "action_params": ""
    },
    {
      "id": 3,
      "x": 7758.29541015625,
      "y": -1908.1669921875,
      "type": "path",
      "move_mode": "walk",
      "action": "",
      "action_params": ""
    },
    {
      "id": 4,
      "x": 7754.53466796875,
      "y": -1901.708984375,
      "type": "path",
      "move_mode": "fly",
      "action": "",
      "action_params": ""
    },
    {
      "id": 5,
      "x": 7746.44384765625,
      "y": -1896.3779296875,
      "type": "path",
      "move_mode": "climb",
      "action": "",
      "action_params": ""
    },
    {
      "id": 6,
      "x": 7730.767578125,
      "y": -1889.68896484375,
      "action": "",
      "move_mode": "walk",
      "action_params": "",
      "type": "path",
      "locked": false
    },
    {
      "id": 7,
      "x": 7698.75244140625,
      "y": -1931.0087890625,
      "action": "",
      "move_mode": "run",
      "action_params": "",
      "type": "path",
      "locked": false
    },
    {
      "id": 8,
      "x": 7690.73779296875,
      "y": -1945.6162109375,
      "action": "",
      "move_mode": "run",
      "action_params": "",
      "type": "path",
      "locked": false
    },
    {
      "id": 9,
      "x": 7701.8447265625,
      "y": -1946.80322265625,
      "action": "fight",
      "move_mode": "run",
      "action_params": "",
      "type": "path",
      "locked": false
    },
    {
      "id": 10,
      "x": 7678.83837890625,
      "y": -1974.50048828125,
      "action": "",
      "move_mode": "walk",
      "action_params": "",
      "type": "path",
      "locked": false
    },
    {
      "id": 11,
      "x": 7654.11083984375,
      "y": -1999.27490234375,
      "action": "stop_flying",
      "move_mode": "fly",
      "action_params": "",
      "type": "path",
      "locked": false
    },
    {
      "id": 12,
      "x": 7644.25537109375,
      "y": -2079.87109375,
      "action": "",
      "move_mode": "walk",
      "action_params": "",
      "type": "path",
      "locked": false
    },
    {
      "id": 13,
      "x": 7608.61474609375,
      "y": -2105.3525390625,
      "action": "",
      "move_mode": "run",
      "action_params": "",
      "type": "path",
      "locked": false
    },
    {
      "id": 14,
      "x": 7552.24072265625,
      "y": -2119.0263671875,
      "action": "fight",
      "move_mode": "run",
      "action_params": "",
      "type": "path",
      "locked": false
    }
  ]
}