﻿{
  "info": {
    "authors": [
      {
        "links": "",
        "name": "汐"
      }
    ],
    "bgi_version": "0.45.0",
    "description": "",
    "enable_monster_loot_split": false,
    "last_modified_time": 1758652363831,
    "map_match_method": "",
    "map_name": "Teyvat",
    "name": "310【收尾】稻妻-清籁丸20",
    "tags": [],
    "type": "collect",
    "version": ""
  },
  "positions": [
    {
      "action": "",
      "id": 1,
      "move_mode": "walk",
      "type": "teleport",
      "x": -3891.556640625,
      "y": -4389.8505859375
    },
    {
      "action": "",
      "action_params": "",
      "id": 2,
      "move_mode": "walk",
      "type": "path",
      "x": -3888.8369140625,
      "y": -4398.5390625
    },
    {
      "action": "stop_flying",
      "action_params": "",
      "id": 3,
      "move_mode": "fly",
      "type": "path",
      "x": -3884.25,
      "y": -4418.499468806096
    },
    {
      "action": "",
      "action_params": "",
      "id": 4,
      "move_mode": "run",
      "type": "path",
      "x": -3869,
      "y": -4455.246370174989
    },
    {
      "action": "",
      "action_params": "",
      "id": 5,
      "move_mode": "run",
      "type": "path",
      "x": -3853.5,
      "y": -4501.435452690161
    },
    {
      "action": "combat_script",
      "action_params": "keypress(f),wait(0.2),keypress(f),wait(0.2),keypress(f),wait(0.2),keypress(f),wait(0.2),keypress(f);万叶 attack(0.08),keydown(E),wait(0.48),keyup(E),attack(0.2),wait(1.5);琴 attack(0.08),keydown(E),wait(0.4),moveby(1000,0),wait(0.2),moveby(1000,0),wait(0.2),moveby(1000,0),wait(0.2),moveby(1000,-3500),wait(1.8),keyup(E),wait(0.3),click(middle);",
      "id": 6,
      "move_mode": "dash",
      "type": "target",
      "x": -3851.78125,
      "y": -4510.4062057338415
    },
    {
      "action": "combat_script",
      "action_params": "keypress(f),wait(0.2),keypress(f),wait(0.2),keypress(f),keypress(f),wait(0.2),keypress(f),s(0.3),keypress(f);万叶 attack(0.08),keydown(E),wait(0.48),keyup(E),attack(0.2),wait(1.5);琴 attack(0.08),keydown(E),wait(0.4),moveby(1000,0),wait(0.2),moveby(1000,0),wait(0.2),moveby(1000,0),wait(0.2),moveby(1000,-3500),wait(1.8),keyup(E),wait(0.3),click(middle);",
      "id": 7,
      "move_mode": "dash",
      "type": "target",
      "x": -3849.2812855507473,
      "y": -4510.156280315927
    },
    {
      "action": "",
      "id": 8,
      "move_mode": "walk",
      "type": "path",
      "x": -3848.093987073811,
      "y": -4507.656272451084
    },
    {
      "action": "",
      "id": 9,
      "move_mode": "run",
      "type": "path",
      "x": -3834.84375,
      "y": -4485.561271614097
    },
    {
      "action": "combat_script",
      "action_params": "keypress(f),wait(0.2),keypress(f),wait(0.2),keypress(f),s(0.15);万叶 attack(0.08),keydown(E),wait(0.8),keyup(E),attack(0.2),wait(0.5);琴 attack(0.08),keydown(E),wait(0.4),moveby(1000,0),wait(0.2),moveby(1000,0),wait(0.2),moveby(1000,0),wait(0.2),moveby(1000,-3500),wait(1.8),keyup(E),wait(0.3),click(middle);",
      "id": 10,
      "move_mode": "climb",
      "type": "target",
      "x": -3839.61328125,
      "y": -4483.5546875
    },
    {
      "action": "",
      "id": 11,
      "move_mode": "run",
      "type": "path",
      "x": -3820.767578125,
      "y": -4488.9599609375
    },
    {
      "action": "",
      "id": 12,
      "move_mode": "run",
      "type": "path",
      "x": -3774.337890625,
      "y": -4462.90625
    },
    {
      "action": "",
      "id": 13,
      "move_mode": "dash",
      "type": "path",
      "x": -3780.5498046875,
      "y": -4452.0966796875
    },
    {
      "action": "",
      "id": 14,
      "move_mode": "climb",
      "type": "path",
      "x": -3782.16015625,
      "y": -4445.1845703125
    },
    {
      "action": "",
      "id": 15,
      "move_mode": "climb",
      "type": "path",
      "x": -3783.3681640625,
      "y": -4439.068359375
    },
    {
      "action": "",
      "action_params": "",
      "id": 16,
      "move_mode": "climb",
      "type": "target",
      "x": -3776.0625,
      "y": -4441.187444667303
    },
    {
      "action": "combat_script",
      "action_params": "keypress(f),wait(0.2),keypress(f);万叶 attack(0.08),keydown(E),wait(0.7),keyup(E),attack(0.2),wait(0.5);琴 attack(0.08),keydown(E),wait(0.4),moveby(1000,0),wait(0.2),moveby(1000,0),wait(0.2),moveby(1000,0),wait(0.2),moveby(1000,-3500),wait(1.8),keyup(E),wait(0.3),click(middle);",
      "id": 17,
      "move_mode": "climb",
      "type": "target",
      "x": -3773.9287109375,
      "y": -4441.794921875
    },
    {
      "action": "",
      "action_params": "",
      "id": 18,
      "move_mode": "walk",
      "type": "path",
      "x": -3769.84375,
      "y": -4443.531349598858
    },
    {
      "action": "",
      "id": 19,
      "move_mode": "run",
      "type": "path",
      "x": -3757.8115234375,
      "y": -4443.099609375
    },
    {
      "action": "",
      "id": 20,
      "move_mode": "run",
      "type": "path",
      "x": -3747.5400390625,
      "y": -4441.6630859375
    },
    {
      "action": "combat_script",
      "action_params": "keypress(f),wait(0.2),keypress(f),wait(0.2),keypress(f);万叶 attack(0.08),keydown(E),wait(0.48),keyup(E),attack(0.2),wait(0.5);琴 attack(0.08),keydown(E),wait(0.4),moveby(1000,0),wait(0.2),moveby(1000,0),wait(0.2),moveby(1000,0),wait(0.2),moveby(1000,-3500),wait(1.8),keyup(E),wait(0.3),click(middle);",
      "id": 21,
      "move_mode": "dash",
      "type": "target",
      "x": -3739.1624999999985,
      "y": -4441
    },
    {
      "action": "",
      "action_params": "",
      "id": 22,
      "move_mode": "climb",
      "type": "path",
      "x": -3740.08203125,
      "y": -4438.357421875
    },
    {
      "action": "combat_script",
      "action_params": "keypress(f);万叶 attack(0.08),keydown(E),wait(0.7),keyup(E),attack(0.2);琴 attack(0.08),keydown(E),wait(0.4),moveby(1000,0),wait(0.2),moveby(1000,0),wait(0.2),moveby(1000,0),wait(0.2),moveby(1000,-3500),wait(1.8),keyup(E),wait(0.3),click(middle);",
      "id": 23,
      "move_mode": "climb",
      "type": "target",
      "x": -3742.4375,
      "y": -4431.999845068445
    },
    {
      "action": "",
      "id": 24,
      "move_mode": "fly",
      "type": "path",
      "x": -3739.40625,
      "y": -4426.912201203428
    },
    {
      "action": "",
      "id": 25,
      "move_mode": "climb",
      "type": "target",
      "x": -3743.40625,
      "y": -4424.375022133079
    },
    {
      "action": "",
      "action_params": "",
      "id": 26,
      "move_mode": "fly",
      "type": "path",
      "x": -3773.375,
      "y": -4419.874822935366
    },
    {
      "action": "combat_script",
      "action_params": "keypress(x)",
      "id": 27,
      "move_mode": "jump",
      "type": "path",
      "x": -3780.125,
      "y": -4422.40628319962
    },
    {
      "action": "combat_script",
      "action_params": "keypress(f);万叶 attack(0.08),keydown(E),wait(0.7),keyup(E),attack(0.2);琴 attack(0.08),keydown(E),wait(0.4),moveby(1000,0),wait(0.2),moveby(1000,0),wait(0.2),moveby(1000,0),wait(0.2),moveby(1000,-3500),wait(1.8),keyup(E),wait(0.3),click(middle);wait(0.2),keypress(x)",
      "id": 28,
      "move_mode": "climb",
      "type": "target",
      "x": -3785.60546875,
      "y": -4422.544921875
    },
    {
      "action": "",
      "id": 29,
      "move_mode": "walk",
      "type": "path",
      "x": -3789.0947265625,
      "y": -4418.2265625
    },
    {
      "action": "",
      "id": 30,
      "move_mode": "climb",
      "type": "path",
      "x": -3790.009765625,
      "y": -4421.7783203125
    },
    {
      "action": "combat_script",
      "action_params": "keypress(f);万叶 attack(0.08),keydown(E),wait(0.7),keyup(E),attack(0.2);琴 attack(0.08),keydown(E),wait(0.4),moveby(1000,0),wait(0.2),moveby(1000,0),wait(0.2),moveby(1000,0),wait(0.2),moveby(1000,-3500),wait(1.8),keyup(E),wait(0.3),click(middle);",
      "id": 31,
      "move_mode": "climb",
      "type": "target",
      "x": -3790.515625,
      "y": -4424.65625
    },
    {
      "action": "",
      "action_params": "",
      "id": 32,
      "move_mode": "dash",
      "type": "path",
      "x": -3776.328125,
      "y": -4425.9326171875
    },
    {
      "action": "",
      "action_params": "",
      "id": 33,
      "move_mode": "dash",
      "type": "path",
      "x": -3761.71875,
      "y": -4427.312511066539
    },
    {
      "action": "",
      "id": 34,
      "move_mode": "dash",
      "type": "path",
      "x": -3747.8125,
      "y": -4426.0311172015245
    },
    {
      "action": "",
      "id": 35,
      "move_mode": "run",
      "type": "path",
      "x": -3743.921875,
      "y": -4436.001953125
    },
    {
      "action": "combat_script",
      "action_params": "keypress(f),wait(0.2),keypress(f);万叶 attack(0.08),keydown(E),wait(0.48),keyup(E),attack(0.2);琴 attack(0.08),keydown(E),wait(0.4),moveby(1000,0),wait(0.2),moveby(1000,0),wait(0.2),moveby(1000,0),wait(0.2),moveby(1000,-3500),wait(1.8),keyup(E),wait(0.3),click(middle),wait(1);",
      "id": 36,
      "move_mode": "climb",
      "type": "target",
      "x": -3742.7294921875,
      "y": -4441.98828125
    },
    {
      "action": "",
      "id": 37,
      "move_mode": "walk",
      "type": "path",
      "x": -3740.7060546875,
      "y": -4439.869140625
    },
    {
      "action": "combat_script",
      "action_params": "keypress(f);万叶 attack(0.08),keydown(E),wait(0.8),keyup(E),attack(0.2),wait(0.5);琴 attack(0.08),keydown(E),wait(0.4),moveby(1000,0),wait(0.2),moveby(1000,0),wait(0.2),moveby(1000,0),wait(0.2),moveby(1000,-3500),wait(1.8),keyup(E),wait(0.3),click(middle);",
      "id": 38,
      "move_mode": "climb",
      "type": "target",
      "x": -3738.31640625,
      "y": -4442.064453125
    },
    {
      "action": "",
      "id": 39,
      "move_mode": "run",
      "type": "path",
      "x": -3740.6142578125,
      "y": -4435.5537109375
    },
    {
      "action": "",
      "id": 40,
      "move_mode": "run",
      "type": "path",
      "x": -3741.0341796875,
      "y": -4425.9443359375
    },
    {
      "action": "",
      "id": 41,
      "move_mode": "walk",
      "type": "path",
      "x": -3743.734375,
      "y": -4424.8876953125
    },
    {
      "action": "",
      "id": 42,
      "move_mode": "run",
      "type": "path",
      "x": -3764.1240234375,
      "y": -4438.958984375
    },
    {
      "action": "",
      "id": 43,
      "move_mode": "dash",
      "type": "target",
      "x": -3772.146484375,
      "y": -4439.849609375
    },
    {
      "action": "",
      "id": 44,
      "move_mode": "climb",
      "type": "target",
      "x": -3776.125,
      "y": -4439.281316399238
    },
    {
      "action": "combat_script",
      "action_params": "keypress(f);万叶 attack(0.08),keydown(E),wait(0.8),keyup(E),attack(0.2),wait(0.5);琴 attack(0.08),keydown(E),wait(0.4),moveby(1000,0),wait(0.2),moveby(1000,0),wait(0.2),moveby(1000,0),wait(0.2),moveby(1000,-3500),wait(1.8),keyup(E),wait(0.3),click(middle);",
      "id": 45,
      "move_mode": "walk",
      "type": "path",
      "x": -3775.8125,
      "y": -4441.625154931555
    },
    {
      "action": "",
      "id": 46,
      "move_mode": "dash",
      "type": "path",
      "x": -3767.134765625,
      "y": -4439.3466796875
    },
    {
      "action": "",
      "id": 47,
      "move_mode": "run",
      "type": "path",
      "x": -3756.236328125,
      "y": -4437.08203125
    },
    {
      "action": "combat_script",
      "action_params": "keypress(f);玛薇卡 e;迪希雅 e;爱可菲 e;",
      "id": 48,
      "move_mode": "run",
      "type": "path",
      "x": -3746.0966796875,
      "y": -4434.9072265625
    },
    {
      "action": "combat_script",
      "action_params": "keypress(f);万叶 attack(0.08),keydown(E),wait(0.7),keyup(E),attack(0.2),wait(1),q;琴 attack(0.08),keydown(E),wait(0.4),moveby(1000,0),wait(0.2),moveby(1000,0),wait(0.2),moveby(1000,0),wait(0.2),moveby(1000,-3500),wait(1.8),keyup(E),wait(0.3),click(middle);",
      "id": 49,
      "move_mode": "climb",
      "type": "target",
      "x": -3741.365234375,
      "y": -4432.560546875
    },
    {
      "action": "",
      "action_params": "",
      "id": 50,
      "move_mode": "climb",
      "type": "path",
      "x": -3744.125,
      "y": -4437.344281193904
    },
    {
      "action": "",
      "action_params": "",
      "id": 51,
      "move_mode": "dash",
      "type": "path",
      "x": -3735.40625,
      "y": -4437.937477866921
    },
    {
      "action": "",
      "id": 52,
      "move_mode": "run",
      "type": "path",
      "x": -3728.7265625,
      "y": -4437.8623046875
    },
    {
      "action": "",
      "id": 53,
      "move_mode": "dash",
      "type": "target",
      "x": -3726.888671875,
      "y": -4433.171875
    },
    {
      "action": "combat_script",
      "action_params": "keypress(f);万叶 attack(0.08),keydown(E),wait(0.51),keyup(E),attack(0.2),wait(0.5);琴 attack(0.08),keydown(E),wait(0.4),moveby(1000,0),wait(0.2),moveby(1000,0),wait(0.2),moveby(1000,0),wait(0.2),moveby(1000,-3500),wait(1.8),keyup(E),wait(0.3),click(middle);",
      "id": 54,
      "move_mode": "climb",
      "type": "target",
      "x": -3726.6484375,
      "y": -4431.6826171875
    },
    {
      "action": "",
      "action_params": "",
      "id": 55,
      "move_mode": "walk",
      "type": "path",
      "x": -3726.5517578125,
      "y": -4438.2099609375
    },
    {
      "action": "",
      "action_params": "",
      "id": 56,
      "move_mode": "jump",
      "type": "path",
      "x": -3722.61328125,
      "y": -4437.4814453125
    },
    {
      "action": "combat_script",
      "action_params": "keypress(f);玛薇卡 e;迪希雅 e;",
      "id": 57,
      "move_mode": "dash",
      "type": "path",
      "x": -3718.216796875,
      "y": -4433.0048828125
    },
    {
      "action": "",
      "action_params": "",
      "id": 58,
      "move_mode": "walk",
      "type": "target",
      "x": -3719.4345703125,
      "y": -4431.1865234375
    },
    {
      "action": "combat_script",
      "action_params": "wait(0.2),keypress(x);万叶 attack(0.08),keydown(E),wait(0.48),keyup(E),attack(0.2),wait(1);琴 attack(0.08),keydown(E),wait(0.4),moveby(1000,0),wait(0.2),moveby(1000,0),wait(0.2),moveby(1000,0),wait(0.2),moveby(1000,-3500),wait(1.8),keyup(E),wait(0.3),click(middle);",
      "id": 59,
      "move_mode": "walk",
      "type": "target",
      "x": -3720.29296875,
      "y": -4430.4189453125
    },
    {
      "action": "",
      "id": 60,
      "move_mode": "walk",
      "type": "path",
      "x": -3719.6875,
      "y": -4433.218938131175
    },
    {
      "action": "combat_script",
      "action_params": "keypress(f);万叶 attack(0.08),keydown(E),wait(0.48),keyup(E),attack(0.2),wait(0.5);琴 attack(0.08),keydown(E),wait(0.4),moveby(1000,0),wait(0.2),moveby(1000,0),wait(0.2),moveby(1000,0),wait(0.2),moveby(1000,-3500),wait(1.8),keyup(E),wait(0.3),click(middle);",
      "id": 61,
      "move_mode": "dash",
      "type": "path",
      "x": -3726.1875,
      "y": -4428.843628268063
    },
    {
      "action": "",
      "id": 62,
      "move_mode": "walk",
      "type": "path",
      "x": -3726.1875,
      "y": -4428.843628268063
    }
  ]
}