﻿{
  "info": {
    "name": "01【额外】稻妻-踏鞴砂大炮点5",
    "type": "collect",
    "authors": [
      {
        "name": "汐",
        "links": ""
      }
    ],
    "version": "1.0",
    "description": "",
    "map_name": "Teyvat",
    "bgi_version": "0.45.0",
    "tags": [],
    "last_modified_time": 1753124058473,
    "enable_monster_loot_split": false
  },
  "positions": [
    {
      "id": 1,
      "x": -3236.439453125,
      "y": -3533.951171875,
      "action": "",
      "move_mode": "walk",
      "action_params": "",
      "type": "teleport"
    },
    {
      "id": 2,
      "x": -3247.587890625,
      "y": -3539.9248046875,
      "action": "",
      "move_mode": "dash",
      "action_params": "",
      "type": "path"
    },
    {
      "id": 3,
      "x": -3278.250023700497,
      "y": -3540.438212424282,
      "action": "stop_flying",
      "move_mode": "fly",
      "action_params": "",
      "type": "path"
    },
    {
      "id": 4,
      "x": -3276.6572265625,
      "y": -3544.4013671875,
      "action": "combat_script",
      "move_mode": "walk",
      "action_params": "keypress(f),wait(0.2),keypress(f),wait(0.2),keypress(f),a(0.2);万叶 attack(0.08),keydown(E),wait(0.7),keyup(E),attack(0.2),wait(0.5);琴 attack(0.08),keydown(E),wait(0.4),moveby(1000,0),wait(0.2),moveby(1000,0),wait(0.2),moveby(1000,0),wait(0.2),moveby(1000,-3500),wait(1.8),keyup(E),wait(0.3),click(middle);",
      "type": "target"
    },
    {
      "id": 5,
      "x": -3016.8056640625,
      "y": -3623.626953125,
      "action": "",
      "move_mode": "walk",
      "action_params": "",
      "type": "teleport"
    },
    {
      "id": 6,
      "x": -3040.125237004977,
      "y": -3608.999242101827,
      "action": "",
      "move_mode": "run",
      "action_params": "",
      "type": "path"
    },
    {
      "id": 7,
      "x": -3074.1253397071323,
      "y": -3578.2522736945193,
      "action": "",
      "move_mode": "dash",
      "action_params": "",
      "type": "path"
    },
    {
      "id": 8,
      "x": -3109.0632327403855,
      "y": -3564.844113791123,
      "action": "",
      "move_mode": "run",
      "action_params": "",
      "type": "path"
    },
    {
      "id": 9,
      "x": -3113.9374209983416,
      "y": -3571.280939261749,
      "action": "combat_script",
      "move_mode": "dash",
      "action_params": "keypress(f),wait(0.2),keypress(f),wait(0.2),keypress(f),keypress(x);万叶 attack(0.08),keydown(E),wait(0.51),keyup(E),attack(0.2),wait(0.5);琴 attack(0.08),keydown(E),wait(0.4),moveby(1000,0),wait(0.2),moveby(1000,0),wait(0.2),moveby(1000,0),wait(0.2),moveby(1000,-3500),wait(1.8),keyup(E),wait(0.3),click(middle);",
      "type": "target"
    },
    {
      "id": 10,
      "x": -3115.124970374378,
      "y": -3571.7186438942554,
      "action": "combat_script",
      "move_mode": "walk",
      "action_params": "keypress(f),wait(0.2),keypress(f)",
      "type": "path"
    },
    {
      "id": 11,
      "x": -3109.0000316006626,
      "y": -3564.8438030528723,
      "action": "",
      "move_mode": "dash",
      "action_params": "",
      "type": "path"
    },
    {
      "id": 12,
      "x": -3100.468753950083,
      "y": -3480.6870452610965,
      "action": "",
      "move_mode": "dash",
      "action_params": "",
      "type": "path"
    },
    {
      "id": 13,
      "x": -3096.4687519750423,
      "y": -3479.9685377885107,
      "action": "combat_script",
      "move_mode": "walk",
      "action_params": "keypress(f),wait(0.2),keypress(f)",
      "type": "path"
    },
    {
      "id": 14,
      "x": -3095.8125079001657,
      "y": -3477.156219684073,
      "action": "combat_script",
      "move_mode": "fly",
      "action_params": "keypress(f),wait(0.2),keypress(f),wait(0.2),keypress(f),wait(0.2),keypress(f),wait(0.2),keypress(f)",
      "type": "target"
    },
    {
      "id": 15,
      "x": -3098.966796875,
      "y": -3478.0517578125,
      "type": "path",
      "move_mode": "walk",
      "action": "combat_script",
      "action_params": "keypress(f);万叶 attack(0.08),keydown(E),wait(0.7),keyup(E),attack(0.2),wait(0.5);琴 attack(0.08),keydown(E),wait(0.4),moveby(1000,0),wait(0.2),moveby(1000,0),wait(0.2),moveby(1000,0),wait(0.2),moveby(1000,-3500),wait(1.8),keyup(E),wait(0.3),click(middle);"
    },
    {
      "id": 16,
      "x": -3156.6171875,
      "y": -3886.07421875,
      "action": "",
      "move_mode": "walk",
      "action_params": "",
      "type": "teleport"
    },
    {
      "id": 17,
      "x": -3177.130859375,
      "y": -3862.318359375,
      "action": "",
      "move_mode": "run",
      "action_params": "",
      "type": "path"
    },
    {
      "id": 18,
      "x": -3190.5712890625,
      "y": -3857.5703125,
      "action": "combat_script",
      "move_mode": "fly",
      "action_params": "keypress(VK_SPACE),wait(2.5),click",
      "type": "path"
    },
    {
      "id": 19,
      "x": -3228.685546875,
      "y": -3848.0908203125,
      "action": "",
      "move_mode": "dash",
      "action_params": "",
      "type": "path"
    },
    {
      "id": 20,
      "x": -3228.562496049917,
      "y": -3839.6248938942554,
      "action": "combat_script",
      "move_mode": "walk",
      "action_params": "keypress(f),wait(0.2),keypress(f),wait(0.2),keypress(f),wait(0.2),keypress(f)",
      "type": "target"
    },
    {
      "id": 21,
      "x": -3260.33984375,
      "y": -3859.4716796875,
      "action": "",
      "move_mode": "dash",
      "action_params": "",
      "type": "path"
    },
    {
      "id": 22,
      "x": -3273.0625,
      "y": -3879.003762623488,
      "action": "stop_flying",
      "move_mode": "fly",
      "action_params": "",
      "type": "path"
    },
    {
      "id": 23,
      "x": -3298.0312480249577,
      "y": -3918.9686059993473,
      "action": "combat_script",
      "move_mode": "dash",
      "action_params": "keypress(f),wait(0.2),keypress(f),wait(0.2),keypress(f)",
      "type": "target"
    },
    {
      "id": 24,
      "x": -3300.468773700497,
      "y": -3918.000037894908,
      "action": "combat_script",
      "move_mode": "walk",
      "action_params": "keypress(f),wait(0.2),keypress(f),wait(0.2),keypress(f);万叶 attack(0.08),keydown(E),wait(0.7),keyup(E),attack(0.2),wait(0.5);琴 attack(0.08),keydown(E),wait(0.4),moveby(1000,0),wait(0.2),moveby(1000,0),wait(0.2),moveby(1000,0),wait(0.2),moveby(1000,-3500),wait(1.8),keyup(E),wait(0.3),click(middle);",
      "type": "path"
    },
    {
      "id": 25,
      "x": -3300.468773700497,
      "y": -3918.000037894908,
      "action": "set_time",
      "move_mode": "walk",
      "action_params": "06:00",
      "type": "orientation"
    }
  ]
}