﻿{
  "info": {
    "name": "02【额外】须弥-水天丛林7",
    "type": "collect",
    "authors": [
      {
        "name": "汐",
        "links": ""
      }
    ],
    "version": "",
    "description": "",
    "map_name": "Teyvat",
    "bgi_version": "0.45.0",
    "tags": [],
    "last_modified_time": 1754841345890,
    "enable_monster_loot_split": false,
    "map_match_method": ""
  },
  "positions": [
    {
      "id": 1,
      "x": 3128.6962890625,
      "y": -1734.62841796875,
      "action": "",
      "move_mode": "walk",
      "type": "teleport"
    },
    {
      "id": 2,
      "x": 3162.83740234375,
      "y": -1776.4501953125,
      "action": "log_output",
      "move_mode": "walk",
      "action_params": "[额外点-水天丛林]如果没有\"降水位\"全程在水里游不懂这边在干什么?\n麻烦去bilibili搜相关攻略!!!",
      "type": "orientation"
    },
    {
      "id": 3,
      "x": 3162.83740234375,
      "y": -1776.4501953125,
      "action": "stop_flying",
      "move_mode": "fly",
      "action_params": "5000",
      "type": "path"
    },
    {
      "id": 4,
      "x": 3162.83740234375,
      "y": -1776.4501953125,
      "action": "combat_script",
      "move_mode": "walk",
      "action_params": "keypress(f),wait(0.2),keypress(f),wait(0.2),keypress(f)",
      "type": "target"
    },
    {
      "id": 5,
      "x": 3165.9248046875,
      "y": -1770.85107421875,
      "action": "",
      "move_mode": "walk",
      "type": "path"
    },
    {
      "id": 6,
      "x": 3175.1484375,
      "y": -1776.59130859375,
      "action": "",
      "move_mode": "dash",
      "type": "path"
    },
    {
      "id": 7,
      "x": 3178.7470703125,
      "y": -1766.18896484375,
      "action": "",
      "move_mode": "walk",
      "action_params": "",
      "type": "target"
    },
    {
      "id": 8,
      "x": 3185.72119140625,
      "y": -1755.3798828125,
      "action": "",
      "move_mode": "dash",
      "type": "path"
    },
    {
      "id": 9,
      "x": 3175.1171875,
      "y": -1734.619140625,
      "action": "",
      "move_mode": "dash",
      "action_params": "",
      "type": "path"
    },
    {
      "id": 10,
      "x": 3177.01318359375,
      "y": -1719.6650390625,
      "action": "combat_script",
      "move_mode": "dash",
      "action_params": "keypress(f),wait(0.2),keypress(f),wait(0.2),keypress(f)",
      "type": "target"
    },
    {
      "id": 11,
      "x": 3200.78125,
      "y": -1725.468252005715,
      "action": "",
      "move_mode": "run",
      "action_params": "",
      "type": "path"
    },
    {
      "id": 12,
      "x": 3212.3544921875,
      "y": -1695.31396484375,
      "action": "",
      "move_mode": "dash",
      "action_params": "",
      "type": "path"
    },
    {
      "id": 13,
      "x": 3239.5,
      "y": -1671.6881086596813,
      "action": "",
      "move_mode": "dash",
      "type": "path"
    },
    {
      "id": 14,
      "x": 3243.9375118502485,
      "y": -1676.0623635783286,
      "action": "combat_script",
      "move_mode": "dash",
      "action_params": "keypress(f),wait(0.2),keypress(f)keypress(f);芙宁娜 e;",
      "type": "target"
    },
    {
      "id": 15,
      "x": 3247.74853515625,
      "y": -1670.6923828125,
      "action": "",
      "move_mode": "walk",
      "action_params": "",
      "type": "path"
    },
    {
      "id": 16,
      "x": 3247.68753950083,
      "y": -1668.0624696840732,
      "action": "combat_script",
      "move_mode": "climb",
      "action_params": "keypress(f),wait(0.2),keypress(f),wait(0.2),keypress(f);万叶 attack(0.08),keydown(E),wait(0.51),keyup(E),attack(0.2),wait(0.5);琴 attack(0.08),keydown(E),wait(0.4),moveby(1000,0),wait(0.2),moveby(1000,0),wait(0.2),moveby(1000,0),wait(0.2),moveby(1000,-3500),wait(1.8),keyup(E),wait(0.3),click(middle);芙宁娜 e;",
      "type": "target"
    },
    {
      "id": 17,
      "x": 3280.98681640625,
      "y": -1663.34814453125,
      "action": "",
      "move_mode": "dash",
      "type": "path"
    },
    {
      "id": 18,
      "x": 3303.05859375,
      "y": -1658.505859375,
      "action": "combat_script",
      "move_mode": "run",
      "action_params": "keypress(f);芙宁娜 e;",
      "type": "path"
    },
    {
      "id": 19,
      "x": 3326.64697265625,
      "y": -1620.5849609375,
      "action": "",
      "move_mode": "dash",
      "type": "path"
    },
    {
      "id": 20,
      "x": 3333.64697265625,
      "y": -1609.584960937501,
      "action": "combat_script",
      "move_mode": "dash",
      "action_params": "keypress(f),wait(0.2),keypress(f),wait(0.2),keypress(f);万叶 attack(0.08),keydown(E),wait(0.51),keyup(E),attack(0.2),wait(0.5);琴 attack(0.08),keydown(E),wait(0.4),moveby(1000,0),wait(0.2),moveby(1000,0),wait(0.2),moveby(1000,0),wait(0.2),moveby(1000,-3500),wait(1.8),keyup(E),wait(0.3),click(middle);",
      "type": "target"
    },
    {
      "id": 21,
      "x": 3341.15234375,
      "y": -1621.7734375,
      "action": "",
      "move_mode": "run",
      "type": "path"
    },
    {
      "id": 22,
      "x": 3352.87890625,
      "y": -1650.6552734375,
      "action": "",
      "move_mode": "run",
      "type": "path"
    },
    {
      "id": 23,
      "x": 3343.59326171875,
      "y": -1723.4775390625,
      "action": "",
      "move_mode": "dash",
      "type": "path"
    },
    {
      "id": 24,
      "x": 3330.30322265625,
      "y": -1734.029296875,
      "action": "combat_script",
      "move_mode": "climb",
      "action_params": "keypress(f),wait(0.2),keypress(f),wait(0.2),keypress(f);万叶 attack(0.08),keydown(E),wait(0.51),keyup(E),attack(0.2),wait(0.5);琴 attack(0.08),keydown(E),wait(0.4),moveby(1000,0),wait(0.2),moveby(1000,0),wait(0.2),moveby(1000,0),wait(0.2),moveby(1000,-3500),wait(1.8),keyup(E),wait(0.3),click(middle);芙宁娜 attack(0.08),e;",
      "type": "target"
    },
    {
      "id": 25,
      "x": 3300.36376953125,
      "y": -1788.787109375,
      "action": "combat_script",
      "move_mode": "dash",
      "action_params": "keypress(f),wait(0.2),keypress(f),wait(0.2),keypress(f)",
      "type": "path"
    },
    {
      "id": 26,
      "x": 3282.2421875,
      "y": -1822.77490234375,
      "action": "",
      "move_mode": "dash",
      "type": "path"
    },
    {
      "id": 27,
      "x": 3234.1875,
      "y": -1829.9999336007622,
      "action": "combat_script",
      "move_mode": "dash",
      "action_params": "keypress(f),wait(0.2),keypress(f),wait(0.2),keypress(f);万叶 attack(0.08),keydown(E),wait(0.51),keyup(E),attack(0.2),wait(0.5);琴 attack(0.08),keydown(E),wait(0.4),moveby(1000,0),wait(0.2),moveby(1000,0),wait(0.2),moveby(1000,0),wait(0.2),moveby(1000,-3500),wait(1.8),keyup(E),wait(0.3),click(middle);",
      "type": "target"
    },
    {
      "id": 28,
      "x": 3223.75,
      "y": -1830.7515050493948,
      "action": "",
      "move_mode": "jump",
      "type": "path"
    },
    {
      "id": 29,
      "x": 3204.9062085241294,
      "y": -1832.2812272630545,
      "action": "combat_script",
      "move_mode": "dash",
      "action_params": "keypress(f),wait(0.2),keypress(f),wait(0.2),keypress(f);万叶 attack(0.08),keydown(E),wait(0.51),keyup(E),attack(0.2),wait(0.5);琴 attack(0.08),keydown(E),wait(0.4),moveby(1000,0),wait(0.2),moveby(1000,0),wait(0.2),moveby(1000,0),wait(0.2),moveby(1000,-3500),wait(1.8),keyup(E),wait(0.3),click(middle);",
      "type": "target"
    },
    {
      "id": 30,
      "x": 3202.5625,
      "y": -1832.1875,
      "action": "",
      "move_mode": "walk",
      "action_params": "",
      "type": "path"
    }
  ]
}