﻿{
  "info": {
    "name": "03【额外】须弥-凡爷屋顶罐子1",
    "type": "collect",
    "authors": [
      {
        "name": "汐",
        "links": ""
      }
    ],
    "version": "1.0",
    "description": "",
    "map_name": "Teyvat",
    "bgi_version": "0.45.0",
    "tags": [],
    "last_modified_time": 1752762953297,
    "enable_monster_loot_split": false
  },
  "positions": [
    {
      "id": 1,
      "x": 4403.0673828125,
      "y": -1870.4541015625,
      "action": "",
      "move_mode": "walk",
      "action_params": "",
      "type": "teleport"
    },
    {
      "id": 2,
      "x": 4390.72265625,
      "y": -1875.52783203125,
      "action": "",
      "move_mode": "walk",
      "action_params": "",
      "type": "path"
    },
    {
      "id": 3,
      "x": 4302.42431640625,
      "y": -1889.50146484375,
      "action": "combat_script",
      "move_mode": "dash",
      "action_params": "keypress(t),wait(2.5),keypress(t),wait(0.5),keypress(t),wait(1.6),keypress(t),wait(0.5),keypress(t),wait(0.5),keypress(t)",
      "type": "orientation"
    },
    {
      "id": 4,
      "x": 4240.0224609375,
      "y": -1850.310546875,
      "action": "",
      "move_mode": "dash",
      "action_params": "",
      "type": "path"
    },
    {
      "id": 5,
      "x": 4215.19921875,
      "y": -1831.75830078125,
      "action": "combat_script",
      "move_mode": "walk",
      "action_params": "keypress(t),wait(0.3),keypress(t),wait(0.3),keypress(t)",
      "type": "orientation"
    },
    {
      "id": 6,
      "x": 4157.42041015625,
      "y": -1827.27734375,
      "action": "",
      "move_mode": "dash",
      "action_params": "",
      "type": "path"
    },
    {
      "id": 7,
      "x": 4118.218726299502,
      "y": -1832.15625,
      "action": "stop_flying",
      "move_mode": "fly",
      "action_params": "",
      "type": "path"
    },
    {
      "id": 8,
      "x": 4114.74658203125,
      "y": -1835.58154296875,
      "action": "combat_script",
      "move_mode": "walk",
      "action_params": "keypress(f),wait(0.2),keypress(f),wait(0.2),keypress(f),",
      "type": "target"
    }
  ]
}