﻿{
  "info": {
    "name": "04【额外】枫丹-科学院瓶子3",
    "type": "collect",
    "authors": [
      {
        "name": "汐",
        "links": ""
      }
    ],
    "version": "",
    "description": "",
    "map_name": "Teyvat",
    "bgi_version": "0.45.0",
    "tags": [],
    "last_modified_time": 1752508026776,
    "enable_monster_loot_split": false
  },
  "positions": [
    {
      "id": 1,
      "x": 4301.3232421875,
      "y": 4764.947265625,
      "action": "",
      "move_mode": "walk",
      "type": "teleport"
    },
    {
      "id": 2,
      "x": 4274.67578125,
      "y": 4763.36572265625,
      "action": "",
      "move_mode": "run",
      "action_params": "",
      "type": "path"
    },
    {
      "id": 3,
      "x": 4263.67822265625,
      "y": 4730.74853515625,
      "action": "",
      "move_mode": "dash",
      "action_params": "",
      "type": "path"
    },
    {
      "id": 4,
      "x": 4282.37548828125,
      "y": 4658.40869140625,
      "action": "stop_flying",
      "move_mode": "fly",
      "action_params": "",
      "type": "path"
    },
    {
      "id": 5,
      "x": 4279.187606652239,
      "y": 4592.75,
      "action": "",
      "move_mode": "dash",
      "action_params": "",
      "type": "path"
    },
    {
      "id": 6,
      "x": 4280.90625,
      "y": 4580.906427064634,
      "action": "combat_script",
      "move_mode": "dash",
      "action_params": "attack(0.3),keypress(f),attack(0.3),keypress(f),attack(0.5),keypress(f)",
      "type": "path"
    },
    {
      "id": 7,
      "x": 4281.57421875,
      "y": 4579.0537109375,
      "action": "combat_script",
      "move_mode": "walk",
      "action_params": "attack(0.25),keypress(f),j,keypress(f),wait(0.2),keypress(f),wait(0.2),keypress(f),wait(0.2),keypress(f),wait(0.2),keypress(f)",
      "type": "target"
    },
    {
      "id": 8,
      "x": 4301.3232421875,
      "y": 4764.947265625,
      "action": "",
      "move_mode": "walk",
      "type": "teleport"
    },
    {
      "id": 9,
      "x": 4308.716796875,
      "y": 4769.0986328125,
      "action": "",
      "move_mode": "walk",
      "action_params": "",
      "type": "path"
    },
    {
      "id": 10,
      "x": 4336.39697265625,
      "y": 4785.6689453125,
      "action": "",
      "move_mode": "run",
      "action_params": "",
      "type": "path"
    },
    {
      "id": 11,
      "x": 4381.029296875,
      "y": 4827.1484375,
      "action": "combat_script",
      "move_mode": "run",
      "action_params": "attack(0.25),keypress(f),j,wait(0.5),attack(0.25),keypress(f),j,wait(0.5),attack(0.25),keypress(f)",
      "type": "target"
    },
    {
      "id": 12,
      "x": 4381.66357421875,
      "y": 4828.92529296875,
      "action": "combat_script",
      "move_mode": "walk",
      "action_params": "attack(0.25),keypress(f),j,keypress(f),wait(0.2),keypress(f),wait(0.2),keypress(f);万叶 attack(0.08),keydown(E),wait(0.51),keyup(E),attack(0.2);琴 attack(0.08),keydown(E),wait(0.4),moveby(1000,0),wait(0.2),moveby(1000,0),wait(0.2),moveby(1000,0),wait(0.2),moveby(1000,-3500),wait(1.8),keyup(E),wait(0.3),click(middle);",
      "type": "target"
    },
    {
      "id": 13,
      "x": 4439.24462890625,
      "y": 4852.3349609375,
      "action": "",
      "move_mode": "run",
      "action_params": "",
      "type": "path"
    },
    {
      "id": 14,
      "x": 4458.78173828125,
      "y": 4870.20458984375,
      "type": "path",
      "move_mode": "dash",
      "action": "combat_script",
      "action_params": "attack(0.25),keypress(f),j,wait(0.5),attack(0.25),keypress(f),j,wait(0.5),attack(0.25),keypress(f)",
      "locked": false
    },
    {
      "id": 15,
      "x": 4458.78173828125,
      "y": 4870.20458984375,
      "type": "target",
      "move_mode": "dash",
      "action": "combat_script",
      "action_params": "attack(0.25),keypress(f),j,keypress(f),wait(0.2),keypress(f),wait(0.2),keypress(f);万叶 attack(0.08),keydown(E),wait(0.51),keyup(E),attack(0.2);琴 attack(0.08),keydown(E),wait(0.4),moveby(1000,0),wait(0.2),moveby(1000,0),wait(0.2),moveby(1000,0),wait(0.2),moveby(1000,-3500),wait(1.8),keyup(E),wait(0.3),click(middle);"
    }
  ]
}