﻿{
  "info": {
    "name": "06【额外】纳塔-灵谜纹13",
    "type": "collect",
    "authors": [
      {
        "name": "汐",
        "links": ""
      }
    ],
    "version": "",
    "description": "",
    "map_name": "Teyvat",
    "bgi_version": "0.45.0",
    "tags": [],
    "last_modified_time": 1755788191640,
    "enable_monster_loot_split": false,
    "map_match_method": ""
  },
  "positions": [
    {
      "id": 1,
      "x": 9706.740234375,
      "y": -1544.9267578125,
      "action": "force_tp",
      "move_mode": "walk",
      "type": "teleport"
    },
    {
      "id": 2,
      "x": 9708.062551351079,
      "y": -1552.8425676788502,
      "action": "combat_script",
      "move_mode": "walk",
      "action_params": "keypress(t),wait(1)",
      "type": "orientation"
    },
    {
      "id": 3,
      "x": 9714.2470703125,
      "y": -1553.619140625,
      "action": "combat_script",
      "move_mode": "climb",
      "action_params": "keydown(VK_SPACE),wait(0.5),keyup(VK_SPACE)",
      "type": "path"
    },
    {
      "id": 4,
      "x": 9749.525390625,
      "y": -1556.62353515625,
      "action": "combat_script",
      "move_mode": "climb",
      "action_params": "j,wait(4.5),j,wait(0.3),mousedown,,wait(1.2)",
      "type": "path"
    },
    {
      "id": 5,
      "x": 9728.71875,
      "y": -1558.3119024068583,
      "action": "",
      "move_mode": "walk",
      "action_params": "",
      "type": "orientation"
    },
    {
      "id": 6,
      "x": 9728.71875,
      "y": -1558.3119024068583,
      "action": "combat_script",
      "move_mode": "walk",
      "action_params": "mousedown,wait(0.5),moveby(0,0),mouseup,wait(0.4),click(middle),wait(0.2),mousedown",
      "type": "orientation"
    },
    {
      "id": 7,
      "x": 9741.8935546875,
      "y": -1560.5,
      "action": "combat_script",
      "move_mode": "walk",
      "action_params": "mousedown,wait(0.5),moveby(-150,3000),wait(0.2),moveby(0,1000),wait(0.5),mouseup",
      "type": "orientation"
    },
    {
      "id": 8,
      "x": 9735.5009765625,
      "y": -1551.27734375,
      "action": "",
      "move_mode": "climb",
      "action_params": "",
      "type": "path"
    },
    {
      "id": 9,
      "x": 9725.619140625,
      "y": -1548.080078125,
      "action": "combat_script",
      "move_mode": "walk",
      "action_params": "mousedown,wait(0.5),moveby(-100,0),wait(0.3),mouseup",
      "type": "orientation"
    },
    {
      "id": 10,
      "x": 9685.828125,
      "y": -1621.1796875,
      "action": "force_tp",
      "move_mode": "walk",
      "type": "teleport"
    },
    {
      "id": 11,
      "x": 9640.75,
      "y": -1649.750265596952,
      "action": "combat_script",
      "move_mode": "fly",
      "action_params": "keypress(VK_SPACE),wait(2),click",
      "type": "path"
    },
    {
      "id": 12,
      "x": 9632.9375,
      "y": -1649.75,
      "action": "combat_script",
      "move_mode": "climb",
      "action_params": "wait(0.2),keypress(t),wait(1)",
      "type": "path"
    },
    {
      "id": 13,
      "x": 9634.3095703125,
      "y": -1604.0791015625,
      "action": "combat_script",
      "move_mode": "walk",
      "action_params": "mousedown,wait(0.5),moveby(-100,700),wait(0.5),mouseup",
      "type": "path"
    },
    {
      "id": 14,
      "x": 9471.2314453125,
      "y": -1673.68798828125,
      "action": "force_tp",
      "move_mode": "walk",
      "type": "teleport"
    },
    {
      "id": 15,
      "x": 9465.599609375,
      "y": -1683.74169921875,
      "action": "combat_script",
      "move_mode": "fly",
      "action_params": "keypress(VK_SPACE),wait(5.5),click",
      "type": "path"
    },
    {
      "id": 16,
      "x": 9462.500094801992,
      "y": -1682.562772843342,
      "action": "combat_script",
      "move_mode": "walk",
      "action_params": "click(middle),wait(0.2)",
      "type": "path"
    },
    {
      "id": 17,
      "x": 9456.8203125,
      "y": -1678.62451171875,
      "action": "combat_script",
      "move_mode": "walk",
      "action_params": "keypress(t),wait(0.2),keypress(t),wait(1)",
      "type": "orientation"
    },
    {
      "id": 18,
      "x": 9445.937371622305,
      "y": -1654.687227156658,
      "action": "",
      "move_mode": "walk",
      "action_params": "",
      "type": "path"
    },
    {
      "id": 19,
      "x": 9442.78125,
      "y": -1641.1874557338415,
      "action": "combat_script",
      "move_mode": "walk",
      "action_params": "mousedown,wait(0.5),mouseup",
      "type": "orientation"
    },
    {
      "id": 20,
      "x": 9506.048828125,
      "y": -1620.984375,
      "action": "combat_script",
      "move_mode": "walk",
      "action_params": "mousedown,wait(0.5),mouseup",
      "type": "path"
    },
    {
      "id": 21,
      "x": 9310.8916015625,
      "y": -1423.18115234375,
      "action": "force_tp",
      "move_mode": "walk",
      "type": "teleport"
    },
    {
      "id": 22,
      "x": 9316.2021484375,
      "y": -1547.384765625,
      "action": "combat_script",
      "move_mode": "run",
      "action_params": "wait(0.5)",
      "type": "path"
    },
    {
      "id": 23,
      "x": 9324,
      "y": -1569.874291741461,
      "action": "stop_flying",
      "move_mode": "fly",
      "action_params": "800",
      "type": "path"
    },
    {
      "id": 24,
      "x": 9330.85546875,
      "y": -1566.92529296875,
      "action": "combat_script",
      "move_mode": "climb",
      "action_params": "wait(0.2),keypress(t),wait(0.2),keypress(t),wait(1)",
      "type": "path"
    },
    {
      "id": 25,
      "x": 9351.0263671875,
      "y": -1568.23193359375,
      "action": "",
      "move_mode": "walk",
      "type": "path"
    },
    {
      "id": 26,
      "x": 9377.249725469235,
      "y": -1532.406522843342,
      "action": "",
      "move_mode": "walk",
      "type": "path"
    },
    {
      "id": 27,
      "x": 9365.312519750414,
      "y": -1522.9377425274151,
      "action": "combat_script",
      "move_mode": "walk",
      "action_params": "wait(0.2),mousedown,wait(0.5),moveby(0,-350),wait(0.5),mouseup,wait(0.2)",
      "type": "orientation"
    },
    {
      "id": 28,
      "x": 9384.5791089671,
      "y": -1534.5418715107808,
      "action": "combat_script",
      "move_mode": "walk",
      "action_params": "wait(0.5),keydown(VK_SPACE),wait(0.8),keyup(VK_SPACE)",
      "type": "path"
    },
    {
      "id": 29,
      "x": 9386.125,
      "y": -1556.3126106653963,
      "action": "combat_script",
      "move_mode": "walk",
      "action_params": "keypress(VK_SPACE),wait(3)",
      "type": "path"
    },
    {
      "id": 30,
      "x": 9387.359319217927,
      "y": -1554.6093742049898,
      "action": "",
      "move_mode": "walk",
      "type": "path"
    },
    {
      "id": 31,
      "x": 9396.500233054892,
      "y": -1544.375469896867,
      "action": "combat_script",
      "move_mode": "walk",
      "action_params": "mousedown,wait(0.5),moveby(0,0),wait(0.5),mouseup",
      "type": "orientation"
    },
    {
      "id": 32,
      "x": 10112.83203125,
      "y": -140.45068359375,
      "action": "force_tp",
      "move_mode": "walk",
      "type": "teleport"
    },
    {
      "id": 33,
      "x": 10114.3486328125,
      "y": -125.248046875,
      "action": "",
      "move_mode": "run",
      "type": "path"
    },
    {
      "id": 34,
      "x": 10113.01171875,
      "y": -115.5380859375,
      "action": "",
      "move_mode": "fly",
      "type": "path"
    },
    {
      "id": 35,
      "x": 10087.82421875,
      "y": -91.89111328125,
      "action": "combat_script",
      "move_mode": "fly",
      "action_params": "keypress(VK_SPACE),wait(0.5),click,wait(1),keypress(t),wait(1),keypress(t),wait(2.8),",
      "type": "path"
    },
    {
      "id": 36,
      "x": 10065.249703743779,
      "y": -88.56289410704994,
      "action": "combat_script",
      "move_mode": "walk",
      "action_params": "mousedown,wait(0.5),moveby(0,0),wait(0.5),mouseup",
      "type": "orientation"
    },
    {
      "id": 37,
      "x": 10085.5625,
      "y": -87.2763671875,
      "action": "",
      "move_mode": "walk",
      "action_params": "",
      "type": "path"
    },
    {
      "id": 38,
      "x": 10087.3232421875,
      "y": -88.92724609375,
      "action": "combat_script",
      "move_mode": "walk",
      "action_params": "keydown(VK_SPACE),wait(0.8),keyup(VK_SPACE)",
      "type": "path"
    },
    {
      "id": 39,
      "x": 10100.80859375,
      "y": -89.8603515625,
      "action": "combat_script",
      "move_mode": "fly",
      "action_params": "wait(1.0),keypress(VK_SPACE),wait(3)",
      "type": "path"
    },
    {
      "id": 40,
      "x": 10093.937417048259,
      "y": -97.18748484203661,
      "action": "combat_script",
      "move_mode": "walk",
      "action_params": "mousedown,wait(0.5),mouseup",
      "type": "orientation"
    },
    {
      "id": 41,
      "x": 10070.23828125,
      "y": 25.62353515625,
      "action": "force_tp",
      "move_mode": "walk",
      "type": "teleport"
    },
    {
      "id": 42,
      "x": 10071.25,
      "y": 76.87442453993754,
      "action": "combat_script",
      "move_mode": "run",
      "action_params": "wait(0.2),keypress(t),wait(2.8),keydown(VK_SPACE),wait(0.5),keyup(VK_SPACE)",
      "type": "path"
    },
    {
      "id": 43,
      "x": 10078.5927734375,
      "y": 99.3046875,
      "action": "combat_script",
      "move_mode": "walk",
      "action_params": "mousedown,wait(0.5),moveby(150,-700),wait(0.5),mouseup",
      "type": "path"
    },
    {
      "id": 44,
      "x": 10070.23828125,
      "y": 25.62353515625,
      "action": "force_tp",
      "move_mode": "walk",
      "type": "teleport"
    },
    {
      "id": 45,
      "x": 10061,
      "y": 98.50185917866474,
      "action": "",
      "move_mode": "run",
      "type": "path"
    },
    {
      "id": 46,
      "x": 10044.75,
      "y": 130.50026559695198,
      "action": "",
      "move_mode": "run",
      "type": "path"
    },
    {
      "id": 47,
      "x": 10035.4375,
      "y": 154.6257082585389,
      "action": "",
      "move_mode": "run",
      "action_params": "",
      "type": "path"
    },
    {
      "id": 48,
      "x": 10026.3955078125,
      "y": 158.45166015625,
      "action": "combat_script",
      "move_mode": "walk",
      "action_params": "wait(0.2),keypress(t),wait(1.35),keydown(VK_SPACE),wait(0.5),keyup(VK_SPACE),wait(0.5),mousedown",
      "type": "orientation"
    },
    {
      "id": 49,
      "x": 10024.146484375,
      "y": 145.75244140625,
      "action": "combat_script",
      "move_mode": "walk",
      "action_params": "mousedown,wait(0.2),moveby(-330,850),wait(0.5),mouseup",
      "type": "orientation"
    },
    {
      "id": 50,
      "x": 9971.1162109375,
      "y": 250.4990234375,
      "action": "force_tp",
      "move_mode": "walk",
      "type": "teleport"
    },
    {
      "id": 51,
      "x": 9965.439453125,
      "y": 251.40380859375,
      "action": "combat_script",
      "move_mode": "climb",
      "action_params": "wait(0.2),keypress(t),wait(2.8),keydown(VK_SPACE),wait(0.5),keyup(VK_SPACE),wait(0.4),mousedown,wait(0.5),moveby(700,550),wait(0.5),mouseup",
      "type": "path"
    }
  ]
}