{
  "info": {
    "name": "明蕴镇上（1）",
    "type": "collect",
    "author": "下流山汉",
    "version": "1.0",
    "description": "",
    "bgiVersion": "0.35.1"
  },
  "positions": [
    {
      "id": 1,
      "action": "",
      "move_mode": "walk",
      "type": "teleport",
      "x": -188.5185546875,
      "y": 972.458984375,
      "action_params": "",
      "locked": false
    },
    {
      "id": 2,
      "x": -213.0166015625,
      "y": 964.7021484375,
      "type": "path",
      "move_mode": "walk",
      "action": "",
      "action_params": ""
    },
    {
      "id": 3,
      "x": -237.8671875,
      "y": 979.58642578125,
      "type": "path",
      "move_mode": "run",
      "action": "",
      "action_params": ""
    },
    {
      "id": 4,
      "x": -244.5107421875,
      "y": 971.14208984375,
      "type": "path",
      "move_mode": "run",
      "action": "",
      "action_params": ""
    },
    {
      "id": 5,
      "x": -236.32421875,
      "y": 955.04248046875,
      "type": "path",
      "move_mode": "run",
      "action": "fight",
      "action_params": "",
      "locked": true
    }
  ]
}