{
  "info": {
    "name": "渌华池右（1）",
    "type": "collect",
    "author": "下流山汉",
    "version": "1.0",
    "description": "",
    "bgiVersion": "0.35.1"
  },
  "positions": [
    {
      "id": 1,
      "action": "",
      "move_mode": "walk",
      "type": "teleport",
      "x": 489.37890625,
      "y": 222.2255859375,
      "action_params": ""
    },
    {
      "id": 2,
      "x": 500.3017578125,
      "y": 200.27880859375,
      "type": "path",
      "move_mode": "fly",
      "action": "stop_flying",
      "action_params": ""
    },
    {
      "id": 3,
      "x": 510.46875,
      "y": 202.97802734375,
      "type": "path",
      "move_mode": "run",
      "action": "fight",
      "action_params": ""
    }
  ]
}