{
  "info": {
    "name": "天遒谷下（1）",
    "type": "collect",
    "author": "下流山汉",
    "version": "1.0",
    "description": "",
    "bgiVersion": "0.35.1"
  },
  "positions": [
    {
      "id": 1,
      "action": "",
      "move_mode": "walk",
      "type": "teleport",
      "x": 1268.37109375,
      "y": -64.11376953125,
      "action_params": ""
    },
    {
      "id": 2,
      "x": 1260.30859375,
      "y": -82.85498046875,
      "type": "path",
      "move_mode": "fly",
      "action": "",
      "action_params": ""
    },
    {
      "id": 3,
      "x": 1257.06640625,
      "y": -114.9267578125,
      "type": "path",
      "move_mode": "run",
      "action": "",
      "action_params": ""
    },
    {
      "id": 4,
      "x": 1254.9892578125,
      "y": -135.00830078125,
      "type": "path",
      "move_mode": "run",
      "action": "",
      "action_params": ""
    },
    {
      "id": 5,
      "x": 1253.962890625,
      "y": -143.66650390625,
      "type": "path",
      "move_mode": "run",
      "action": "fight",
      "action_params": ""
    }
  ]
}