{
  "info": {
    "name": "无郁稠林左下（1）",
    "type": "collect",
    "author": "下流山汉",
    "version": "1.0",
    "description": "",
    "bgiVersion": "0.35.1"
  },
  "positions": [
    {
      "id": 1,
      "action": "",
      "move_mode": "walk",
      "type": "teleport",
      "x": 2399.966796875,
      "y": 143.54736328125,
      "action_params": ""
    },
    {
      "id": 2,
      "x": 2402.7880859375,
      "y": 132.296875,
      "type": "path",
      "move_mode": "run",
      "action": "",
      "action_params": ""
    },
    {
      "id": 3,
      "x": 2407.0458984375,
      "y": 118.76513671875,
      "type": "path",
      "move_mode": "fly",
      "action": "stop_flying",
      "action_params": "",
      "locked": false
    },
    {
      "id": 4,
      "x": 2394.2177734375,
      "y": 113.69140625,
      "type": "path",
      "move_mode": "run",
      "action": "fight",
      "action_params": ""
    }
  ]
}