{
  "info": {
    "name": "水天丛林右（1）",
    "type": "collect",
    "author": "下流山汉",
    "version": "1.0",
    "description": "",
    "bgiVersion": "0.35.1"
  },
  "positions": [
    {
      "id": 1,
      "action": "",
      "move_mode": "walk",
      "type": "teleport",
      "x": 2965.408203125,
      "y": -1452.89306640625,
      "action_params": ""
    },
    {
      "id": 2,
      "x": 2963.3759765625,
      "y": -1463.20458984375,
      "type": "path",
      "move_mode": "walk",
      "action": "",
      "action_params": ""
    },
    {
      "id": 3,
      "x": 2965.4609375,
      "y": -1470.98583984375,
      "type": "path",
      "move_mode": "walk",
      "action": "",
      "action_params": ""
    },
    {
      "id": 4,
      "x": 2965.1494140625,
      "y": -1483.53662109375,
      "type": "path",
      "move_mode": "walk",
      "action": "",
      "action_params": ""
    },
    {
      "id": 5,
      "x": 2978.75,
      "y": -1483.44580078125,
      "type": "path",
      "move_mode": "fly",
      "action": "",
      "action_params": ""
    },
    {
      "id": 6,
      "x": 2979.8095703125,
      "y": -1473.17919921875,
      "type": "path",
      "move_mode": "run",
      "action": "",
      "action_params": ""
    },
    {
      "id": 7,
      "x": 2987.9169921875,
      "y": -1474.11669921875,
      "type": "path",
      "move_mode": "run",
      "action": "",
      "action_params": ""
    },
    {
      "id": 8,
      "x": 2990.34375,
      "y": -1484.1875,
      "type": "path",
      "move_mode": "run",
      "action": "",
      "action_params": ""
    },
    {
      "id": 9,
      "x": 2988.615234375,
      "y": -1492.8935546875,
      "type": "path",
      "move_mode": "climb",
      "action": "fight",
      "action_params": ""
    }
  ]
}