{
  "info": {
    "name": "鸡哥左下（1）",
    "type": "collect",
    "author": "下流山汉",
    "version": "1.0",
    "description": "",
    "bgiVersion": "0.35.1"
  },
  "positions": [
    {
      "id": 1,
      "action": "",
      "move_mode": "walk",
      "type": "teleport",
      "x": 4042.427734375,
      "y": -238.4912109375,
      "action_params": ""
    },
    {
      "id": 2,
      "x": 4033.2001953125,
      "y": -225.55322265625,
      "type": "path",
      "move_mode": "walk",
      "action": "",
      "action_params": ""
    },
    {
      "id": 3,
      "x": 3978.1572265625,
      "y": -169.5,
      "type": "path",
      "move_mode": "fly",
      "action": "combat_script",
      "action_params": "keypress(VK_SPACE),wait(4),click"
    },
    {
      "id": 4,
      "x": 3988.869140625,
      "y": -163.3583984375,
      "type": "path",
      "move_mode": "run",
      "action": "fight",
      "action_params": ""
    }
  ]
}