{
  "info": {
    "name": "dk20巨人峡谷下（1）",
    "type": "collect",
    "author": "下流山汉",
    "version": "1.0",
    "description": "",
    "bgiVersion": "0.35.1"
  },
  "positions": [
    {
      "id": 1,
      "x": 5207.87939453125,
      "y": -1338.74755859375,
      "action": "",
      "move_mode": "walk",
      "action_params": "",
      "type": "teleport"
    },
    {
      "id": 2,
      "x": 5200.79638671875,
      "y": -1359.921875,
      "action": "stop_flying",
      "move_mode": "fly",
      "action_params": "",
      "type": "path"
    },
    {
      "id": 3,
      "x": 5208.1201171875,
      "y": -1378.81787109375,
      "action": "",
      "move_mode": "run",
      "action_params": "",
      "type": "path"
    },
    {
      "id": 4,
      "x": 5230.10693359375,
      "y": -1392.19921875,
      "action": "",
      "move_mode": "run",
      "action_params": "",
      "type": "path"
    },
    {
      "id": 5,
      "x": 5249.32763671875,
      "y": -1398.83203125,
      "action": "fight",
      "move_mode": "run",
      "action_params": "",
      "type": "path"
    }
  ]
}