{
  "info": {
    "name": "厄里那斯左下（1）",
    "type": "collect",
    "author": "下流山汉",
    "version": "1.0",
    "description": "",
    "bgiVersion": "0.35.1"
  },
  "positions": [
    {
      "id": 1,
      "action": "",
      "move_mode": "walk",
      "type": "teleport",
      "x": 5117.431640625,
      "y": 2543.453125,
      "action_params": ""
    },
    {
      "id": 2,
      "x": 5116.5693359375,
      "y": 2554.314208984375,
      "type": "path",
      "move_mode": "walk",
      "action": "",
      "action_params": ""
    },
    {
      "id": 3,
      "x": 5112.87255859375,
      "y": 2565.609130859375,
      "type": "path",
      "move_mode": "walk",
      "action": "",
      "action_params": ""
    },
    {
      "id": 4,
      "x": 5120.76953125,
      "y": 2575.98388671875,
      "type": "path",
      "move_mode": "run",
      "action": "",
      "action_params": ""
    },
    {
      "id": 5,
      "x": 5131.458984375,
      "y": 2587.5927734375,
      "type": "path",
      "move_mode": "run",
      "action": "",
      "action_params": ""
    },
    {
      "id": 6,
      "x": 5143.02197265625,
      "y": 2598.057373046875,
      "type": "path",
      "move_mode": "run",
      "action": "",
      "action_params": ""
    },
    {
      "id": 7,
      "x": 5152.21923828125,
      "y": 2605.55126953125,
      "type": "path",
      "move_mode": "run",
      "action": "fight",
      "action_params": ""
    }
  ]
}