{
  "info": {
    "name": "仆人周本上（1）",
    "type": "collect",
    "author": "下流山汉",
    "version": "1.0",
    "description": "",
    "bgiVersion": "0.35.1"
  },
  "positions": [
    {
      "id": 1,
      "action": "",
      "move_mode": "walk",
      "type": "teleport",
      "x": 4935.01513671875,
      "y": 4183.40625,
      "action_params": ""
    },
    {
      "id": 2,
      "x": 4929.60693359375,
      "y": 4208.4208984375,
      "type": "path",
      "move_mode": "run",
      "action": "",
      "action_params": ""
    },
    {
      "id": 3,
      "x": 4915.5791015625,
      "y": 4238.263671875,
      "type": "path",
      "move_mode": "walk",
      "action": "",
      "action_params": ""
    },
    {
      "id": 4,
      "x": 4907.11474609375,
      "y": 4267.359375,
      "type": "path",
      "move_mode": "fly",
      "action": "combat_script",
      "action_params": "keypress(VK_SPACE),wait(3),click"
    },
    {
      "id": 5,
      "x": 4921.98681640625,
      "y": 4268.8583984375,
      "type": "path",
      "move_mode": "run",
      "action": "fight",
      "action_params": ""
    }
  ]
}