﻿{
  "info": {
    "authors": [
      {
        "links": "",
        "name": "汐"
      }
    ],
    "bgi_version": "0.45.0",
    "description": "",
    "enable_monster_loot_split": false,
    "last_modified_time": 1758654651884,
    "map_match_method": "",
    "map_name": "Teyvat",
    "name": "424【多人】须弥-赤王陵中间2",
    "tags": [],
    "type": "collect",
    "version": "1.0"
  },
  "positions": [
    {
      "action": "",
      "action_params": "",
      "id": 1,
      "move_mode": "walk",
      "type": "teleport",
      "x": 5391.6904296875,
      "y": -2340.310546875
    },
    {
      "action": "",
      "action_params": "",
      "id": 2,
      "move_mode": "run",
      "type": "path",
      "x": 5435.06005859375,
      "y": -2351.583984375
    },
    {
      "action": "",
      "action_params": "",
      "id": 3,
      "move_mode": "dash",
      "type": "path",
      "x": 5480.97509765625,
      "y": -2349.212890625
    },
    {
      "action": "",
      "action_params": "",
      "id": 4,
      "move_mode": "dash",
      "type": "path",
      "x": 5491.798828125,
      "y": -2338.9189453125
    },
    {
      "action": "",
      "action_params": "",
      "id": 5,
      "move_mode": "run",
      "type": "path",
      "x": 5507.7392578125,
      "y": -2349.158203125
    },
    {
      "action": "",
      "action_params": "",
      "id": 6,
      "move_mode": "dash",
      "type": "path",
      "x": 5543.96875,
      "y": -2379.5297006844467
    },
    {
      "action": "combat_script",
      "action_params": "keypress(f),wait(0.2),keypress(f);万叶 attack(0.08),keydown(E),wait(0.48),keyup(E),attack(0.2);琴 attack(0.08),keydown(E),wait(0.4),moveby(1000,0),wait(0.2),moveby(1000,0),wait(0.2),moveby(1000,0),wait(0.2),moveby(1000,-3500),wait(1.8),keyup(E),wait(0.3),click(middle);",
      "id": 7,
      "move_mode": "dash",
      "type": "target",
      "x": 5547.9267578125,
      "y": -2422.888671875
    },
    {
      "action": "",
      "action_params": "",
      "id": 8,
      "move_mode": "climb",
      "type": "path",
      "x": 5547.02490234375,
      "y": -2420.015625
    },
    {
      "action": "combat_script",
      "action_params": "keypress(f),s(0.2);万叶 attack(0.08),keydown(E),wait(0.8),keyup(E),attack(0.2);琴 attack(0.08),keydown(E),wait(0.4),moveby(1000,0),wait(0.2),moveby(1000,0),wait(0.2),moveby(1000,0),wait(0.2),moveby(1000,-3500),wait(1.8),keyup(E),wait(0.3),click(middle);",
      "id": 9,
      "move_mode": "dash",
      "type": "target",
      "x": 5562.56396484375,
      "y": -2415.0029296875
    }
  ]
}