﻿{
  "info": {
    "authors": [
      {
        "links": "",
        "name": "汐"
      }
    ],
    "bgi_version": "0.45.0",
    "description": "",
    "enable_monster_loot_split": false,
    "last_modified_time": 1758971195353,
    "map_match_method": "",
    "map_name": "Teyvat",
    "name": "426【多人】须弥-智障厅东8",
    "tags": [],
    "type": "collect",
    "version": "1.0"
  },
  "positions": [
    {
      "action": "",
      "action_params": "",
      "id": 1,
      "move_mode": "walk",
      "type": "teleport",
      "x": 5384.2529296875,
      "y": -2456.419921875
    },
    {
      "action": "",
      "action_params": "",
      "id": 2,
      "move_mode": "climb",
      "type": "orientation",
      "x": 5347.8359375,
      "y": -2418.6884765625
    },
    {
      "action": "stop_flying",
      "action_params": "",
      "id": 3,
      "move_mode": "fly",
      "type": "path",
      "x": 5347.8359375,
      "y": -2418.6884765625
    },
    {
      "action": "",
      "action_params": "",
      "id": 4,
      "move_mode": "dash",
      "type": "target",
      "x": 5345.8076171875,
      "y": -2402.2041015625
    },
    {
      "action": "",
      "action_params": "",
      "id": 5,
      "move_mode": "dash",
      "type": "orientation",
      "x": 5326.99560546875,
      "y": -2396.5771484375
    },
    {
      "action": "",
      "action_params": "",
      "id": 6,
      "move_mode": "dash",
      "type": "path",
      "x": 5326.99560546875,
      "y": -2396.5771484375
    },
    {
      "action": "combat_script",
      "action_params": "keypress(f);万叶 attack(0.08),keydown(E),wait(0.51),keyup(E),attack(0.2);琴 attack(0.08),keydown(E),wait(0.4),moveby(1000,0),wait(0.2),moveby(1000,0),wait(0.2),moveby(1000,0),wait(0.2),moveby(1000,-3500),wait(1.8),keyup(E),wait(0.3),click(middle);",
      "id": 7,
      "move_mode": "climb",
      "type": "target",
      "x": 5326.39892578125,
      "y": -2393.9716796875
    },
    {
      "action": "",
      "action_params": "",
      "id": 8,
      "move_mode": "dash",
      "type": "path",
      "x": 5311.59326171875,
      "y": -2398.6923828125
    },
    {
      "action": "log_output",
      "action_params": "这里0层,这电梯口需要打开!!!没开的去-3楼F一下",
      "id": 9,
      "move_mode": "fly",
      "type": "orientation",
      "x": 5304.04833984375,
      "y": -2399.296875
    },
    {
      "action": "combat_script",
      "action_params": "wait(1),s(3.5),attack(0.2)",
      "id": 10,
      "move_mode": "fly",
      "type": "path",
      "x": 5304.04833984375,
      "y": -2399.296875
    },
    {
      "action": "",
      "action_params": "",
      "id": 11,
      "move_mode": "walk",
      "type": "path",
      "x": 5314.99853515625,
      "y": -2399.236328125
    },
    {
      "action": "combat_script",
      "action_params": "keypress(f);万叶 attack(0.08),keydown(E),wait(0.48),keyup(E),attack(0.2);琴 attack(0.08),keydown(E),wait(0.4),moveby(1000,0),wait(0.2),moveby(1000,0),wait(0.2),moveby(1000,0),wait(0.2),moveby(1000,-3500),wait(1.8),keyup(E),wait(0.3),click(middle);",
      "id": 12,
      "move_mode": "climb",
      "type": "target",
      "x": 5312.28515625,
      "y": -2393.658203125
    },
    {
      "action": "",
      "action_params": "",
      "id": 13,
      "move_mode": "climb",
      "type": "path",
      "x": 5319.59375,
      "y": -2392.6565598631096
    },
    {
      "action": "",
      "action_params": "",
      "id": 14,
      "move_mode": "climb",
      "type": "path",
      "x": 5318.6875,
      "y": -2388.0941815950464
    },
    {
      "action": "combat_script",
      "action_params": "keypress(f);万叶 attack(0.08),keydown(E),wait(0.51),keyup(E),attack(0.2);琴 attack(0.08),keydown(E),wait(0.4),moveby(1000,0),wait(0.2),moveby(1000,0),wait(0.2),moveby(1000,0),wait(0.2),moveby(1000,-3500),wait(1.8),keyup(E),wait(0.3),click(middle);",
      "id": 15,
      "move_mode": "dash",
      "type": "target",
      "x": 5301.91748046875,
      "y": -2376.5556640625
    },
    {
      "action": "",
      "action_params": "",
      "id": 16,
      "move_mode": "dash",
      "type": "path",
      "x": 5317.375,
      "y": -2375.780984403049
    },
    {
      "action": "",
      "action_params": "",
      "id": 17,
      "move_mode": "dash",
      "type": "path",
      "x": 5319.15625,
      "y": -2366.8123340019047
    },
    {
      "action": "combat_script",
      "action_params": "keypress(f),wait(0.2),keypress(f),wait(0.2),keypress(f);万叶 attack(0.08),keydown(E),wait(0.51),keyup(E),attack(0.2);琴 attack(0.08),keydown(E),wait(0.4),moveby(1000,0),wait(0.2),moveby(1000,0),wait(0.2),moveby(1000,0),wait(0.2),moveby(1000,-3500),wait(1.8),keyup(E),wait(0.3),click(middle);",
      "id": 18,
      "move_mode": "run",
      "type": "target",
      "x": 5327.5068359375,
      "y": -2368.138671875
    },
    {
      "action": "",
      "action_params": "",
      "id": 19,
      "move_mode": "dash",
      "type": "path",
      "x": 5319.39892578125,
      "y": -2352.201171875
    },
    {
      "action": "",
      "action_params": "",
      "id": 20,
      "move_mode": "dash",
      "type": "path",
      "x": 5322.375,
      "y": -2343.0313274657783
    },
    {
      "action": "combat_script",
      "action_params": "keypress(f);万叶 attack(0.08),keydown(E),wait(0.51),keyup(E),attack(0.2);琴 attack(0.08),keydown(E),wait(0.4),moveby(1000,0),wait(0.2),moveby(1000,0),wait(0.2),moveby(1000,0),wait(0.2),moveby(1000,-3500),wait(1.8),keyup(E),wait(0.3),click(middle);",
      "id": 21,
      "move_mode": "run",
      "type": "target",
      "x": 5332.78369140625,
      "y": -2344.4716796875
    },
    {
      "action": "",
      "action_params": "",
      "id": 22,
      "move_mode": "dash",
      "type": "path",
      "x": 5325.4345703125,
      "y": -2342.47265625
    },
    {
      "action": "",
      "action_params": "",
      "id": 23,
      "move_mode": "dash",
      "type": "path",
      "x": 5319.50390625,
      "y": -2351.3359375
    },
    {
      "action": "log_output",
      "action_params": "这里-1层,这电梯口需要打开!!!",
      "id": 24,
      "move_mode": "run",
      "type": "orientation",
      "x": 5304.5751953125,
      "y": -2361.8916015625
    },
    {
      "action": "combat_script",
      "action_params": "attack(0.3)",
      "id": 25,
      "move_mode": "run",
      "type": "path",
      "x": 5304.5751953125,
      "y": -2361.8916015625
    },
    {
      "action": "",
      "action_params": "",
      "id": 26,
      "move_mode": "climb",
      "type": "path",
      "x": 5306.95263671875,
      "y": -2362.7685546875
    },
    {
      "action": "combat_script",
      "action_params": "keypress(f),s(0.2);万叶 attack(0.08),keydown(E),wait(0.51),keyup(E),attack(0.2);琴 attack(0.08),keydown(E),wait(0.4),moveby(1000,0),wait(0.2),moveby(1000,0),wait(0.2),moveby(1000,0),wait(0.2),moveby(1000,-3500),wait(1.8),keyup(E),wait(0.3),click(middle);",
      "id": 27,
      "move_mode": "run",
      "type": "target",
      "x": 5324.94287109375,
      "y": -2351.375
    },
    {
      "action": "",
      "action_params": "",
      "id": 28,
      "move_mode": "dash",
      "type": "path",
      "x": 5322.7373046875,
      "y": -2356.3583984375
    },
    {
      "action": "log_output",
      "action_params": "这里-2层,这电梯口需要打开!!!",
      "id": 29,
      "move_mode": "dash",
      "type": "orientation",
      "x": 5332.29443359375,
      "y": -2359.8193359375
    },
    {
      "action": "combat_script",
      "action_params": "attack(0.3)",
      "id": 30,
      "move_mode": "dash",
      "type": "path",
      "x": 5332.29443359375,
      "y": -2359.8193359375
    },
    {
      "action": "combat_script",
      "action_params": "keypress(f);万叶 attack(0.08),keydown(E),wait(0.51),keyup(E),attack(0.2);琴 attack(0.08),keydown(E),wait(0.4),moveby(1000,0),wait(0.2),moveby(1000,0),wait(0.2),moveby(1000,0),wait(0.2),moveby(1000,-3500),wait(1.8),keyup(E),wait(0.3),click(middle);",
      "id": 31,
      "move_mode": "dash",
      "type": "target",
      "x": 5304.96875,
      "y": -2359.7109375
    },
    {
      "action": "",
      "action_params": "",
      "id": 32,
      "move_mode": "dash",
      "type": "path",
      "x": 5319.51904296875,
      "y": -2390.2255859375
    },
    {
      "action": "",
      "action_params": "",
      "id": 33,
      "move_mode": "dash",
      "type": "path",
      "x": 5321.63037109375,
      "y": -2397.12109375
    },
    {
      "action": "",
      "action_params": "",
      "id": 34,
      "move_mode": "dash",
      "type": "path",
      "x": 5336.044921875,
      "y": -2403.048828125
    },
    {
      "action": "combat_script",
      "action_params": "keypress(f),wait(0.2),keypress(f),wait(0.2),keypress(f),s(0.2);万叶 attack(0.08),keydown(E),wait(0.51),keyup(E),attack(0.2);琴 attack(0.08),keydown(E),wait(0.4),moveby(1000,0),wait(0.2),moveby(1000,0),wait(0.2),moveby(1000,0),wait(0.2),moveby(1000,-3500),wait(1.8),keyup(E),wait(0.3),click(middle);",
      "id": 35,
      "move_mode": "climb",
      "type": "target",
      "x": 5336.0830078125,
      "y": -2403.33203125
    }
  ]
}