﻿{
  "info": {
    "authors": [
      {
        "links": "",
        "name": "汐"
      }
    ],
    "bgi_version": "0.45.0",
    "description": "",
    "enable_monster_loot_split": false,
    "last_modified_time": 1758654875394,
    "map_match_method": "",
    "map_name": "Teyvat",
    "name": "430【多人】须弥-智障厅北2",
    "tags": [],
    "type": "collect",
    "version": "1.0"
  },
  "positions": [
    {
      "action": "",
      "action_params": "",
      "id": 1,
      "move_mode": "walk",
      "type": "teleport",
      "x": 5384.333984375,
      "y": -2456.1328125
    },
    {
      "action": "",
      "action_params": "",
      "id": 2,
      "move_mode": "fly",
      "type": "path",
      "x": 5348.494140625,
      "y": -2419.1298828125
    },
    {
      "action": "",
      "action_params": "",
      "id": 3,
      "move_mode": "dash",
      "type": "path",
      "x": 5348.33984375,
      "y": -2374.7216796875
    },
    {
      "action": "",
      "action_params": "",
      "id": 4,
      "move_mode": "climb",
      "type": "path",
      "x": 5353.5234375,
      "y": -2369.6875
    },
    {
      "action": "stop_flying",
      "action_params": "",
      "id": 5,
      "move_mode": "fly",
      "type": "path",
      "x": 5379.775390625,
      "y": -2313.2294921875
    },
    {
      "action": "",
      "action_params": "",
      "id": 6,
      "move_mode": "dash",
      "type": "target",
      "x": 5369.083984375,
      "y": -2258.17578125
    },
    {
      "action": "",
      "action_params": "",
      "id": 7,
      "move_mode": "dash",
      "type": "path",
      "x": 5372.447265625,
      "y": -2247.62109375
    },
    {
      "action": "",
      "action_params": "",
      "id": 8,
      "move_mode": "dash",
      "type": "path",
      "x": 5402.89453125,
      "y": -2221.646484375
    },
    {
      "action": "combat_script",
      "action_params": "keypress(f),wait(0.2),keypress(f);万叶 attack(0.08),keydown(E),wait(0.7),keyup(E),attack(0.2);琴 attack(0.08),keydown(E),wait(0.4),moveby(1000,0),wait(0.2),moveby(1000,0),wait(0.2),moveby(1000,0),wait(0.2),moveby(1000,-3500),wait(1.8),keyup(E),wait(0.3),click(middle);",
      "id": 9,
      "move_mode": "climb",
      "type": "target",
      "x": 5409.244140625,
      "y": -2217.9765625
    },
    {
      "action": "",
      "action_params": "",
      "id": 10,
      "move_mode": "climb",
      "type": "path",
      "x": 5403.775390625,
      "y": -2208.6435546875
    },
    {
      "action": "combat_script",
      "action_params": "keypress(f);万叶 attack(0.08),keydown(E),wait(0.7),keyup(E),attack(0.2);琴 attack(0.08),keydown(E),wait(0.4),moveby(1000,0),wait(0.2),moveby(1000,0),wait(0.2),moveby(1000,0),wait(0.2),moveby(1000,-3500),wait(1.8),keyup(E),wait(0.3),click(middle);",
      "id": 11,
      "move_mode": "climb",
      "type": "target",
      "x": 5411.224609375,
      "y": -2201.208984375
    }
  ]
}