{
  "info": {
    "name": "茸蕈窟上（1）",
    "type": "collect",
    "author": "下流山汉",
    "version": "1.0",
    "description": "",
    "bgiVersion": "0.35.1"
  },
  "positions": [
    {
      "id": 1,
      "action": "",
      "move_mode": "walk",
      "type": "teleport",
      "x": 2803.8291015625,
      "y": 9.3564453125,
      "action_params": ""
    },
    {
      "id": 2,
      "x": 2819.9365234375,
      "y": 34.5673828125,
      "type": "path",
      "move_mode": "walk",
      "action": "",
      "action_params": ""
    },
    {
      "id": 3,
      "x": 2828.841796875,
      "y": 49.8369140625,
      "type": "path",
      "move_mode": "fly",
      "action": "combat_script",
      "action_params": "keypress(VK_SPACE),wait(1),click"
    },
    {
      "id": 4,
      "x": 2841.6552734375,
      "y": 61.19873046875,
      "type": "path",
      "move_mode": "run",
      "action": "",
      "action_params": ""
    },
    {
      "id": 5,
      "x": 2848.3955078125,
      "y": 77.26171875,
      "type": "path",
      "move_mode": "run",
      "action": "",
      "action_params": ""
    },
    {
      "id": 6,
      "x": 2849.0927734375,
      "y": 89.958984375,
      "type": "path",
      "move_mode": "run",
      "action": "fight",
      "action_params": ""
    }
  ]
}