{
  "info": {
    "name": "草本上（1）",
    "type": "collect",
    "author": "下流山汉",
    "version": "1.0",
    "description": "",
    "bgiVersion": "0.35.1"
  },
  "positions": [
    {
      "id": 1,
      "action": "",
      "move_mode": "walk",
      "type": "teleport",
      "x": 2217.1796875,
      "y": -564.3603515625,
      "action_params": ""
    },
    {
      "id": 2,
      "x": 2211.54296875,
      "y": -530.87158203125,
      "type": "path",
      "move_mode": "run",
      "action": "",
      "action_params": ""
    },
    {
      "id": 3,
      "x": 2199.4404296875,
      "y": -495.39794921875,
      "type": "path",
      "move_mode": "run",
      "action": "",
      "action_params": ""
    },
    {
      "id": 4,
      "x": 2176.548828125,
      "y": -492.53076171875,
      "type": "path",
      "move_mode": "run",
      "action": "fight",
      "action_params": ""
    }
  ]
}