{
  "info": {
    "name": "须弥城左下（3）",
    "type": "collect",
    "author": "下流山汉",
    "version": "1.0",
    "description": "",
    "bgiVersion": "0.35.1"
  },
  "positions": [
    {
      "id": 1,
      "action": "",
      "move_mode": "walk",
      "type": "teleport",
      "x": 3252.8310546875,
      "y": -591.3193359375,
      "action_params": "",
      "locked": false
    },
    {
      "id": 2,
      "x": 3271.0966796875,
      "y": -556.3427734375,
      "type": "path",
      "move_mode": "run",
      "action": "",
      "action_params": "",
      "locked": false
    },
    {
      "id": 3,
      "x": 3260.6337890625,
      "y": -520.9951171875,
      "type": "path",
      "move_mode": "run",
      "action": "",
      "action_params": "",
      "locked": false
    },
    {
      "id": 4,
      "x": 3239.7529296875,
      "y": -526.85888671875,
      "type": "path",
      "move_mode": "run",
      "action": "",
      "action_params": "",
      "locked": false
    },
    {
      "id": 5,
      "x": 3240.5712890625,
      "y": -520.24365234375,
      "type": "path",
      "move_mode": "run",
      "action": "fight",
      "action_params": "",
      "locked": false
    },
    {
      "id": 6,
      "x": 3067.7890625,
      "y": -713.76318359375,
      "type": "teleport",
      "move_mode": "walk",
      "action": "",
      "action_params": "",
      "locked": false
    },
    {
      "id": 7,
      "x": 3041.798828125,
      "y": -707.84619140625,
      "type": "path",
      "move_mode": "walk",
      "action": "",
      "action_params": ""
    },
    {
      "id": 8,
      "x": 3002.146484375,
      "y": -687.62841796875,
      "type": "path",
      "move_mode": "fly",
      "action": "stop_flying",
      "action_params": ""
    },
    {
      "id": 9,
      "x": 3002.3447265625,
      "y": -667.193359375,
      "type": "path",
      "move_mode": "run",
      "action": "",
      "action_params": ""
    },
    {
      "id": 10,
      "x": 3027.7392578125,
      "y": -637.625,
      "type": "path",
      "move_mode": "run",
      "action": "fight",
      "action_params": ""
    },
    {
      "id": 11,
      "x": 3204.7060546875,
      "y": -911.66845703125,
      "type": "teleport",
      "move_mode": "walk",
      "action": "",
      "action_params": "",
      "locked": true
    },
    {
      "id": 12,
      "x": 3206.2412109375,
      "y": -903.0869140625,
      "type": "path",
      "move_mode": "walk",
      "action": "",
      "action_params": "",
      "locked": false
    },
    {
      "id": 13,
      "x": 3208.0009765625,
      "y": -889.0087890625,
      "type": "path",
      "move_mode": "fly",
      "action": "stop_flying",
      "action_params": "",
      "locked": false
    },
    {
      "id": 14,
      "x": 3214.4482421875,
      "y": -880.19970703125,
      "type": "path",
      "move_mode": "walk",
      "action": "",
      "action_params": "",
      "locked": false
    },
    {
      "id": 15,
      "x": 3217.9482421875,
      "y": -838.486328125,
      "type": "path",
      "move_mode": "walk",
      "action": "",
      "action_params": "",
      "locked": false
    },
    {
      "id": 16,
      "x": 3202.314453125,
      "y": -812.00537109375,
      "type": "path",
      "move_mode": "fly",
      "action": "stop_flying",
      "action_params": "",
      "locked": false
    },
    {
      "id": 17,
      "x": 3208.794921875,
      "y": -803.64501953125,
      "type": "path",
      "move_mode": "run",
      "action": "fight",
      "action_params": "",
      "locked": false
    }
  ]
}