{
  "info": {
    "name": "降诸魔山（3）",
    "type": "collect",
    "author": "下流山汉",
    "version": "1.0",
    "description": "",
    "bgiVersion": "0.35.1"
  },
  "positions": [
    {
      "id": 1,
      "x": 2246.0576171875,
      "y": -1680.35205078125,
      "action": "",
      "move_mode": "walk",
      "action_params": "",
      "type": "teleport"
    },
    {
      "id": 2,
      "x": 2261.98046875,
      "y": -1669.4169921875,
      "action": "",
      "move_mode": "walk",
      "action_params": "",
      "type": "path"
    },
    {
      "id": 3,
      "x": 2308.48046875,
      "y": -1622.43603515625,
      "action": "combat_script",
      "move_mode": "fly",
      "action_params": "keypress(VK_SPACE),wait(3),click",
      "type": "path"
    },
    {
      "id": 4,
      "x": 2314.994140625,
      "y": -1603.1240234375,
      "action": "fight",
      "move_mode": "run",
      "action_params": "",
      "type": "path"
    },
    {
      "id": 5,
      "x": 2300.865234375,
      "y": -1578.134765625,
      "action": "",
      "move_mode": "walk",
      "action_params": "",
      "type": "path"
    },
    {
      "id": 6,
      "x": 2278.1767578125,
      "y": -1551.8125,
      "action": "",
      "move_mode": "walk",
      "action_params": "",
      "type": "path"
    },
    {
      "id": 7,
      "x": 2259.87109375,
      "y": -1532.78271484375,
      "action": "",
      "move_mode": "walk",
      "action_params": "",
      "type": "path"
    },
    {
      "id": 8,
      "x": 2249.55859375,
      "y": -1523.8828125,
      "action": "",
      "move_mode": "walk",
      "action_params": "",
      "type": "path"
    },
    {
      "id": 9,
      "x": 2261.525390625,
      "y": -1505.53369140625,
      "action": "",
      "move_mode": "walk",
      "action_params": "",
      "type": "path"
    },
    {
      "id": 10,
      "x": 2298.9013671875,
      "y": -1480.8935546875,
      "action": "combat_script",
      "move_mode": "fly",
      "action_params": "keypress(VK_SPACE),wait(4),click",
      "type": "path"
    },
    {
      "id": 11,
      "x": 2283.279296875,
      "y": -1482.12109375,
      "action": "fight",
      "move_mode": "run",
      "action_params": "",
      "type": "path"
    },
    {
      "id": 12,
      "x": 2301.5615234375,
      "y": -1481.619140625,
      "action": "",
      "move_mode": "walk",
      "action_params": "",
      "type": "path"
    },
    {
      "id": 13,
      "x": 2335.2255859375,
      "y": -1472.916015625,
      "action": "",
      "move_mode": "walk",
      "action_params": "",
      "type": "path"
    },
    {
      "id": 14,
      "x": 2353.5888671875,
      "y": -1459.5830078125,
      "action": "stop_flying",
      "move_mode": "fly",
      "action_params": "",
      "type": "path"
    },
    {
      "id": 15,
      "x": 2369.0263671875,
      "y": -1458.95556640625,
      "action": "",
      "move_mode": "walk",
      "action_params": "",
      "type": "path"
    },
    {
      "id": 16,
      "x": 2395.322265625,
      "y": -1451.859375,
      "action": "stop_flying",
      "move_mode": "fly",
      "action_params": "",
      "type": "path"
    },
    {
      "id": 17,
      "x": 2413.7470703125,
      "y": -1462.58251953125,
      "type": "path",
      "move_mode": "run",
      "action": "fight",
      "action_params": ""
    }
  ]
}