{
  "info": {
    "name": "舍身陷坑左上（2）",
    "type": "collect",
    "author": "下流山汉",
    "version": "1.0",
    "description": "",
    "bgiVersion": "0.35.1"
  },
  "positions": [
    {
      "id": 1,
      "action": "",
      "move_mode": "walk",
      "type": "teleport",
      "x": 4409.7900390625,
      "y": -1874.611328125,
      "action_params": ""
    },
    {
      "id": 2,
      "x": 4431.7705078125,
      "y": -1884.02197265625,
      "type": "path",
      "move_mode": "walk",
      "action": "",
      "action_params": ""
    },
    {
      "id": 3,
      "x": 4443.2470703125,
      "y": -1887.87939453125,
      "type": "path",
      "move_mode": "fly",
      "action": "combat_script",
      "action_params": "keypress(VK_SPACE),wait(3),click"
    },
    {
      "id": 4,
      "x": 4458.06005859375,
      "y": -1907.70068359375,
      "type": "path",
      "move_mode": "walk",
      "action": "",
      "action_params": ""
    },
    {
      "id": 5,
      "x": 4534.9560546875,
      "y": -1927.259765625,
      "type": "path",
      "move_mode": "walk",
      "action": "",
      "action_params": ""
    },
    {
      "id": 6,
      "x": 4561.94287109375,
      "y": -1938.31689453125,
      "type": "path",
      "move_mode": "fly",
      "action": "combat_script",
      "action_params": "keypress(VK_SPACE),wait(2),click"
    },
    {
      "id": 7,
      "x": 4600.00634765625,
      "y": -1953.03857421875,
      "type": "path",
      "move_mode": "walk",
      "action": "",
      "action_params": ""
    },
    {
      "id": 8,
      "x": 4615.18115234375,
      "y": -1968.21826171875,
      "type": "path",
      "move_mode": "run",
      "action": "",
      "action_params": ""
    },
    {
      "id": 9,
      "x": 4665.4873046875,
      "y": -1969.8310546875,
      "type": "path",
      "move_mode": "run",
      "action": "",
      "action_params": ""
    },
    {
      "id": 10,
      "x": 4677.88818359375,
      "y": -1953.17724609375,
      "type": "path",
      "move_mode": "run",
      "action": "fight",
      "action_params": ""
    }
  ]
}