{
  "info": {
    "name": "荼诃落谷上（1）",
    "type": "collect",
    "author": "下流山汉",
    "version": "1.0",
    "description": "",
    "bgiVersion": "0.35.1"
  },
  "positions": [
    {
      "id": 1,
      "action": "",
      "move_mode": "walk",
      "type": "teleport",
      "x": 4470.7060546875,
      "y": -2915.3037109375,
      "action_params": ""
    },
    {
      "id": 2,
      "x": 4462.15478515625,
      "y": -2899.609375,
      "type": "path",
      "move_mode": "walk",
      "action": "",
      "action_params": ""
    },
    {
      "id": 3,
      "x": 4437.228515625,
      "y": -2851.921875,
      "type": "path",
      "move_mode": "fly",
      "action": "combat_script",
      "action_params": "keypress(VK_SPACE),wait(2),click"
    },
    {
      "id": 4,
      "x": 4434.25439453125,
      "y": -2830.1328125,
      "type": "path",
      "move_mode": "run",
      "action": "",
      "action_params": ""
    },
    {
      "id": 5,
      "x": 4411.04736328125,
      "y": -2812.7197265625,
      "type": "path",
      "move_mode": "run",
      "action": "fight",
      "action_params": ""
    }
  ]
}