{
  "info": {
    "name": "荼诃落谷左下（2）",
    "type": "collect",
    "author": "下流山汉",
    "version": "1.0",
    "description": "",
    "bgiVersion": "0.35.1"
  },
  "positions": [
    {
      "id": 1,
      "x": 4790.83203125,
      "y": -3182.40234375,
      "action": "",
      "move_mode": "walk",
      "action_params": "",
      "type": "teleport"
    },
    {
      "id": 2,
      "x": 4775.2197265625,
      "y": -3214.1025390625,
      "action": "",
      "move_mode": "run",
      "action_params": "",
      "type": "path"
    },
    {
      "id": 3,
      "x": 4754.4970703125,
      "y": -3238.83203125,
      "action": "fight",
      "move_mode": "run",
      "action_params": "",
      "type": "path"
    },
    {
      "id": 4,
      "x": 4743.9443359375,
      "y": -3239.0966796875,
      "action": "",
      "move_mode": "walk",
      "action_params": "",
      "type": "path"
    },
    {
      "id": 5,
      "x": 4719.4697265625,
      "y": -3246.2646484375,
      "action": "",
      "move_mode": "walk",
      "action_params": "",
      "type": "path"
    },
    {
      "id": 6,
      "x": 4640.60205078125,
      "y": -3338.8623046875,
      "action": "combat_script",
      "move_mode": "fly",
      "action_params": "keypress(VK_SPACE),wait(5),click",
      "type": "path"
    },
    {
      "id": 7,
      "x": 4625.75146484375,
      "y": -3367.1982421875,
      "action": "",
      "move_mode": "run",
      "action_params": "",
      "type": "path"
    },
    {
      "id": 8,
      "x": 4619.37841796875,
      "y": -3396.4365234375,
      "action": "",
      "move_mode": "run",
      "action_params": "",
      "type": "path"
    },
    {
      "id": 9,
      "x": 4615.45703125,
      "y": -3409.90234375,
      "action": "fight",
      "move_mode": "run",
      "action_params": "",
      "type": "path"
    }
  ]
}