{
  "info": {
    "name": "鸡哥下（1）",
    "type": "collect",
    "author": "下流山汉",
    "version": "1.0",
    "description": "",
    "bgiVersion": "0.35.1"
  },
  "positions": [
    {
      "id": 1,
      "action": "",
      "move_mode": "walk",
      "type": "teleport",
      "x": 4042.4345703125,
      "y": -238.47509765625,
      "action_params": "",
      "locked": false
    },
    {
      "id": 2,
      "x": 4024.3017578125,
      "y": -241.841796875,
      "type": "path",
      "move_mode": "walk",
      "action": "",
      "action_params": "",
      "locked": false
    },
    {
      "id": 3,
      "x": 3962.2724609375,
      "y": -254.3564453125,
      "type": "path",
      "move_mode": "fly",
      "action": "combat_script",
      "action_params": "keypress(VK_SPACE),wait(2),click",
      "locked": false
    },
    {
      "id": 4,
      "x": 3936.1123046875,
      "y": -253.6875,
      "type": "path",
      "move_mode": "run",
      "action": "",
      "action_params": "",
      "locked": false
    },
    {
      "id": 5,
      "x": 3932.7734375,
      "y": -258.67578125,
      "type": "path",
      "move_mode": "run",
      "action": "fight",
      "action_params": ""
    },
    {
      "id": 6,
      "x": 3936.1123046875,
      "y": -253.6875,
      "type": "path",
      "move_mode": "run",
      "action": "",
      "action_params": "",
      "locked": false
    },
    {
      "id": 7,
      "x": 3922.3720703125,
      "y": -252.1884765625,
      "type": "path",
      "move_mode": "run",
      "action": "",
      "action_params": "",
      "locked": false
    },
    {
      "id": 8,
      "x": 3905.8173828125,
      "y": -265.919921875,
      "type": "path",
      "move_mode": "run",
      "action": "fight",
      "action_params": "",
      "locked": false
    }
  ]
}