{
  "info": {
    "name": "往昔桓那兰那上（1）",
    "type": "collect",
    "author": "下流山汉",
    "version": "1.0",
    "description": "",
    "bgiVersion": "0.35.1"
  },
  "positions": [
    {
      "id": 1,
      "x": 4042.408203125,
      "y": -238.45703125,
      "action": "",
      "move_mode": "walk",
      "action_params": "",
      "type": "teleport"
    },
    {
      "id": 2,
      "x": 4041.22265625,
      "y": -254.04541015625,
      "action": "",
      "move_mode": "walk",
      "action_params": "",
      "type": "path"
    },
    {
      "id": 3,
      "x": 4039.5859375,
      "y": -271.9892578125,
      "action": "",
      "move_mode": "walk",
      "action_params": "",
      "type": "path"
    },
    {
      "id": 4,
      "x": 4039,
      "y": -289.6435546875,
      "action": "",
      "move_mode": "walk",
      "action_params": "",
      "type": "path"
    },
    {
      "id": 5,
      "x": 4032.1748046875,
      "y": -318.40673828125,
      "action": "",
      "move_mode": "walk",
      "action_params": "",
      "type": "path"
    },
    {
      "id": 6,
      "x": 4033.46484375,
      "y": -337.53125,
      "action": "",
      "move_mode": "walk",
      "action_params": "",
      "type": "path"
    },
    {
      "id": 7,
      "x": 4028.5361328125,
      "y": -345.951171875,
      "action": "",
      "move_mode": "walk",
      "action_params": "",
      "type": "path"
    },
    {
      "id": 8,
      "x": 4028.84765625,
      "y": -365.86083984375,
      "action": "stop_flying",
      "move_mode": "fly",
      "action_params": "",
      "type": "path"
    },
    {
      "id": 9,
      "x": 4025.0986328125,
      "y": -382.91796875,
      "action": "",
      "move_mode": "walk",
      "action_params": "",
      "type": "path"
    },
    {
      "id": 10,
      "x": 4023.140625,
      "y": -399.67236328125,
      "action": "",
      "move_mode": "walk",
      "action_params": "",
      "type": "path"
    },
    {
      "id": 11,
      "x": 4020.8154296875,
      "y": -424.96142578125,
      "action": "",
      "move_mode": "walk",
      "action_params": "",
      "type": "path"
    },
    {
      "id": 12,
      "x": 4018.6806640625,
      "y": -435.43212890625,
      "action": "",
      "move_mode": "walk",
      "action_params": "",
      "type": "path"
    },
    {
      "id": 13,
      "x": 4012.2509765625,
      "y": -464.10205078125,
      "action": "stop_flying",
      "move_mode": "fly",
      "action_params": "",
      "type": "path"
    },
    {
      "id": 14,
      "x": 4002.8369140625,
      "y": -481.98779296875,
      "action": "",
      "move_mode": "run",
      "action_params": "",
      "type": "path"
    },
    {
      "id": 15,
      "x": 4003.701171875,
      "y": -488.216796875,
      "type": "path",
      "move_mode": "run",
      "action": "fight",
      "action_params": ""
    }
  ]
}