{
  "info": {
    "name": "五绿洲右（3）",
    "type": "collect",
    "author": "下流山汉",
    "version": "1.0",
    "description": "",
    "bgiVersion": "0.35.1"
  },
  "positions": [
    {
      "id": 1,
      "x": 4273.03466796875,
      "y": -520.6982421875,
      "action": "",
      "move_mode": "walk",
      "action_params": "",
      "type": "teleport"
    },
    {
      "id": 2,
      "x": 4269.8310546875,
      "y": -517.97705078125,
      "action": "",
      "move_mode": "fly",
      "action_params": "",
      "type": "path"
    },
    {
      "id": 3,
      "x": 4272.5322265625,
      "y": -497.52734375,
      "action": "",
      "move_mode": "walk",
      "action_params": "",
      "type": "path"
    },
    {
      "id": 4,
      "x": 4255.0634765625,
      "y": -446.70703125,
      "action": "",
      "move_mode": "walk",
      "action_params": "",
      "type": "path"
    },
    {
      "id": 5,
      "x": 4261.09814453125,
      "y": -402.15966796875,
      "action": "",
      "move_mode": "walk",
      "action_params": "",
      "type": "path"
    },
    {
      "id": 6,
      "x": 4271.9423828125,
      "y": -361.26953125,
      "action": "",
      "move_mode": "walk",
      "action_params": "",
      "type": "path"
    },
    {
      "id": 7,
      "x": 4298.3515625,
      "y": -316.6220703125,
      "action": "",
      "move_mode": "walk",
      "action_params": "",
      "type": "path"
    },
    {
      "id": 8,
      "x": 4325.220703125,
      "y": -278.48193359375,
      "action": "",
      "move_mode": "walk",
      "action_params": "",
      "type": "path"
    },
    {
      "id": 9,
      "x": 4353.22119140625,
      "y": -235.90380859375,
      "action": "",
      "move_mode": "walk",
      "action_params": "",
      "type": "path"
    },
    {
      "id": 10,
      "x": 4393.66943359375,
      "y": -214.8076171875,
      "action": "",
      "move_mode": "run",
      "action_params": "",
      "type": "path"
    },
    {
      "id": 11,
      "x": 4435.625,
      "y": -197.50830078125,
      "action": "fight",
      "move_mode": "run",
      "action_params": "",
      "type": "path"
    },
    {
      "id": 12,
      "x": 4421.4228515625,
      "y": -207.3193359375,
      "action": "",
      "move_mode": "walk",
      "action_params": "",
      "type": "path"
    },
    {
      "id": 13,
      "x": 4437.224609375,
      "y": -236.7958984375,
      "action": "",
      "move_mode": "walk",
      "action_params": "",
      "type": "path"
    },
    {
      "id": 14,
      "x": 4450.83447265625,
      "y": -241.32470703125,
      "action": "stop_flying",
      "move_mode": "fly",
      "action_params": "",
      "type": "path"
    },
    {
      "id": 15,
      "x": 4451.73876953125,
      "y": -272.82373046875,
      "action": "",
      "move_mode": "walk",
      "action_params": "",
      "type": "path"
    },
    {
      "id": 16,
      "x": 4464.76220703125,
      "y": -284.3583984375,
      "action": "",
      "move_mode": "walk",
      "action_params": "",
      "type": "path"
    },
    {
      "id": 17,
      "x": 4479.22021484375,
      "y": -289.49951171875,
      "action": "stop_flying",
      "move_mode": "fly",
      "action_params": "",
      "type": "path"
    },
    {
      "id": 18,
      "x": 4498.98974609375,
      "y": -301.6884765625,
      "action": "",
      "move_mode": "run",
      "action_params": "",
      "type": "path"
    },
    {
      "id": 19,
      "x": 4515.03515625,
      "y": -297.7294921875,
      "type": "path",
      "move_mode": "run",
      "action": "fight",
      "action_params": ""
    }
  ]
}