{
  "info": {
    "name": "三运河上（1）",
    "type": "collect",
    "author": "下流山汉",
    "version": "1.0",
    "description": "",
    "bgiVersion": "0.35.1"
  },
  "positions": [
    {
      "id": 1,
      "x": 5300.56689453125,
      "y": -198.0234375,
      "type": "teleport",
      "move_mode": "walk",
      "action": "",
      "action_params": "",
      "locked": false
    },
    {
      "id": 2,
      "x": 5310.40478515625,
      "y": -189.11279296875,
      "type": "path",
      "move_mode": "fly",
      "action": "stop_flying",
      "action_params": "",
      "locked": false
    },
    {
      "id": 3,
      "x": 5329.2138671875,
      "y": -181.7578125,
      "type": "path",
      "move_mode": "walk",
      "action": "",
      "action_params": "",
      "locked": false
    },
    {
      "id": 4,
      "x": 5364.92822265625,
      "y": -199.5361328125,
      "type": "path",
      "move_mode": "walk",
      "action": "",
      "action_params": "",
      "locked": false
    },
    {
      "id": 5,
      "x": 5404.29931640625,
      "y": -216.7021484375,
      "type": "path",
      "move_mode": "walk",
      "action": "",
      "action_params": "",
      "locked": false
    },
    {
      "id": 6,
      "x": 5439.7236328125,
      "y": -231.6591796875,
      "type": "path",
      "move_mode": "walk",
      "action": "",
      "action_params": "",
      "locked": false
    },
    {
      "id": 7,
      "x": 5473.23291015625,
      "y": -257.24072265625,
      "type": "path",
      "move_mode": "walk",
      "action": "",
      "action_params": "",
      "locked": false
    },
    {
      "id": 8,
      "x": 5505.080078125,
      "y": -273.12890625,
      "type": "path",
      "move_mode": "walk",
      "action": "",
      "action_params": "",
      "locked": false
    },
    {
      "id": 9,
      "x": 5525.83056640625,
      "y": -278.76171875,
      "type": "path",
      "move_mode": "walk",
      "action": "",
      "action_params": "",
      "locked": false
    },
    {
      "id": 10,
      "x": 5536.01171875,
      "y": -273.15478515625,
      "type": "path",
      "move_mode": "walk",
      "action": "",
      "action_params": "",
      "locked": false
    },
    {
      "id": 11,
      "x": 5560.02294921875,
      "y": -263.7001953125,
      "type": "path",
      "move_mode": "walk",
      "action": "",
      "action_params": ""
    },
    {
      "id": 12,
      "x": 5554.6533203125,
      "y": -253.14990234375,
      "type": "path",
      "move_mode": "walk",
      "action": "",
      "action_params": ""
    },
    {
      "id": 13,
      "x": 5541.1484375,
      "y": -256.04736328125,
      "type": "path",
      "move_mode": "walk",
      "action": "",
      "action_params": ""
    },
    {
      "id": 14,
      "x": 5536.82080078125,
      "y": -245.74951171875,
      "type": "path",
      "move_mode": "walk",
      "action": "",
      "action_params": ""
    },
    {
      "id": 15,
      "x": 5511.943359375,
      "y": -239.98046875,
      "type": "path",
      "move_mode": "walk",
      "action": "",
      "action_params": ""
    },
    {
      "id": 16,
      "x": 5502.638671875,
      "y": -215.35986328125,
      "type": "path",
      "move_mode": "walk",
      "action": "",
      "action_params": ""
    },
    {
      "id": 17,
      "x": 5485.32666015625,
      "y": -210.99658203125,
      "type": "path",
      "move_mode": "walk",
      "action": "",
      "action_params": ""
    },
    {
      "id": 18,
      "x": 5482.10107421875,
      "y": -202.30322265625,
      "type": "path",
      "move_mode": "walk",
      "action": "",
      "action_params": ""
    },
    {
      "id": 19,
      "x": 5492.84375,
      "y": -198.5908203125,
      "type": "path",
      "move_mode": "walk",
      "action": "",
      "action_params": ""
    },
    {
      "id": 20,
      "x": 5494.00048828125,
      "y": -206.455078125,
      "type": "path",
      "move_mode": "walk",
      "action": "",
      "action_params": ""
    },
    {
      "id": 21,
      "x": 5491.68505859375,
      "y": -213.7685546875,
      "type": "path",
      "move_mode": "walk",
      "action": "fight",
      "action_params": "",
      "locked": false
    }
  ]
}