{
  "info": {
    "name": "铁穆山左（1）",
    "type": "collect",
    "author": "下流山汉",
    "version": "1.0",
    "description": "",
    "bgiVersion": "0.35.1"
  },
  "positions": [
    {
      "id": 1,
      "x": 6160.6923828125,
      "y": 1.80322265625,
      "action": "",
      "move_mode": "walk",
      "action_params": "",
      "type": "teleport"
    },
    {
      "id": 2,
      "x": 6162.23828125,
      "y": 19.1591796875,
      "action": "",
      "move_mode": "walk",
      "action_params": "",
      "type": "path"
    },
    {
      "id": 3,
      "x": 6176.14111328125,
      "y": 19.72216796875,
      "action": "",
      "move_mode": "walk",
      "action_params": "",
      "type": "path"
    },
    {
      "id": 4,
      "x": 6178.6396484375,
      "y": 28.42138671875,
      "action": "",
      "move_mode": "walk",
      "action_params": "",
      "type": "path"
    },
    {
      "id": 5,
      "x": 6181.47021484375,
      "y": 32.69140625,
      "action": "",
      "move_mode": "walk",
      "action_params": "",
      "type": "path"
    },
    {
      "id": 6,
      "x": 6184.173828125,
      "y": 35.73388671875,
      "action": "",
      "move_mode": "walk",
      "action_params": "",
      "type": "path"
    },
    {
      "id": 7,
      "x": 6188.36962890625,
      "y": 36.53271484375,
      "action": "",
      "move_mode": "fly",
      "action_params": "",
      "type": "path"
    },
    {
      "id": 8,
      "x": 6193.57470703125,
      "y": 41.763671875,
      "action": "",
      "move_mode": "walk",
      "action_params": "",
      "type": "path"
    },
    {
      "id": 9,
      "x": 6205.6162109375,
      "y": 50.904296875,
      "action": "",
      "move_mode": "walk",
      "action_params": "",
      "type": "path"
    },
    {
      "id": 10,
      "x": 6218.80126953125,
      "y": 77.37841796875,
      "action": "",
      "move_mode": "walk",
      "action_params": "",
      "type": "path"
    },
    {
      "id": 11,
      "x": 6225.31103515625,
      "y": 109.5712890625,
      "action": "",
      "move_mode": "walk",
      "action_params": "",
      "type": "path"
    },
    {
      "id": 12,
      "x": 6232.7451171875,
      "y": 145.38916015625,
      "action": "",
      "move_mode": "walk",
      "action_params": "",
      "type": "path"
    },
    {
      "id": 13,
      "x": 6241.84521484375,
      "y": 184.5908203125,
      "action": "",
      "move_mode": "run",
      "action_params": "",
      "type": "path"
    },
    {
      "id": 14,
      "x": 6246.03125,
      "y": 209.6357421875,
      "action": "",
      "move_mode": "run",
      "action_params": "",
      "type": "path"
    },
    {
      "id": 15,
      "x": 6250.01513671875,
      "y": 241.1875,
      "type": "path",
      "move_mode": "run",
      "action": "fight",
      "action_params": ""
    }
  ]
}