{
  "info": {
    "name": "荼泥黑渊右上（1）",
    "type": "collect",
    "author": "下流山汉",
    "version": "1.0",
    "description": "",
    "bgiVersion": "0.35.1"
  },
  "positions": [
    {
      "id": 1,
      "action": "",
      "move_mode": "walk",
      "type": "teleport",
      "x": 6339.580078125,
      "y": 738.43701171875,
      "action_params": ""
    },
    {
      "id": 2,
      "x": 6327.16943359375,
      "y": 720.578125,
      "type": "path",
      "move_mode": "walk",
      "action": "",
      "action_params": ""
    },
    {
      "id": 3,
      "x": 6311.86474609375,
      "y": 692.30517578125,
      "type": "path",
      "move_mode": "walk",
      "action": "",
      "action_params": ""
    },
    {
      "id": 4,
      "x": 6297.79541015625,
      "y": 667.8359375,
      "type": "path",
      "move_mode": "walk",
      "action": "",
      "action_params": ""
    },
    {
      "id": 5,
      "x": 6294.45556640625,
      "y": 661.35302734375,
      "type": "path",
      "move_mode": "fly",
      "action": "",
      "action_params": ""
    },
    {
      "id": 6,
      "x": 6304.650390625,
      "y": 650.4169921875,
      "type": "path",
      "move_mode": "walk",
      "action": "",
      "action_params": ""
    },
    {
      "id": 7,
      "x": 6308.67041015625,
      "y": 646.35791015625,
      "type": "path",
      "move_mode": "fly",
      "action": "",
      "action_params": ""
    },
    {
      "id": 8,
      "x": 6312.0830078125,
      "y": 640.15869140625,
      "type": "path",
      "move_mode": "walk",
      "action": "",
      "action_params": ""
    },
    {
      "id": 9,
      "x": 6322.3837890625,
      "y": 642.8203125,
      "type": "path",
      "move_mode": "run",
      "action": "",
      "action_params": ""
    },
    {
      "id": 10,
      "x": 6337.728515625,
      "y": 644.2109375,
      "type": "path",
      "move_mode": "run",
      "action": "",
      "action_params": ""
    },
    {
      "id": 11,
      "x": 6354.34912109375,
      "y": 656.1494140625,
      "type": "path",
      "move_mode": "run",
      "action": "fight",
      "action_params": ""
    }
  ]
}