{"macroEvents":[{"type":0,"keyCode":32,"mouseX":0,"mouseY":0,"time":612.9898},{"type":1,"keyCode":32,"mouseX":0,"mouseY":0,"time":740.2174},{"type":0,"keyCode":32,"mouseX":0,"mouseY":0,"time":1358.352},{"type":1,"keyCode":32,"mouseX":0,"mouseY":0,"time":1484.2358},{"type":0,"keyCode":32,"mouseX":0,"mouseY":0,"time":2104.7526},{"type":1,"keyCode":32,"mouseX":0,"mouseY":0,"time":2228.4275},{"type":4,"mouseX":959,"mouseY":539,"mouseButton":"Right","time":4746.9362},{"type":5,"mouseX":959,"mouseY":539,"mouseButton":"Right","time":4904.851},{"type":4,"mouseX":959,"mouseY":539,"mouseButton":"Right","time":7259.2512},{"type":5,"mouseX":959,"mouseY":539,"mouseButton":"Right","time":7364.7398},{"type":4,"mouseX":959,"mouseY":539,"mouseButton":"Right","time":9500.3642},{"type":5,"mouseX":959,"mouseY":539,"mouseButton":"Right","time":9628.7645},{"type":4,"mouseX":959,"mouseY":539,"mouseButton":"Right","time":12172.2548},{"type":3,"mouseX":-3,"mouseY":2,"time":12213.8501},{"type":3,"mouseX":-1,"mouseY":0,"time":12238.8626},{"type":5,"mouseX":960,"mouseY":540,"mouseButton":"Right","time":12309.9256},{"type":4,"mouseX":960,"mouseY":540,"mouseButton":"Right","time":14388.6767},{"type":5,"mouseX":960,"mouseY":540,"mouseButton":"Right","time":14532.4387},{"type":0,"keyCode":68,"mouseX":0,"mouseY":0,"time":16876.1824},{"type":1,"keyCode":68,"mouseX":0,"mouseY":0,"time":16968.9881},{"type":0,"keyCode":68,"mouseX":0,"mouseY":0,"time":17617.1721},{"type":1,"keyCode":68,"mouseX":0,"mouseY":0,"time":17709.5299},{"type":0,"keyCode":68,"mouseX":0,"mouseY":0,"time":18468.5592},{"type":1,"keyCode":68,"mouseX":0,"mouseY":0,"time":18603.0228},{"type":0,"keyCode":68,"mouseX":0,"mouseY":0,"time":19255.5192},{"type":1,"keyCode":68,"mouseX":0,"mouseY":0,"time":19301.0472},{"type":0,"keyCode":68,"mouseX":0,"mouseY":0,"time":20062.707},{"type":1,"keyCode":68,"mouseX":0,"mouseY":0,"time":20159.6157},{"type":0,"keyCode":68,"mouseX":0,"mouseY":0,"time":20905.6893},{"type":1,"keyCode":68,"mouseX":0,"mouseY":0,"time":21020.2542},{"type":0,"keyCode":68,"mouseX":0,"mouseY":0,"time":22228.2241},{"type":1,"keyCode":68,"mouseX":0,"mouseY":0,"time":22360.6317},{"type":0,"keyCode":87,"mouseX":0,"mouseY":0,"time":24476.5367},{"type":1,"keyCode":87,"mouseX":0,"mouseY":0,"time":24610.5862},{"type":0,"keyCode":70,"mouseX":0,"mouseY":0,"time":26292.3657},{"type":0,"keyCode":87,"mouseX":0,"mouseY":0,"time":26300.3875},{"type":1,"keyCode":70,"mouseX":0,"mouseY":0,"time":26426.7072},{"type":1,"keyCode":87,"mouseX":0,"mouseY":0,"time":26428.1209},{"type":0,"keyCode":87,"mouseX":0,"mouseY":0,"time":26521.7273},{"type":0,"keyCode":70,"mouseX":0,"mouseY":0,"time":26524.9095},{"type":1,"keyCode":87,"mouseX":0,"mouseY":0,"time":26572.2736},{"type":1,"keyCode":70,"mouseX":0,"mouseY":0,"time":26604.2138},{"type":0,"keyCode":70,"mouseX":0,"mouseY":0,"time":26841.6353},{"type":0,"keyCode":87,"mouseX":0,"mouseY":0,"time":26843.228},{"type":1,"keyCode":70,"mouseX":0,"mouseY":0,"time":26887.691},{"type":1,"keyCode":87,"mouseX":0,"mouseY":0,"time":26889.3882},{"type":0,"keyCode":87,"mouseX":0,"mouseY":0,"time":32020.3992},{"type":1,"keyCode":87,"mouseX":0,"mouseY":0,"time":32131.4796},{"type":0,"keyCode":70,"mouseX":0,"mouseY":0,"time":32176.8679},{"type":1,"keyCode":70,"mouseX":0,"mouseY":0,"time":32274.7859},{"type":0,"keyCode":87,"mouseX":0,"mouseY":0,"time":32322.1043},{"type":1,"keyCode":87,"mouseX":0,"mouseY":0,"time":32380.491},{"type":0,"keyCode":87,"mouseX":0,"mouseY":0,"time":32716.5566},{"type":1,"keyCode":87,"mouseX":0,"mouseY":0,"time":32804.272},{"type":0,"keyCode":70,"mouseX":0,"mouseY":0,"time":32852.2721},{"type":1,"keyCode":70,"mouseX":0,"mouseY":0,"time":32931.0345},{"type":0,"keyCode":87,"mouseX":0,"mouseY":0,"time":33411.3535},{"type":1,"keyCode":87,"mouseX":0,"mouseY":0,"time":33506.6632},{"type":0,"keyCode":70,"mouseX":0,"mouseY":0,"time":33572.3252},{"type":1,"keyCode":70,"mouseX":0,"mouseY":0,"time":33652.1042},{"type":0,"keyCode":87,"mouseX":0,"mouseY":0,"time":34052.4123},{"type":1,"keyCode":87,"mouseX":0,"mouseY":0,"time":34139.86},{"type":0,"keyCode":70,"mouseX":0,"mouseY":0,"time":34185.9233},{"type":1,"keyCode":70,"mouseX":0,"mouseY":0,"time":34281.1992},{"type":0,"keyCode":87,"mouseX":0,"mouseY":0,"time":34292.3338},{"type":1,"keyCode":87,"mouseX":0,"mouseY":0,"time":34379.0138},{"type":0,"keyCode":87,"mouseX":0,"mouseY":0,"time":34657.5514},{"type":0,"keyCode":70,"mouseX":0,"mouseY":0,"time":34668.4652},{"type":1,"keyCode":87,"mouseX":0,"mouseY":0,"time":34752.9867},{"type":1,"keyCode":70,"mouseX":0,"mouseY":0,"time":34764.303},{"type":0,"keyCode":70,"mouseX":0,"mouseY":0,"time":34876.2169},{"type":0,"keyCode":87,"mouseX":0,"mouseY":0,"time":34927.8169},{"type":1,"keyCode":70,"mouseX":0,"mouseY":0,"time":34975.5825},{"type":1,"keyCode":87,"mouseX":0,"mouseY":0,"time":34978.3947},{"type":2,"mouseX":961,"mouseY":561,"time":35900.2271},{"type":2,"mouseX":975,"mouseY":646,"time":35957.7382},{"type":2,"mouseX":975,"mouseY":647,"time":36005.3599},{"type":2,"mouseX":986,"mouseY":647,"time":36053.4366},{"type":2,"mouseX":1067,"mouseY":646,"time":36102.1756},{"type":2,"mouseX":1190,"mouseY":684,"time":36150.9659},{"type":2,"mouseX":1269,"mouseY":700,"time":36197.4277},{"type":2,"mouseX":1348,"mouseY":737,"time":36219.9644},{"type":2,"mouseX":1411,"mouseY":768,"time":36244.1089},{"type":2,"mouseX":1424,"mouseY":780,"time":36267.9643},{"type":2,"mouseX":1425,"mouseY":780,"time":36292.0147},{"type":2,"mouseX":1426,"mouseY":781,"time":36329.3635},{"type":2,"mouseX":1426,"mouseY":787,"time":36425.8668},{"type":2,"mouseX":1426,"mouseY":789,"time":36472.9924},{"type":2,"mouseX":1425,"mouseY":789,"time":37787.9658},{"type":2,"mouseX":1406,"mouseY":786,"time":37816.8723},{"type":2,"mouseX":1340,"mouseY":773,"time":37863.9444},{"type":2,"mouseX":1069,"mouseY":606,"time":37911.116},{"type":2,"mouseX":923,"mouseY":500,"time":37931.9693},{"type":2,"mouseX":884,"mouseY":469,"time":37956.1238},{"type":2,"mouseX":880,"mouseY":464,"time":37979.9428},{"type":2,"mouseX":877,"mouseY":459,"time":38004.0797},{"type":2,"mouseX":876,"mouseY":453,"time":38056.3092},{"type":2,"mouseX":930,"mouseY":514,"time":38214.9287},{"type":2,"mouseX":957,"mouseY":543,"time":38261.0341},{"type":2,"mouseX":975,"mouseY":557,"time":38284.1116},{"type":2,"mouseX":996,"mouseY":567,"time":38308.1692},{"type":2,"mouseX":1023,"mouseY":575,"time":38357.8343},{"type":2,"mouseX":1021,"mouseY":552,"time":38448.0035},{"type":2,"mouseX":1011,"mouseY":534,"time":38475.989},{"type":2,"mouseX":1005,"mouseY":528,"time":38500.1227},{"type":2,"mouseX":1004,"mouseY":527,"time":38523.9839},{"type":0,"keyCode":32,"mouseX":0,"mouseY":0,"time":41444.1648},{"type":1,"keyCode":32,"mouseX":0,"mouseY":0,"time":41532.315},{"type":0,"keyCode":32,"mouseX":0,"mouseY":0,"time":41806.93},{"type":1,"keyCode":32,"mouseX":0,"mouseY":0,"time":41852.2451},{"type":0,"keyCode":32,"mouseX":0,"mouseY":0,"time":42031.2914}],"info":{"name":"","description":"","x":0,"y":0,"width":1920,"height":1080,"recordDpi":1.25}}