{
  "info": {
    "name": "荼诃落谷左上（2）",
    "type": "collect",
    "author": "下流山汉",
    "version": "1.0",
    "description": "",
    "bgiVersion": "0.35.1"
  },
  "positions": [
    {
      "id": 1,
      "action": "",
      "move_mode": "walk",
      "type": "teleport",
      "x": 4810.32275390625,
      "y": -2732.9404296875,
      "action_params": ""
    },
    {
      "id": 2,
      "x": 4809.4541015625,
      "y": -2759.81640625,
      "type": "path",
      "move_mode": "walk",
      "action": "",
      "action_params": ""
    },
    {
      "id": 3,
      "x": 4766.23876953125,
      "y": -2806.7646484375,
      "type": "path",
      "move_mode": "walk",
      "action": "",
      "action_params": ""
    },
    {
      "id": 4,
      "x": 4731.462890625,
      "y": -2848.7421875,
      "type": "path",
      "move_mode": "run",
      "action": "",
      "action_params": ""
    },
    {
      "id": 5,
      "x": 4700.16552734375,
      "y": -2876.392578125,
      "type": "path",
      "move_mode": "run",
      "action": "",
      "action_params": ""
    },
    {
      "id": 6,
      "x": 4705.1435546875,
      "y": -2870.04296875,
      "type": "path",
      "move_mode": "run",
      "action": "fight",
      "action_params": ""
    }
  ]
}