{
  "info": {
    "name": "丰饶绿洲左（2）",
    "type": "collect",
    "author": "下流山汉",
    "version": "1.0",
    "description": "",
    "bgiVersion": "0.35.1"
  },
  "positions": [
    {
      "id": 1,
      "action": "",
      "move_mode": "walk",
      "type": "teleport",
      "x": 4795.62353515625,
      "y": -2576.4853515625,
      "action_params": ""
    },
    {
      "id": 2,
      "x": 4816.00830078125,
      "y": -2566.466796875,
      "type": "path",
      "move_mode": "fly",
      "action": "stop_flying",
      "action_params": ""
    },
    {
      "id": 3,
      "x": 4870.9990234375,
      "y": -2549.099609375,
      "type": "path",
      "move_mode": "walk",
      "action": "",
      "action_params": ""
    },
    {
      "id": 4,
      "x": 4915.1865234375,
      "y": -2520.806640625,
      "type": "path",
      "move_mode": "walk",
      "action": "",
      "action_params": ""
    },
    {
      "id": 5,
      "x": 4928.896484375,
      "y": -2509.458984375,
      "type": "path",
      "move_mode": "fly",
      "action": "stop_flying",
      "action_params": ""
    },
    {
      "id": 6,
      "x": 4971.44189453125,
      "y": -2493.4326171875,
      "type": "path",
      "move_mode": "run",
      "action": "fight",
      "action_params": ""
    },
    {
      "id": 7,
      "x": 4987.08154296875,
      "y": -2514.7578125,
      "type": "path",
      "move_mode": "run",
      "action": "",
      "action_params": ""
    },
    {
      "id": 8,
      "x": 5025.18505859375,
      "y": -2562.0859375,
      "type": "path",
      "move_mode": "run",
      "action": "",
      "action_params": ""
    },
    {
      "id": 9,
      "x": 5062.1015625,
      "y": -2606.595703125,
      "type": "path",
      "move_mode": "run",
      "action": "fight",
      "action_params": ""
    }
  ]
}