{
  "info": {
    "name": "神的棋盘（4）",
    "type": "collect",
    "author": "下流山汉",
    "version": "1.0",
    "description": "",
    "bgiVersion": "0.35.1"
  },
  "positions": [
    {
      "id": 1,
      "action": "",
      "move_mode": "walk",
      "type": "teleport",
      "x": 5759.392578125,
      "y": -1307.943359375,
      "action_params": ""
    },
    {
      "id": 2,
      "x": 5757.810546875,
      "y": -1336.98046875,
      "type": "path",
      "move_mode": "fly",
      "action": "stop_flying",
      "action_params": ""
    },
    {
      "id": 3,
      "x": 5769.14111328125,
      "y": -1357.58740234375,
      "type": "path",
      "move_mode": "walk",
      "action": "",
      "action_params": ""
    },
    {
      "id": 4,
      "x": 5775.78076171875,
      "y": -1377.349609375,
      "type": "path",
      "move_mode": "walk",
      "action": "",
      "action_params": ""
    },
    {
      "id": 5,
      "x": 5761.025390625,
      "y": -1383.064453125,
      "type": "path",
      "move_mode": "walk",
      "action": "",
      "action_params": ""
    },
    {
      "id": 6,
      "x": 5755.2685546875,
      "y": -1408.91748046875,
      "type": "path",
      "move_mode": "walk",
      "action": "",
      "action_params": ""
    },
    {
      "id": 7,
      "x": 5737.5908203125,
      "y": -1417.42724609375,
      "type": "path",
      "move_mode": "walk",
      "action": "",
      "action_params": ""
    },
    {
      "id": 8,
      "x": 5724.5009765625,
      "y": -1448.18798828125,
      "type": "path",
      "move_mode": "run",
      "action": "",
      "action_params": ""
    },
    {
      "id": 9,
      "x": 5701.47314453125,
      "y": -1478.06787109375,
      "type": "path",
      "move_mode": "run",
      "action": "",
      "action_params": ""
    },
    {
      "id": 10,
      "x": 5685.39794921875,
      "y": -1500.9091796875,
      "type": "path",
      "move_mode": "run",
      "action": "fight",
      "action_params": ""
    },
    {
      "id": 11,
      "x": 5678.35009765625,
      "y": -1483.1015625,
      "type": "path",
      "move_mode": "run",
      "action": "",
      "action_params": ""
    },
    {
      "id": 12,
      "x": 5665.2841796875,
      "y": -1486.4580078125,
      "type": "path",
      "move_mode": "run",
      "action": "",
      "action_params": ""
    },
    {
      "id": 13,
      "x": 5643.74169921875,
      "y": -1493.640625,
      "type": "path",
      "move_mode": "run",
      "action": "",
      "action_params": ""
    },
    {
      "id": 14,
      "x": 5635.97314453125,
      "y": -1488.958984375,
      "type": "path",
      "move_mode": "run",
      "action": "fight",
      "action_params": ""
    },
    {
      "id": 15,
      "x": 5631.68359375,
      "y": -1478.6708984375,
      "type": "path",
      "move_mode": "fly",
      "action": "stop_flying",
      "action_params": ""
    },
    {
      "id": 16,
      "x": 5621.45263671875,
      "y": -1480.1025390625,
      "type": "path",
      "move_mode": "run",
      "action": "",
      "action_params": ""
    },
    {
      "id": 17,
      "x": 5608.32080078125,
      "y": -1484.33544921875,
      "type": "path",
      "move_mode": "run",
      "action": "",
      "action_params": ""
    },
    {
      "id": 18,
      "x": 5593.4130859375,
      "y": -1488.9287109375,
      "type": "path",
      "move_mode": "run",
      "action": "",
      "action_params": ""
    },
    {
      "id": 19,
      "x": 5580.41162109375,
      "y": -1487.35302734375,
      "type": "path",
      "move_mode": "run",
      "action": "fight",
      "action_params": ""
    },
    {
      "id": 20,
      "x": 5577.57470703125,
      "y": -1498.44189453125,
      "type": "path",
      "move_mode": "run",
      "action": "",
      "action_params": ""
    },
    {
      "id": 21,
      "x": 5572.9306640625,
      "y": -1506.03271484375,
      "type": "path",
      "move_mode": "run",
      "action": "",
      "action_params": ""
    },
    {
      "id": 22,
      "x": 5561.220703125,
      "y": -1509.13720703125,
      "type": "path",
      "move_mode": "run",
      "action": "",
      "action_params": ""
    },
    {
      "id": 23,
      "x": 5556.10400390625,
      "y": -1522.01025390625,
      "type": "path",
      "move_mode": "run",
      "action": "",
      "action_params": ""
    },
    {
      "id": 24,
      "x": 5533.083984375,
      "y": -1523.23291015625,
      "type": "path",
      "move_mode": "run",
      "action": "",
      "action_params": ""
    },
    {
      "id": 25,
      "x": 5525.14111328125,
      "y": -1521.3623046875,
      "type": "path",
      "move_mode": "run",
      "action": "fight",
      "action_params": ""
    }
  ]
}