{
  "info": {
    "name": "神的棋盘中（1）",
    "type": "collect",
    "author": "下流山汉",
    "version": "1.0",
    "description": "",
    "bgiVersion": "0.35.1"
  },
  "positions": [
    {
      "id": 1,
      "x": 5759.4111328125,
      "y": -1307.5146484375,
      "action": "",
      "move_mode": "walk",
      "action_params": "",
      "type": "teleport",
      "locked": false
    },
    {
      "id": 2,
      "x": 5748.5810546875,
      "y": -1317.48388671875,
      "action": "stop_flying",
      "move_mode": "fly",
      "action_params": "",
      "type": "path",
      "locked": false
    },
    {
      "id": 3,
      "x": 5738.18310546875,
      "y": -1347.28662109375,
      "action": "",
      "move_mode": "walk",
      "action_params": "",
      "type": "path",
      "locked": false
    },
    {
      "id": 4,
      "x": 5705.44482421875,
      "y": -1378.03662109375,
      "action": "",
      "move_mode": "walk",
      "action_params": "",
      "type": "path",
      "locked": false
    },
    {
      "id": 5,
      "x": 5691.080078125,
      "y": -1386.82568359375,
      "action": "",
      "move_mode": "run",
      "action_params": "",
      "type": "path",
      "locked": false
    },
    {
      "id": 6,
      "x": 5675.50390625,
      "y": -1388.66162109375,
      "action": "",
      "move_mode": "run",
      "action_params": "",
      "type": "path",
      "locked": false
    },
    {
      "id": 7,
      "x": 5662.6796875,
      "y": -1392.76611328125,
      "action": "fight",
      "move_mode": "run",
      "action_params": "",
      "type": "path",
      "locked": false
    }
  ]
}