{
  "info": {
    "name": "神的棋盘上（2）",
    "type": "collect",
    "author": "下流山汉",
    "version": "1.0",
    "description": "",
    "bgiVersion": "0.35.1"
  },
  "positions": [
    {
      "id": 1,
      "x": 5759.52099609375,
      "y": -1307.6875,
      "action": "",
      "move_mode": "walk",
      "action_params": "",
      "type": "teleport",
      "locked": false
    },
    {
      "id": 2,
      "x": 5767.671875,
      "y": -1303.0341796875,
      "action": "",
      "move_mode": "walk",
      "action_params": "",
      "type": "path",
      "locked": false
    },
    {
      "id": 3,
      "x": 5777.72802734375,
      "y": -1284.05029296875,
      "action": "",
      "move_mode": "walk",
      "action_params": "",
      "type": "path",
      "locked": false
    },
    {
      "id": 4,
      "x": 5772.63134765625,
      "y": -1265.705078125,
      "action": "",
      "move_mode": "run",
      "action_params": "",
      "type": "path",
      "locked": false
    },
    {
      "id": 5,
      "x": 5768.958984375,
      "y": -1250.93310546875,
      "action": "",
      "move_mode": "walk",
      "action_params": "",
      "type": "path",
      "locked": false
    },
    {
      "id": 6,
      "x": 5767.52685546875,
      "y": -1244.6845703125,
      "action": "",
      "move_mode": "walk",
      "action_params": "",
      "type": "path",
      "locked": false
    },
    {
      "id": 7,
      "x": 5760.98779296875,
      "y": -1239.9287109375,
      "action": "",
      "move_mode": "walk",
      "action_params": "",
      "type": "path",
      "locked": false
    },
    {
      "id": 8,
      "x": 5764.107421875,
      "y": -1234.57666015625,
      "action": "",
      "move_mode": "walk",
      "action_params": "",
      "type": "path",
      "locked": false
    },
    {
      "id": 9,
      "x": 5769.0126953125,
      "y": -1238.14990234375,
      "action": "",
      "move_mode": "walk",
      "action_params": "",
      "type": "path",
      "locked": false
    },
    {
      "id": 10,
      "x": 5774.78662109375,
      "y": -1238.59375,
      "action": "",
      "move_mode": "walk",
      "action_params": "",
      "type": "path",
      "locked": false
    },
    {
      "id": 11,
      "x": 5775.95849609375,
      "y": -1233.2255859375,
      "action": "",
      "move_mode": "walk",
      "action_params": "",
      "type": "path",
      "locked": false
    },
    {
      "id": 12,
      "x": 5781.08642578125,
      "y": -1235.4619140625,
      "action": "",
      "move_mode": "walk",
      "action_params": "",
      "type": "path",
      "locked": false
    },
    {
      "id": 13,
      "x": 5782.90234375,
      "y": -1231.7705078125,
      "action": "",
      "move_mode": "walk",
      "action_params": "",
      "type": "path",
      "locked": false
    },
    {
      "id": 14,
      "x": 5783.1064453125,
      "y": -1233.4990234375,
      "action": "fight",
      "move_mode": "run",
      "action_params": "",
      "type": "path",
      "locked": false
    },
    {
      "id": 15,
      "x": 5781.71630859375,
      "y": -1231.36181640625,
      "action": "",
      "move_mode": "walk",
      "action_params": "",
      "type": "path",
      "locked": false
    },
    {
      "id": 16,
      "x": 5778.306640625,
      "y": -1236.6240234375,
      "action": "",
      "move_mode": "walk",
      "action_params": "",
      "type": "path",
      "locked": false
    },
    {
      "id": 17,
      "x": 5773.68017578125,
      "y": -1235.10791015625,
      "action": "",
      "move_mode": "walk",
      "action_params": "",
      "type": "path",
      "locked": false
    },
    {
      "id": 18,
      "x": 5767.49755859375,
      "y": -1238.3642578125,
      "action": "",
      "move_mode": "walk",
      "action_params": "",
      "type": "path",
      "locked": false
    },
    {
      "id": 19,
      "x": 5755.2939453125,
      "y": -1236.56103515625,
      "action": "",
      "move_mode": "walk",
      "action_params": "",
      "type": "path",
      "locked": false
    },
    {
      "id": 20,
      "x": 5748.77392578125,
      "y": -1219.9208984375,
      "action": "",
      "move_mode": "walk",
      "action_params": "",
      "type": "path",
      "locked": false
    },
    {
      "id": 21,
      "x": 5739.064453125,
      "y": -1176.80224609375,
      "action": "",
      "move_mode": "walk",
      "action_params": "",
      "type": "path",
      "locked": false
    },
    {
      "id": 22,
      "x": 5714.1982421875,
      "y": -1170.7060546875,
      "action": "",
      "move_mode": "walk",
      "action_params": "",
      "type": "path",
      "locked": false
    },
    {
      "id": 23,
      "x": 5694.49560546875,
      "y": -1222.25390625,
      "action": "",
      "move_mode": "walk",
      "action_params": "",
      "type": "path",
      "locked": false
    },
    {
      "id": 24,
      "x": 5677.8486328125,
      "y": -1254.08203125,
      "action": "",
      "move_mode": "walk",
      "action_params": "",
      "type": "path",
      "locked": false
    },
    {
      "id": 25,
      "x": 5663.24462890625,
      "y": -1285.8828125,
      "action": "",
      "move_mode": "walk",
      "action_params": "",
      "type": "path",
      "locked": false
    },
    {
      "id": 26,
      "x": 5631.337890625,
      "y": -1314.51416015625,
      "action": "",
      "move_mode": "walk",
      "action_params": "",
      "type": "path",
      "locked": false
    },
    {
      "id": 27,
      "x": 5594.22021484375,
      "y": -1348.3310546875,
      "action": "",
      "move_mode": "walk",
      "action_params": "",
      "type": "path",
      "locked": false
    },
    {
      "id": 28,
      "x": 5570.494140625,
      "y": -1372.224609375,
      "action": "",
      "move_mode": "run",
      "action_params": "",
      "type": "path",
      "locked": false
    },
    {
      "id": 29,
      "x": 5546.31982421875,
      "y": -1385.4462890625,
      "action": "",
      "move_mode": "run",
      "action_params": "",
      "type": "path",
      "locked": false
    },
    {
      "id": 30,
      "x": 5538.48828125,
      "y": -1397.14501953125,
      "action": "fight",
      "move_mode": "run",
      "action_params": "",
      "type": "path",
      "locked": false
    }
  ]
}