{
  "info": {
    "name": "五绿洲（1）",
    "type": "collect",
    "author": "下流山汉",
    "version": "1.0",
    "description": "",
    "bgiVersion": "0.35.1"
  },
  "positions": [
    {
      "id": 1,
      "action": "",
      "move_mode": "walk",
      "type": "teleport",
      "x": 4693.94287109375,
      "y": -262.169921875,
      "action_params": ""
    },
    {
      "id": 2,
      "x": 4715.7724609375,
      "y": -269.56298828125,
      "type": "path",
      "move_mode": "run",
      "action": "",
      "action_params": ""
    },
    {
      "id": 3,
      "x": 4739.91064453125,
      "y": -264.6015625,
      "type": "path",
      "move_mode": "run",
      "action": "",
      "action_params": ""
    },
    {
      "id": 4,
      "x": 4751.7841796875,
      "y": -266.15869140625,
      "type": "path",
      "move_mode": "run",
      "action": "fight",
      "action_params": ""
    }
  ]
}