{
  "info": {
    "name": "赤璋城垣（10）",
    "type": "collect",
    "author": "下流山汉",
    "version": "1.0",
    "description": "",
    "bgiVersion": "0.35.1"
  },
  "positions": [
    {
      "id": 1,
      "action": "",
      "move_mode": "walk",
      "type": "teleport",
      "x": 2462.7587890625,
      "y": 1801.65869140625,
      "action_params": "",
      "locked": false
    },
    {
      "id": 2,
      "x": 2447.6123046875,
      "y": 1802.2646484375,
      "type": "path",
      "move_mode": "fly",
      "action": "stop_flying",
      "action_params": "",
      "locked": false
    },
    {
      "id": 3,
      "x": 2415.603515625,
      "y": 1787.7412109375,
      "type": "path",
      "move_mode": "walk",
      "action": "",
      "action_params": "",
      "locked": false
    },
    {
      "id": 4,
      "x": 2379.005859375,
      "y": 1761.20703125,
      "type": "path",
      "move_mode": "run",
      "action": "",
      "action_params": "",
      "locked": false
    },
    {
      "id": 5,
      "x": 2365.08984375,
      "y": 1760.84716796875,
      "type": "path",
      "move_mode": "run",
      "action": "",
      "action_params": "",
      "locked": false
    },
    {
      "id": 6,
      "x": 2350.3828125,
      "y": 1770.21875,
      "type": "path",
      "move_mode": "run",
      "action": "fight",
      "action_params": "",
      "locked": false
    },
    {
      "id": 7,
      "x": 2323.9326171875,
      "y": 1605.04052734375,
      "type": "teleport",
      "move_mode": "walk",
      "action": "",
      "action_params": "",
      "locked": false
    },
    {
      "id": 8,
      "x": 2295.1005859375,
      "y": 1607.04052734375,
      "type": "path",
      "move_mode": "walk",
      "action": "",
      "action_params": "",
      "locked": false
    },
    {
      "id": 9,
      "x": 2271.755859375,
      "y": 1630.5048828125,
      "type": "path",
      "move_mode": "run",
      "action": "",
      "action_params": "",
      "locked": false
    },
    {
      "id": 10,
      "x": 2250.357421875,
      "y": 1663.728515625,
      "type": "path",
      "move_mode": "run",
      "action": "fight",
      "action_params": "",
      "locked": false
    },
    {
      "id": 11,
      "x": 2259.6220703125,
      "y": 1648.953125,
      "type": "path",
      "move_mode": "walk",
      "action": "",
      "action_params": "",
      "locked": false
    },
    {
      "id": 12,
      "x": 2278.33203125,
      "y": 1667.62353515625,
      "type": "path",
      "move_mode": "walk",
      "action": "",
      "action_params": "",
      "locked": false
    },
    {
      "id": 13,
      "x": 2269.9658203125,
      "y": 1684.86279296875,
      "type": "path",
      "move_mode": "walk",
      "action": "",
      "action_params": "",
      "locked": false
    },
    {
      "id": 14,
      "x": 2253.0400390625,
      "y": 1691.90771484375,
      "type": "path",
      "move_mode": "run",
      "action": "",
      "action_params": "",
      "locked": false
    },
    {
      "id": 15,
      "x": 2231.087890625,
      "y": 1698.0537109375,
      "type": "path",
      "move_mode": "run",
      "action": "",
      "action_params": "",
      "locked": false
    },
    {
      "id": 16,
      "x": 2214.6083984375,
      "y": 1708.412109375,
      "type": "path",
      "move_mode": "run",
      "action": "fight",
      "action_params": "",
      "locked": false
    },
    {
      "id": 17,
      "x": 2323.9013671875,
      "y": 1605.01611328125,
      "type": "teleport",
      "move_mode": "walk",
      "action": "",
      "action_params": ""
    },
    {
      "id": 18,
      "x": 2317.3134765625,
      "y": 1595.08642578125,
      "type": "path",
      "move_mode": "walk",
      "action": "",
      "action_params": ""
    },
    {
      "id": 19,
      "x": 2317.970703125,
      "y": 1577.1455078125,
      "type": "path",
      "move_mode": "fly",
      "action": "stop_flying",
      "action_params": ""
    },
    {
      "id": 20,
      "x": 2316.5498046875,
      "y": 1549.22314453125,
      "type": "path",
      "move_mode": "walk",
      "action": "",
      "action_params": ""
    },
    {
      "id": 21,
      "x": 2313.5771484375,
      "y": 1538.2451171875,
      "type": "path",
      "move_mode": "walk",
      "action": "",
      "action_params": ""
    },
    {
      "id": 22,
      "x": 2295.9111328125,
      "y": 1501.076171875,
      "type": "path",
      "move_mode": "walk",
      "action": "",
      "action_params": ""
    },
    {
      "id": 23,
      "x": 2299.34765625,
      "y": 1494.0185546875,
      "type": "path",
      "move_mode": "walk",
      "action": "",
      "action_params": ""
    },
    {
      "id": 24,
      "x": 2298.12890625,
      "y": 1482.73388671875,
      "type": "path",
      "move_mode": "fly",
      "action": "stop_flying",
      "action_params": ""
    },
    {
      "id": 25,
      "x": 2290.64453125,
      "y": 1477.48583984375,
      "type": "path",
      "move_mode": "walk",
      "action": "",
      "action_params": ""
    },
    {
      "id": 26,
      "x": 2277.705078125,
      "y": 1463.052734375,
      "type": "path",
      "move_mode": "fly",
      "action": "",
      "action_params": ""
    },
    {
      "id": 27,
      "x": 2278.783203125,
      "y": 1435.9287109375,
      "type": "path",
      "move_mode": "fly",
      "action": "stop_flying",
      "action_params": ""
    },
    {
      "id": 28,
      "x": 2284.59375,
      "y": 1408.4130859375,
      "type": "path",
      "move_mode": "run",
      "action": "",
      "action_params": ""
    },
    {
      "id": 29,
      "x": 2293.6640625,
      "y": 1388.66552734375,
      "type": "path",
      "move_mode": "run",
      "action": "fight",
      "action_params": ""
    },
    {
      "id": 30,
      "x": 2053.7529296875,
      "y": 1799.5693359375,
      "type": "teleport",
      "move_mode": "walk",
      "action": "",
      "action_params": "",
      "locked": false
    },
    {
      "id": 31,
      "x": 2063.3642578125,
      "y": 1782.10693359375,
      "type": "path",
      "move_mode": "fly",
      "action": "stop_flying",
      "action_params": "",
      "locked": false
    },
    {
      "id": 32,
      "x": 2053.7236328125,
      "y": 1770.130859375,
      "type": "path",
      "move_mode": "run",
      "action": "fight",
      "action_params": "",
      "locked": false
    },
    {
      "id": 33,
      "x": 2066.1611328125,
      "y": 1484.43359375,
      "type": "teleport",
      "move_mode": "walk",
      "action": "",
      "action_params": "",
      "locked": false
    },
    {
      "id": 34,
      "x": 2032.7763671875,
      "y": 1522.2265625,
      "type": "path",
      "move_mode": "run",
      "action": "",
      "action_params": "",
      "locked": false
    },
    {
      "id": 35,
      "x": 2032.513671875,
      "y": 1542.34521484375,
      "type": "path",
      "move_mode": "run",
      "action": "fight",
      "action_params": "",
      "locked": false
    }
  ]
}