{
  "info": {
    "name": "赤璋城垣右下（12）",
    "type": "collect",
    "author": "下流山汉",
    "version": "1.0",
    "description": "",
    "bgiVersion": "0.35.1"
  },
  "positions": [
    {
      "id": 1,
      "action": "",
      "move_mode": "walk",
      "type": "teleport",
      "x": 1863.63671875,
      "y": 1591.01611328125,
      "action_params": "",
      "locked": false
    },
    {
      "id": 2,
      "x": 1847.1494140625,
      "y": 1597.60546875,
      "type": "path",
      "move_mode": "run",
      "action": "",
      "action_params": "",
      "locked": false
    },
    {
      "id": 3,
      "x": 1826.88671875,
      "y": 1603.88330078125,
      "type": "path",
      "move_mode": "walk",
      "action": "",
      "action_params": "",
      "locked": false
    },
    {
      "id": 4,
      "x": 1823.3037109375,
      "y": 1597.25146484375,
      "type": "path",
      "move_mode": "walk",
      "action": "",
      "action_params": "",
      "locked": false
    },
    {
      "id": 5,
      "x": 1812.2958984375,
      "y": 1599.705078125,
      "type": "path",
      "move_mode": "walk",
      "action": "",
      "action_params": "",
      "locked": false
    },
    {
      "id": 6,
      "x": 1770.17578125,
      "y": 1595.560546875,
      "type": "path",
      "move_mode": "walk",
      "action": "",
      "action_params": "",
      "locked": false
    },
    {
      "id": 7,
      "x": 1759.81640625,
      "y": 1568.578125,
      "type": "path",
      "move_mode": "walk",
      "action": "",
      "action_params": "",
      "locked": false
    },
    {
      "id": 8,
      "x": 1754.48828125,
      "y": 1548.47412109375,
      "type": "path",
      "move_mode": "run",
      "action": "",
      "action_params": "",
      "locked": false
    },
    {
      "id": 9,
      "x": 1727.865234375,
      "y": 1500.2705078125,
      "type": "path",
      "move_mode": "run",
      "action": "fight",
      "action_params": "",
      "locked": false
    },
    {
      "id": 10,
      "x": 1904.4873046875,
      "y": 1196.923828125,
      "type": "teleport",
      "move_mode": "walk",
      "action": "",
      "action_params": "",
      "locked": false
    },
    {
      "id": 11,
      "x": 1882.822265625,
      "y": 1194.564453125,
      "type": "path",
      "move_mode": "fly",
      "action": "combat_script",
      "action_params": "keypress(VK_SPACE),wait(2),click",
      "locked": false
    },
    {
      "id": 12,
      "x": 1857.3544921875,
      "y": 1185.7314453125,
      "type": "path",
      "move_mode": "run",
      "action": "fight",
      "action_params": "",
      "locked": false
    },
    {
      "id": 13,
      "x": 2207.046875,
      "y": 1253.21826171875,
      "type": "teleport",
      "move_mode": "walk",
      "action": "",
      "action_params": "",
      "locked": false
    },
    {
      "id": 14,
      "x": 2189.884765625,
      "y": 1225.94775390625,
      "type": "path",
      "move_mode": "run",
      "action": "",
      "action_params": "",
      "locked": false
    },
    {
      "id": 15,
      "x": 2156.6865234375,
      "y": 1215.45556640625,
      "type": "path",
      "move_mode": "run",
      "action": "fight",
      "action_params": "",
      "locked": false
    },
    {
      "id": 16,
      "x": 2131.2587890625,
      "y": 1242.73291015625,
      "type": "path",
      "move_mode": "walk",
      "action": "",
      "action_params": "",
      "locked": false
    },
    {
      "id": 17,
      "x": 2138.6220703125,
      "y": 1257.73876953125,
      "type": "path",
      "move_mode": "walk",
      "action": "",
      "action_params": "",
      "locked": false
    },
    {
      "id": 18,
      "x": 2146.6484375,
      "y": 1265.36279296875,
      "type": "path",
      "move_mode": "walk",
      "action": "",
      "action_params": "",
      "locked": false
    },
    {
      "id": 19,
      "x": 2141.5517578125,
      "y": 1273.1953125,
      "type": "target",
      "move_mode": "walk",
      "action": "",
      "action_params": "",
      "locked": false
    },
    {
      "id": 20,
      "x": 2136.5810546875,
      "y": 1282.259765625,
      "type": "path",
      "move_mode": "walk",
      "action": "",
      "action_params": "",
      "locked": false
    },
    {
      "id": 21,
      "x": 2130.748046875,
      "y": 1283.9599609375,
      "type": "path",
      "move_mode": "walk",
      "action": "",
      "action_params": "",
      "locked": false
    },
    {
      "id": 22,
      "x": 2123.939453125,
      "y": 1290.1591796875,
      "type": "path",
      "move_mode": "walk",
      "action": "",
      "action_params": "",
      "locked": false
    },
    {
      "id": 23,
      "x": 2099.568359375,
      "y": 1301.2587890625,
      "type": "path",
      "move_mode": "run",
      "action": "fight",
      "action_params": "",
      "locked": false
    },
    {
      "id": 24,
      "x": 2207.0126953125,
      "y": 1253.20458984375,
      "type": "teleport",
      "move_mode": "walk",
      "action": "",
      "action_params": "",
      "locked": false
    },
    {
      "id": 25,
      "x": 2210.986328125,
      "y": 1220.9462890625,
      "type": "path",
      "move_mode": "walk",
      "action": "",
      "action_params": "",
      "locked": false
    },
    {
      "id": 26,
      "x": 2217.1923828125,
      "y": 1184.79052734375,
      "type": "path",
      "move_mode": "walk",
      "action": "",
      "action_params": "",
      "locked": false
    },
    {
      "id": 27,
      "x": 2218.96484375,
      "y": 1164.92138671875,
      "type": "path",
      "move_mode": "fly",
      "action": "stop_flying",
      "action_params": "",
      "locked": false
    },
    {
      "id": 28,
      "x": 2223.40625,
      "y": 1137.2470703125,
      "type": "path",
      "move_mode": "run",
      "action": "fight",
      "action_params": ""
    },
    {
      "id": 29,
      "x": 2257.06640625,
      "y": 934.87255859375,
      "type": "teleport",
      "move_mode": "walk",
      "action": "",
      "action_params": "",
      "locked": false
    },
    {
      "id": 30,
      "x": 2257.880859375,
      "y": 921.08056640625,
      "type": "path",
      "move_mode": "walk",
      "action": "",
      "action_params": "",
      "locked": false
    },
    {
      "id": 31,
      "x": 2216.94921875,
      "y": 868.72705078125,
      "type": "path",
      "move_mode": "run",
      "action": "",
      "action_params": "",
      "locked": false
    },
    {
      "id": 32,
      "x": 2134.37109375,
      "y": 835.2255859375,
      "type": "path",
      "move_mode": "run",
      "action": "fight",
      "action_params": "",
      "locked": false
    }
  ]
}