{
  "info": {
    "name": "秋分山（6）",
    "type": "collect",
    "author": "下流山汉",
    "version": "1.0",
    "description": "",
    "bgiVersion": "0.35.1"
  },
  "positions": [
    {
      "id": 1,
      "action": "",
      "move_mode": "walk",
      "type": "teleport",
      "x": 3940.3974609375,
      "y": 2470.309326171875,
      "action_params": "",
      "locked": false
    },
    {
      "id": 2,
      "x": 3936.5888671875,
      "y": 2445.0361328125,
      "type": "path",
      "move_mode": "walk",
      "action": "",
      "action_params": "",
      "locked": false
    },
    {
      "id": 3,
      "x": 3929.0595703125,
      "y": 2429.416015625,
      "type": "path",
      "move_mode": "fly",
      "action": "stop_flying",
      "action_params": "",
      "locked": false
    },
    {
      "id": 4,
      "x": 3927.3369140625,
      "y": 2393.04345703125,
      "type": "path",
      "move_mode": "run",
      "action": "",
      "action_params": "",
      "locked": false
    },
    {
      "id": 5,
      "x": 3933.201171875,
      "y": 2386.28466796875,
      "type": "path",
      "move_mode": "run",
      "action": "",
      "action_params": "",
      "locked": false
    },
    {
      "id": 6,
      "x": 3939.1748046875,
      "y": 2390.6806640625,
      "type": "path",
      "move_mode": "run",
      "action": "fight",
      "action_params": "",
      "locked": false
    },
    {
      "id": 7,
      "x": 3917.2119140625,
      "y": 2576.36474609375,
      "type": "teleport",
      "move_mode": "walk",
      "action": "",
      "action_params": "",
      "locked": false
    },
    {
      "id": 8,
      "x": 3910.5205078125,
      "y": 2571.31591796875,
      "type": "path",
      "move_mode": "run",
      "action": "",
      "action_params": "",
      "locked": false
    },
    {
      "id": 9,
      "x": 3906.7958984375,
      "y": 2551.03173828125,
      "type": "path",
      "move_mode": "run",
      "action": "",
      "action_params": "",
      "locked": false
    },
    {
      "id": 10,
      "x": 3901.7314453125,
      "y": 2532.090087890625,
      "type": "path",
      "move_mode": "run",
      "action": "",
      "action_params": "",
      "locked": false
    },
    {
      "id": 11,
      "x": 3887.4091796875,
      "y": 2528.644775390625,
      "type": "path",
      "move_mode": "run",
      "action": "fight",
      "action_params": "",
      "locked": false
    },
    {
      "id": 12,
      "x": 3887.4091796875,
      "y": 2528.644775390625,
      "type": "path",
      "move_mode": "run",
      "action": "combat_script",
      "action_params": "wait(2)",
      "locked": false
    },
    {
      "id": 13,
      "x": 4146.85498046875,
      "y": 2606.222900390625,
      "type": "teleport",
      "move_mode": "walk",
      "action": "",
      "action_params": "",
      "locked": false
    },
    {
      "id": 14,
      "x": 4069.9130859375,
      "y": 2567.38525390625,
      "type": "path",
      "move_mode": "walk",
      "action": "",
      "action_params": "",
      "locked": false
    },
    {
      "id": 15,
      "x": 4037.349609375,
      "y": 2561.216552734375,
      "type": "path",
      "move_mode": "run",
      "action": "",
      "action_params": "",
      "locked": false
    },
    {
      "id": 16,
      "x": 4055.6865234375,
      "y": 2558.630126953125,
      "type": "path",
      "move_mode": "run",
      "action": "fight",
      "action_params": "",
      "locked": false
    },
    {
      "id": 17,
      "x": 4056.6875,
      "y": 2576.1708984375,
      "type": "path",
      "move_mode": "walk",
      "action": "",
      "action_params": "",
      "locked": false
    },
    {
      "id": 18,
      "x": 4054.744140625,
      "y": 2591.493896484375,
      "type": "path",
      "move_mode": "walk",
      "action": "",
      "action_params": "",
      "locked": false
    },
    {
      "id": 19,
      "x": 4042.1640625,
      "y": 2613.613037109375,
      "type": "path",
      "move_mode": "fly",
      "action": "stop_flying",
      "action_params": "",
      "locked": false
    },
    {
      "id": 20,
      "x": 4041.8857421875,
      "y": 2620.3388671875,
      "type": "path",
      "move_mode": "run",
      "action": "fight",
      "action_params": ""
    },
    {
      "id": 21,
      "x": 3955.42578125,
      "y": 2868.950439453125,
      "type": "teleport",
      "move_mode": "walk",
      "action": "",
      "action_params": "",
      "locked": false
    },
    {
      "id": 22,
      "x": 3977.537109375,
      "y": 2840.5947265625,
      "type": "path",
      "move_mode": "fly",
      "action": "stop_flying",
      "action_params": "",
      "locked": false
    },
    {
      "id": 23,
      "x": 3972.955078125,
      "y": 2837.0185546875,
      "type": "path",
      "move_mode": "walk",
      "action": "fight",
      "action_params": ""
    }
  ]
}