{
  "info": {
    "name": "芒索斯山东麓（8）",
    "type": "collect",
    "author": "下流山汉",
    "version": "1.0",
    "description": "",
    "bgiVersion": "0.35.1"
  },
  "positions": [
    {
      "id": 1,
      "action": "",
      "move_mode": "walk",
      "type": "teleport",
      "x": 4935.08154296875,
      "y": 4183.375,
      "action_params": "",
      "locked": false
    },
    {
      "id": 2,
      "x": 4926.95458984375,
      "y": 4185.830078125,
      "type": "path",
      "move_mode": "run",
      "action": "",
      "action_params": "",
      "locked": false
    },
    {
      "id": 3,
      "x": 4911.76171875,
      "y": 4184.57763671875,
      "type": "path",
      "move_mode": "run",
      "action": "",
      "action_params": "",
      "locked": false
    },
    {
      "id": 4,
      "x": 4889.07421875,
      "y": 4164.5390625,
      "type": "target",
      "move_mode": "run",
      "action": "fight",
      "action_params": "",
      "locked": false
    },
    {
      "id": 5,
      "x": 4984.7470703125,
      "y": 4462.88720703125,
      "type": "teleport",
      "move_mode": "walk",
      "action": "",
      "action_params": "",
      "locked": false
    },
    {
      "id": 6,
      "x": 4943.8173828125,
      "y": 4433.25927734375,
      "type": "path",
      "move_mode": "run",
      "action": "",
      "action_params": "",
      "locked": false
    },
    {
      "id": 7,
      "x": 4909.4404296875,
      "y": 4386.08740234375,
      "type": "path",
      "move_mode": "run",
      "action": "fight",
      "action_params": ""
    },
    {
      "id": 8,
      "x": 4902.7470703125,
      "y": 4356.94970703125,
      "type": "path",
      "move_mode": "run",
      "action": "fight",
      "action_params": "",
      "locked": false
    },
    {
      "id": 9,
      "x": 4874.59326171875,
      "y": 4340.85205078125,
      "type": "path",
      "move_mode": "run",
      "action": "",
      "action_params": "",
      "locked": false
    },
    {
      "id": 10,
      "x": 4843.42578125,
      "y": 4303.66748046875,
      "type": "path",
      "move_mode": "run",
      "action": "",
      "action_params": "",
      "locked": false
    },
    {
      "id": 11,
      "x": 4820.3603515625,
      "y": 4292.0888671875,
      "type": "path",
      "move_mode": "run",
      "action": "fight",
      "action_params": "",
      "locked": false
    },
    {
      "id": 12,
      "x": 4808.05615234375,
      "y": 4290.63818359375,
      "type": "path",
      "move_mode": "walk",
      "action": "",
      "action_params": "",
      "locked": false
    },
    {
      "id": 13,
      "x": 4775.42333984375,
      "y": 4267.8857421875,
      "type": "path",
      "move_mode": "walk",
      "action": "",
      "action_params": "",
      "locked": false
    },
    {
      "id": 14,
      "x": 4740.98046875,
      "y": 4272.8857421875,
      "type": "path",
      "move_mode": "walk",
      "action": "",
      "action_params": "",
      "locked": false
    },
    {
      "id": 15,
      "x": 4689.083984375,
      "y": 4276.2177734375,
      "type": "path",
      "move_mode": "run",
      "action": "",
      "action_params": "",
      "locked": false
    },
    {
      "id": 16,
      "x": 4644.64013671875,
      "y": 4278.625,
      "type": "path",
      "move_mode": "run",
      "action": "fight",
      "action_params": "",
      "locked": false
    },
    {
      "id": 17,
      "x": 4984.81396484375,
      "y": 4462.96337890625,
      "type": "teleport",
      "move_mode": "walk",
      "action": "",
      "action_params": "",
      "locked": false
    },
    {
      "id": 18,
      "x": 4991.6328125,
      "y": 4460.380859375,
      "type": "path",
      "move_mode": "walk",
      "action": "",
      "action_params": "",
      "locked": false
    },
    {
      "id": 19,
      "x": 5019.646484375,
      "y": 4492.97119140625,
      "type": "path",
      "move_mode": "walk",
      "action": "",
      "action_params": "",
      "locked": false
    },
    {
      "id": 20,
      "x": 5071.81591796875,
      "y": 4498.22216796875,
      "type": "path",
      "move_mode": "run",
      "action": "",
      "action_params": "",
      "locked": false
    },
    {
      "id": 21,
      "x": 5098.150390625,
      "y": 4536.61669921875,
      "type": "path",
      "move_mode": "run",
      "action": "fight",
      "action_params": "",
      "locked": false
    },
    {
      "id": 22,
      "x": 5095.3369140625,
      "y": 4555.037109375,
      "type": "path",
      "move_mode": "walk",
      "action": "",
      "action_params": "",
      "locked": false
    },
    {
      "id": 23,
      "x": 5066.3388671875,
      "y": 4598.11083984375,
      "type": "path",
      "move_mode": "run",
      "action": "",
      "action_params": "",
      "locked": false
    },
    {
      "id": 24,
      "x": 5064.7373046875,
      "y": 4614.64892578125,
      "type": "path",
      "move_mode": "run",
      "action": "",
      "action_params": "",
      "locked": false
    },
    {
      "id": 25,
      "x": 5078.85009765625,
      "y": 4609.7763671875,
      "type": "path",
      "move_mode": "run",
      "action": "fight",
      "action_params": "",
      "locked": false
    },
    {
      "id": 26,
      "x": 4984.759765625,
      "y": 4462.94189453125,
      "type": "teleport",
      "move_mode": "walk",
      "action": "",
      "action_params": "",
      "locked": false
    },
    {
      "id": 27,
      "x": 4982.47119140625,
      "y": 4474.38671875,
      "type": "path",
      "move_mode": "run",
      "action": "",
      "action_params": "",
      "locked": false
    },
    {
      "id": 28,
      "x": 4975.1787109375,
      "y": 4499.7373046875,
      "type": "path",
      "move_mode": "run",
      "action": "",
      "action_params": "",
      "locked": false
    },
    {
      "id": 29,
      "x": 5000.8427734375,
      "y": 4532.78857421875,
      "type": "path",
      "move_mode": "run",
      "action": "fight",
      "action_params": "",
      "locked": false
    }
  ]
}