{
  "info": {
    "name": "研究院区域（6）",
    "type": "collect",
    "author": "下流山汉",
    "version": "1.0",
    "description": "",
    "bgiVersion": "0.35.1"
  },
  "positions": [
    {
      "id": 1,
      "x": 3923.0947265625,
      "y": 4233.87109375,
      "action": "",
      "move_mode": "walk",
      "action_params": "",
      "type": "teleport"
    },
    {
      "id": 2,
      "x": 3919.6142578125,
      "y": 4256.03564453125,
      "action": "",
      "move_mode": "walk",
      "action_params": "",
      "type": "path"
    },
    {
      "id": 3,
      "x": 3981.810546875,
      "y": 4284.546875,
      "action": "",
      "move_mode": "walk",
      "action_params": "",
      "type": "path"
    },
    {
      "id": 4,
      "x": 4020.6123046875,
      "y": 4323.08349609375,
      "action": "",
      "move_mode": "run",
      "action_params": "",
      "type": "path"
    },
    {
      "id": 5,
      "x": 4045.2724609375,
      "y": 4342.9375,
      "action": "",
      "move_mode": "run",
      "action_params": "",
      "type": "path"
    },
    {
      "id": 6,
      "x": 4029.5390625,
      "y": 4324.33447265625,
      "action": "fight",
      "move_mode": "run",
      "action_params": "",
      "type": "path"
    },
    {
      "id": 7,
      "x": 4498.16845703125,
      "y": 4710.7451171875,
      "action": "",
      "move_mode": "walk",
      "action_params": "",
      "type": "teleport"
    },
    {
      "id": 8,
      "x": 4493.43701171875,
      "y": 4667.166015625,
      "action": "",
      "move_mode": "run",
      "action_params": "",
      "type": "path"
    },
    {
      "id": 9,
      "x": 4496.06884765625,
      "y": 4643.455078125,
      "action": "fight",
      "move_mode": "run",
      "action_params": "",
      "type": "path"
    },
    {
      "id": 10,
      "x": 4433.80810546875,
      "y": 4610.62939453125,
      "action": "",
      "move_mode": "walk",
      "action_params": "",
      "type": "path"
    },
    {
      "id": 11,
      "x": 4412.037109375,
      "y": 4612.4609375,
      "action": "",
      "move_mode": "run",
      "action_params": "",
      "type": "path"
    },
    {
      "id": 12,
      "x": 4405.4951171875,
      "y": 4635.6279296875,
      "action": "",
      "move_mode": "run",
      "action_params": "",
      "type": "path"
    },
    {
      "id": 13,
      "x": 4393.34619140625,
      "y": 4620.38525390625,
      "action": "",
      "move_mode": "fly",
      "action_params": "",
      "type": "path"
    },
    {
      "id": 14,
      "x": 4385.166015625,
      "y": 4633.27783203125,
      "action": "fight",
      "move_mode": "run",
      "action_params": "",
      "type": "path"
    },
    {
      "id": 15,
      "x": 4498.23046875,
      "y": 4710.7705078125,
      "action": "",
      "move_mode": "walk",
      "action_params": "",
      "type": "teleport"
    },
    {
      "id": 16,
      "x": 4506.37744140625,
      "y": 4723.9453125,
      "action": "",
      "move_mode": "run",
      "action_params": "",
      "type": "path"
    },
    {
      "id": 17,
      "x": 4548.20458984375,
      "y": 4729.98046875,
      "action": "stop_flying",
      "move_mode": "fly",
      "action_params": "",
      "type": "path"
    },
    {
      "id": 18,
      "x": 4548.20458984375,
      "y": 4729.98046875,
      "action": "fight",
      "move_mode": "walk",
      "action_params": "",
      "type": "path"
    },
    {
      "id": 19,
      "x": 4434.3701171875,
      "y": 5091.7197265625,
      "action": "",
      "move_mode": "walk",
      "action_params": "",
      "type": "teleport"
    },
    {
      "id": 20,
      "x": 4425.3408203125,
      "y": 5092.3134765625,
      "action": "",
      "move_mode": "walk",
      "action_params": "",
      "type": "path"
    },
    {
      "id": 21,
      "x": 4394.26806640625,
      "y": 5130.0615234375,
      "action": "",
      "move_mode": "walk",
      "action_params": "",
      "type": "path"
    },
    {
      "id": 22,
      "x": 4376.99560546875,
      "y": 5127.8701171875,
      "action": "",
      "move_mode": "run",
      "action_params": "",
      "type": "path"
    },
    {
      "id": 23,
      "x": 4348.48388671875,
      "y": 5148.47412109375,
      "action": "",
      "move_mode": "run",
      "action_params": "",
      "type": "path"
    },
    {
      "id": 24,
      "x": 4348.30859375,
      "y": 5162.302734375,
      "action": "",
      "move_mode": "run",
      "action_params": "",
      "type": "path"
    },
    {
      "id": 25,
      "x": 4354.32080078125,
      "y": 5160.091796875,
      "action": "fight",
      "move_mode": "run",
      "action_params": "",
      "type": "path"
    },
    {
      "id": 26,
      "x": 4354.32080078125,
      "y": 5160.091796875,
      "action": "combat_script",
      "move_mode": "run",
      "action_params": "wait(5)",
      "type": "path"
    },
    {
      "id": 27,
      "x": 4354.32080078125,
      "y": 5160.091796875,
      "action": "fight",
      "move_mode": "run",
      "action_params": "",
      "type": "path"
    },
    {
      "id": 28,
      "x": 3811.6162109375,
      "y": 4952.59912109375,
      "action": "",
      "move_mode": "walk",
      "action_params": "",
      "type": "teleport"
    },
    {
      "id": 29,
      "x": 3814.4814453125,
      "y": 4948.36279296875,
      "action": "",
      "move_mode": "run",
      "action_params": "",
      "type": "path"
    },
    {
      "id": 30,
      "x": 3862.634765625,
      "y": 4941.46533203125,
      "action": "fight",
      "move_mode": "run",
      "action_params": "",
      "type": "path"
    }
  ]
}