{
  "info": {
    "name": "降诸魔山大宝（1）",
    "type": "collect",
    "author": "下流山汉",
    "version": "1.0",
    "description": "",
    "bgiVersion": "0.35.1"
  },
  "positions": [
    {
      "id": 1,
      "action": "",
      "move_mode": "walk",
      "type": "teleport",
      "x": 2567.556640625,
      "y": -1424.064453125,
      "action_params": ""
    },
    {
      "id": 2,
      "x": 2589.501953125,
      "y": -1417.14794921875,
      "type": "path",
      "move_mode": "fly",
      "action": "stop_flying",
      "action_params": ""
    },
    {
      "id": 3,
      "x": 2615.8642578125,
      "y": -1405.77490234375,
      "type": "path",
      "move_mode": "walk",
      "action": "fight",
      "action_params": ""
    }
  ]
}