{
  "info": {
    "name": "五绿洲大宝（1）",
    "type": "collect",
    "author": "下流山汉",
    "version": "1.0",
    "description": "",
    "bgiVersion": "0.35.1"
  },
  "positions": [
    {
      "id": 1,
      "action": "",
      "move_mode": "walk",
      "type": "teleport",
      "x": 4693.96435546875,
      "y": -262.03564453125,
      "action_params": ""
    },
    {
      "id": 2,
      "x": 4713.7919921875,
      "y": -269.66259765625,
      "type": "path",
      "move_mode": "walk",
      "action": "",
      "action_params": ""
    },
    {
      "id": 3,
      "x": 4742.384765625,
      "y": -263.72314453125,
      "type": "path",
      "move_mode": "walk",
      "action": "",
      "action_params": ""
    },
    {
      "id": 4,
      "x": 4752.1455078125,
      "y": -269.087890625,
      "type": "path",
      "move_mode": "walk",
      "action": "",
      "action_params": ""
    },
    {
      "id": 5,
      "x": 4766.880859375,
      "y": -288.1923828125,
      "type": "path",
      "move_mode": "walk",
      "action": "",
      "action_params": ""
    },
    {
      "id": 6,
      "x": 4760.275390625,
      "y": -293.33349609375,
      "type": "path",
      "move_mode": "walk",
      "action": "",
      "action_params": ""
    },
    {
      "id": 7,
      "x": 4769.630859375,
      "y": -306.61083984375,
      "type": "path",
      "move_mode": "walk",
      "action": "",
      "action_params": ""
    },
    {
      "id": 8,
      "x": 4776.90576171875,
      "y": -305.9033203125,
      "type": "path",
      "move_mode": "walk",
      "action": "",
      "action_params": ""
    },
    {
      "id": 9,
      "x": 4780.734375,
      "y": -309.142578125,
      "type": "target",
      "move_mode": "walk",
      "action": "combat_script",
      "action_params": "keypress(F),wait(0.3),keypress(F),keypress(F),wait(0.3),keypress(F)"
    },
    {
      "id": 10,
      "x": 4782.919921875,
      "y": -311.20947265625,
      "type": "target",
      "move_mode": "walk",
      "action": "combat_script",
      "action_params": "keypress(F),wait(0.3),keypress(F),keypress(F),wait(0.3),keypress(F)"
    },
    {
      "id": 11,
      "x": 4782.39501953125,
      "y": -310.626953125,
      "type": "target",
      "move_mode": "walk",
      "action": "combat_script",
      "action_params": "keypress(F),wait(0.3),keypress(F),keypress(F),wait(0.3),keypress(F)",
      "locked": false
    },
    {
      "id": 12,
      "x": 4767.2451171875,
      "y": -289.404296875,
      "type": "path",
      "move_mode": "fly",
      "action": "stop_flying",
      "action_params": "",
      "locked": false
    },
    {
      "id": 13,
      "x": 4767.2451171875,
      "y": -289.404296875,
      "type": "path",
      "move_mode": "walk",
      "action": "fight",
      "action_params": ""
    }
  ]
}