{
  "info": {
    "name": "厄里那斯大宝（1）",
    "type": "collect",
    "author": "下流山汉",
    "version": "1.0",
    "description": "",
    "bgiVersion": "0.35.1"
  },
  "positions": [
    {
      "id": 1,
      "action": "",
      "move_mode": "walk",
      "type": "teleport",
      "x": 4954.9033203125,
      "y": 2760.064697265625,
      "action_params": ""
    },
    {
      "id": 2,
      "x": 4958.732421875,
      "y": 2776.364501953125,
      "type": "path",
      "move_mode": "walk",
      "action": "",
      "action_params": ""
    },
    {
      "id": 3,
      "x": 5003.99951171875,
      "y": 2805.9248046875,
      "type": "path",
      "move_mode": "walk",
      "action": "",
      "action_params": ""
    },
    {
      "id": 4,
      "x": 5039.1884765625,
      "y": 2779.66162109375,
      "type": "path",
      "move_mode": "fly",
      "action": "stop_flying",
      "action_params": "",
      "locked": false
    },
    {
      "id": 5,
      "x": 5039.1884765625,
      "y": 2779.66162109375,
      "type": "path",
      "move_mode": "walk",
      "action": "fight",
      "action_params": ""
    }
  ]
}