﻿{
  "info": {
    "name": "204璃月-天遒谷3",
    "type": "collect",
    "authors": [
      {
        "name": "汐",
        "links": ""
      }
    ],
    "version": "1.0",
    "description": "",
    "map_name": "Teyvat",
    "bgi_version": "0.45.0",
    "tags": [],
    "last_modified_time": 1755371237816,
    "enable_monster_loot_split": false,
    "map_match_method": ""
  },
  "positions": [
    {
      "id": 1,
      "x": 1152.470703125,
      "y": 141.98388671875,
      "action": "",
      "move_mode": "walk",
      "action_params": "",
      "type": "teleport"
    },
    {
      "id": 2,
      "x": 1118.3120417903792,
      "y": 234.43208860704453,
      "action": "set_time",
      "move_mode": "walk",
      "action_params": "06:00",
      "type": "orientation"
    },
    {
      "id": 3,
      "x": 1118.3120417903792,
      "y": 234.43208860704453,
      "action": "log_output",
      "move_mode": "walk",
      "action_params": "\n富A路线预计(双风buff+迪希雅)78分钟162个调查点≈10W经验\n富B路线预计(双风buff+迪希雅)55分钟135个调查点≈8.3W经验\n超详解析请看JS里README说明书",
      "type": "orientation",
      "locked": false
    },
    {
      "id": 4,
      "x": 1118.3120417903792,
      "y": 234.43208860704453,
      "action": "",
      "move_mode": "run",
      "action_params": "",
      "type": "path"
    },
    {
      "id": 5,
      "x": 1086.0937875257878,
      "y": 301.8435984203652,
      "action": "combat_script",
      "move_mode": "dash",
      "action_params": "keypress(f),wait(0.2),keypress(f),w(0.3),keypress(f),w(0.3),s(0.7);芙宁娜 attack(0.08),e;",
      "type": "target"
    },
    {
      "id": 6,
      "x": 1084.796875,
      "y": 299.93359375,
      "action": "",
      "move_mode": "walk",
      "action_params": "",
      "type": "path"
    },
    {
      "id": 7,
      "x": 1088.0673828125,
      "y": 303.08203125,
      "action": "",
      "move_mode": "climb",
      "action_params": "",
      "type": "target"
    },
    {
      "id": 8,
      "x": 1083.5625,
      "y": 305.87513279847644,
      "action": "",
      "move_mode": "walk",
      "action_params": "",
      "type": "path"
    },
    {
      "id": 9,
      "x": 1082.8095703125,
      "y": 300.794921875,
      "action": "combat_script",
      "move_mode": "walk",
      "action_params": "keypress(f);万叶 attack(0.08),keydown(E),wait(0.7),keyup(E),attack(0.2),wait(0.5);琴 attack(0.08),keydown(E),wait(0.4),moveby(1000,0),wait(0.2),moveby(1000,0),wait(0.2),moveby(1000,0),wait(0.2),moveby(1000,-3500),wait(1.8),keyup(E),wait(0.3),click(middle),q;",
      "type": "path"
    },
    {
      "id": 10,
      "x": 1068.333984375,
      "y": 353.74951171875,
      "action": "",
      "move_mode": "dash",
      "action_params": "",
      "type": "path"
    },
    {
      "id": 11,
      "x": 1069.3271484375,
      "y": 355.3740234375,
      "action": "combat_script",
      "move_mode": "climb",
      "action_params": "keypress(f),wait(0.2),keypress(f),w(0.2),keypress(f),",
      "type": "target"
    },
    {
      "id": 12,
      "x": 1047.9365234375,
      "y": 318.71826171875,
      "action": "",
      "move_mode": "dash",
      "action_params": "",
      "type": "path"
    },
    {
      "id": 13,
      "x": 1045.4453125,
      "y": 319.9306640625,
      "action": "combat_script",
      "move_mode": "climb",
      "action_params": "keypress(f),w(0.2),keypress(f),w(0.2),keypress(f),d(0.5);万叶 attack(0.08),keydown(E),wait(0.51),keyup(E),attack(0.2),wait(0.5);琴 attack(0.08),keydown(E),wait(0.4),moveby(1000,0),wait(0.2),moveby(1000,0),wait(0.2),moveby(1000,0),wait(0.2),moveby(1000,-3500),wait(1.8),keyup(E),wait(0.3),click(middle);",
      "type": "target"
    }
  ]
}