﻿{
  "info": {
    "name": "216璃月-珉林北4",
    "type": "collect",
    "authors": [
      {
        "name": "汐",
        "links": ""
      }
    ],
    "version": "",
    "description": "",
    "map_name": "Teyvat",
    "bgi_version": "0.45.0",
    "tags": [],
    "last_modified_time": 1754147895953,
    "enable_monster_loot_split": false,
    "map_match_method": ""
  },
  "positions": [
    {
      "id": 1,
      "x": 1121.0517578125,
      "y": 1190.40087890625,
      "action": "",
      "move_mode": "walk",
      "type": "teleport"
    },
    {
      "id": 2,
      "x": 1126.859375,
      "y": 1206.17333984375,
      "action": "",
      "move_mode": "run",
      "type": "path"
    },
    {
      "id": 3,
      "x": 1149.5205078125,
      "y": 1261.96435546875,
      "action": "",
      "move_mode": "run",
      "type": "path"
    },
    {
      "id": 4,
      "x": 1143.5537109375,
      "y": 1266.68212890625,
      "action": "",
      "move_mode": "climb",
      "type": "path"
    },
    {
      "id": 5,
      "x": 1141.517578125,
      "y": 1274.34228515625,
      "action": "combat_script",
      "move_mode": "climb",
      "action_params": "keypress(f),wait(0.2),keypress(f),wait(0.2),keypress(f),wait(0.2),keypress(f),w(0.2),keypress(f),a(0.4),keypress(f),w(0.3),keypress(f);万叶 attack(0.08),keydown(E),wait(0.48),keyup(E),attack(0.2),wait(0.5);琴 attack(0.08),keydown(E),wait(0.4),moveby(1000,0),wait(0.2),moveby(1000,0),wait(0.2),moveby(1000,0),wait(0.2),moveby(1000,-3500),wait(1.8),keyup(E),wait(0.3),click(middle);",
      "type": "path"
    },
    {
      "id": 6,
      "x": 1140.18743284859,
      "y": 1279.6245907349858,
      "action": "",
      "move_mode": "climb",
      "action_params": "",
      "type": "path"
    },
    {
      "id": 7,
      "x": 1123.4375,
      "y": 1290.8752213307926,
      "action": "combat_script",
      "move_mode": "run",
      "action_params": "keypress(f);芙宁娜 e,wait(0.2),e;",
      "type": "path"
    },
    {
      "id": 8,
      "x": 1115.0312341996687,
      "y": 1284.2187727369455,
      "action": "combat_script",
      "move_mode": "climb",
      "action_params": "keypress(f),wait(0.2),keypress(f),wait(0.2),keypress(f),keypress(x),s(0.3),a(0.3),dash;万叶 attack(0.08),keydown(E),wait(0.7),keyup(E),attack(0.2),wait(0.5);琴 attack(0.08),keydown(E),wait(0.4),moveby(1000,0),wait(0.2),moveby(1000,0),wait(0.2),moveby(1000,0),wait(0.2),moveby(1000,-3500),wait(1.8),keyup(E),wait(0.3),click(middle);",
      "type": "target"
    },
    {
      "id": 9,
      "x": 1111.8124545740466,
      "y": 1290.5621741037849,
      "action": "",
      "move_mode": "walk",
      "type": "path"
    },
    {
      "id": 10,
      "x": 1091.9061611231336,
      "y": 1284.0621210509144,
      "action": "",
      "move_mode": "run",
      "type": "path"
    },
    {
      "id": 11,
      "x": 1036.33984375,
      "y": 1254.439453125,
      "action": "",
      "move_mode": "run",
      "type": "path"
    },
    {
      "id": 12,
      "x": 1030.96875,
      "y": 1251.937444667301,
      "action": "combat_script",
      "move_mode": "climb",
      "action_params": "keypress(f),w(0.2),keypress(f),w(0.2),keypress(f),s(0.6)",
      "type": "target"
    },
    {
      "id": 13,
      "x": 1032.857421875,
      "y": 1254.53369140625,
      "type": "path",
      "move_mode": "climb",
      "action": "",
      "action_params": ""
    },
    {
      "id": 14,
      "x": 1030.5,
      "y": 1257.1561282680632,
      "action": "combat_script",
      "move_mode": "climb",
      "action_params": "keypress(f),wait(0.2),keypress(f),w(0.3),keypress(f),s(0.5)",
      "type": "target"
    }
  ]
}