﻿{
  "info": {
    "name": "220璃月-采浇谷4",
    "type": "collect",
    "authors": [
      {
        "name": "汐",
        "links": ""
      }
    ],
    "version": "",
    "description": "",
    "map_name": "Teyvat",
    "bgi_version": "0.45.0",
    "tags": [],
    "last_modified_time": 1755371264178,
    "enable_monster_loot_split": false,
    "map_match_method": ""
  },
  "positions": [
    {
      "id": 1,
      "x": 1656.6884765625,
      "y": -284.2236328125,
      "action": "",
      "move_mode": "walk",
      "type": "teleport"
    },
    {
      "id": 2,
      "x": 1603.625,
      "y": -309.7181966730168,
      "action": "",
      "move_mode": "run",
      "action_params": "",
      "type": "path"
    },
    {
      "id": 3,
      "x": 1560.12890625,
      "y": -292.5458984375,
      "action": "",
      "move_mode": "run",
      "type": "path"
    },
    {
      "id": 4,
      "x": 1519.125,
      "y": -289.1867474753026,
      "action": "",
      "move_mode": "dash",
      "type": "path"
    },
    {
      "id": 5,
      "x": 1517.1630859375,
      "y": -290.5830078125,
      "action": "",
      "move_mode": "walk",
      "action_params": "",
      "type": "path"
    },
    {
      "id": 6,
      "x": 1505.1878346924386,
      "y": -298.93729794024966,
      "action": "",
      "move_mode": "dash",
      "type": "path"
    },
    {
      "id": 7,
      "x": 1504.5654296875,
      "y": -294.41748046875,
      "action": "",
      "move_mode": "walk",
      "action_params": "",
      "type": "path"
    },
    {
      "id": 8,
      "x": 1506.560546875,
      "y": -291.88427734375,
      "action": "combat_script",
      "move_mode": "climb",
      "action_params": "keypress(f),wait(0.2),keypress(f),wait(0.2),keypress(f);万叶 attack(0.08),keydown(E),wait(0.51),keyup(E),attack(0.2),wait(0.5);琴 attack(0.08),keydown(E),wait(0.4),moveby(1000,0),wait(0.2),moveby(1000,0),wait(0.2),moveby(1000,0),wait(0.2),moveby(1000,-3500),wait(1.8),keyup(E),wait(0.3),click(middle);",
      "type": "target"
    },
    {
      "id": 9,
      "x": 1498.857421875,
      "y": -280.8447265625,
      "action": "",
      "move_mode": "walk",
      "action_params": "",
      "type": "path"
    },
    {
      "id": 10,
      "x": 1493.9374525990042,
      "y": -280.999878736292,
      "action": "",
      "move_mode": "walk",
      "action_params": "",
      "type": "path"
    },
    {
      "id": 11,
      "x": 1488.8120816344508,
      "y": -281.46889593204196,
      "action": "combat_script",
      "move_mode": "climb",
      "action_params": "keypress(f),wait(0.2),keypress(f),wait(0.2),keypress(f);万叶 attack(0.08),keydown(E),wait(0.51),keyup(E),attack(0.2),wait(0.5);琴 attack(0.08),keydown(E),wait(0.4),moveby(1000,0),wait(0.2),moveby(1000,0),wait(0.2),moveby(1000,0),wait(0.2),moveby(1000,-3500),wait(1.8),keyup(E),wait(0.3),click(middle);",
      "type": "target"
    },
    {
      "id": 12,
      "x": 1474.765625,
      "y": -275.228515625,
      "action": "combat_script",
      "move_mode": "dash",
      "action_params": "keypress(f),wait(0.2),keypress(f),wait(0.2),keypress(f),",
      "type": "target"
    },
    {
      "id": 13,
      "x": 1476.15625,
      "y": -277.5935950684443,
      "action": "combat_script",
      "move_mode": "climb",
      "action_params": "keypress(f),wait(0.2),keypress(f),wait(0.2),keypress(f),wait(0.2),keypress(f),wait(0.2),keypress(f)",
      "type": "target"
    },
    {
      "id": 14,
      "x": 1476.625,
      "y": -276.0004647946662,
      "action": "combat_script",
      "move_mode": "dash",
      "action_params": "w(0.1),keypress(f);万叶 attack(0.08),keydown(E),wait(0.8),keyup(E),attack(0.2);琴 attack(0.08),keydown(E),wait(0.4),moveby(1000,0),wait(0.2),moveby(1000,0),wait(0.2),moveby(1000,0),wait(0.2),moveby(1000,-3500),wait(1.8),keyup(E),wait(0.3),click(middle);",
      "type": "orientation"
    }
  ]
}