{
  "info": {
    "name": "224璃月-遗珑埠东3",
    "type": "collect",
    "author": "汐",
    "version": "1.0",
    "description": "",
    "map_name": "Teyvat",
    "bgi_version": "0.45.0"
  },
  "positions": [
    {
      "id": 1,
      "x": 2145.6650390625,
      "y": 2412.899658203125,
      "action": "",
      "move_mode": "walk",
      "action_params": "",
      "type": "teleport"
    },
    {
      "id": 2,
      "x": 2114.1248577970146,
      "y": 2462.499530103132,
      "action": "",
      "move_mode": "dash",
      "action_params": "",
      "type": "path"
    },
    {
      "id": 3,
      "x": 2124.624980249586,
      "y": 2545.1872423146215,
      "action": "combat_script",
      "move_mode": "dash",
      "action_params": "keypress(f),wait(0.2),keypress(f),wait(0.2),keypress(f),wait(0.2),keypress(f),wait(0.2),keypress(f),wait(0.2),keypress(f),a(0.3)",
      "type": "target"
    },
    {
      "id": 4,
      "x": 2128.718744074875,
      "y": 2545.500075789818,
      "action": "combat_script",
      "move_mode": "climb",
      "action_params": "keypress(f),wait(0.2),keypress(f),w(0.3),keypress(f),w(0.4),keypress(f),a(0.2);万叶 attack(0.08),keydown(E),wait(0.51),keyup(E),attack(0.2),wait(0.5);琴 attack(0.08),keydown(E),wait(0.4),moveby(1000,0),wait(0.2),moveby(1000,0),wait(0.2),moveby(1000,0),wait(0.2),moveby(1000,-3500),wait(1.8),keyup(E),wait(0.3),click(middle);",
      "type": "target"
    },
    {
      "id": 5,
      "x": 2128.8436749484245,
      "y": 2541.7192502127946,
      "action": "",
      "move_mode": "walk",
      "action_params": "",
      "type": "path"
    },
    {
      "id": 6,
      "x": 2138.703125,
      "y": 2553.333740234375,
      "action": "",
      "move_mode": "dash",
      "action_params": "",
      "type": "path"
    },
    {
      "id": 7,
      "x": 2212.412109375,
      "y": 2592.9951171875,
      "action": "stop_flying",
      "move_mode": "fly",
      "action_params": "1800",
      "type": "path"
    },
    {
      "id": 8,
      "x": 2256.9648437499995,
      "y": 2607.431884765625,
      "action": "combat_script",
      "move_mode": "dash",
      "action_params": "keypress(f),wait(0.2),keypress(f),w(0.3),keypress(f);万叶 attack(0.08),keydown(E),wait(0.51),keyup(E),attack(0.2),wait(0.5);琴 attack(0.08),keydown(E),wait(0.4),moveby(1000,0),wait(0.2),moveby(1000,0),wait(0.2),moveby(1000,0),wait(0.2),moveby(1000,-3500),wait(1.8),keyup(E),wait(0.3),click(middle);",
      "type": "target"
    }
  ]
}