﻿{
  "info": {
    "name": "229璃月-沉玉谷灵濛山书洞3",
    "type": "collect",
    "authors": [
      {
        "name": "汐",
        "links": ""
      }
    ],
    "version": "1.0",
    "description": "",
    "map_name": "Teyvat",
    "bgi_version": "0.45.0",
    "tags": [],
    "last_modified_time": 1755371390500,
    "enable_monster_loot_split": false,
    "map_match_method": ""
  },
  "positions": [
    {
      "id": 1,
      "x": 2025.10546875,
      "y": 2183.382568359375,
      "action": "",
      "move_mode": "walk",
      "action_params": "",
      "type": "teleport"
    },
    {
      "id": 2,
      "x": 2040.6025390625,
      "y": 2169.505859375,
      "action": "",
      "move_mode": "run",
      "action_params": "",
      "type": "path"
    },
    {
      "id": 3,
      "x": 2060.2666015625,
      "y": 2148.042236328125,
      "action": "",
      "move_mode": "run",
      "action_params": "",
      "type": "path"
    },
    {
      "id": 4,
      "x": 2075.90234375,
      "y": 2155.22314453125,
      "action": "combat_script",
      "move_mode": "run",
      "action_params": "keydown(w),wait(0.3),dash,wait(1),dash,keyup(w),wait(0.8)",
      "type": "path"
    },
    {
      "id": 5,
      "x": 2100.7666015625,
      "y": 2166.894287109375,
      "action": "",
      "move_mode": "dash",
      "action_params": "",
      "type": "path"
    },
    {
      "id": 6,
      "x": 2100.7666015625,
      "y": 2166.894287109375,
      "action": "",
      "move_mode": "dash",
      "action_params": "",
      "type": "path"
    },
    {
      "id": 7,
      "x": 2097.181640625,
      "y": 2196.9970703125,
      "action": "",
      "move_mode": "dash",
      "action_params": "",
      "type": "path"
    },
    {
      "id": 8,
      "x": 2097.181640625,
      "y": 2196.9970703125,
      "action": "combat_script",
      "move_mode": "climb",
      "action_params": "keypress(f),wait(0.2),keypress(f),wait(0.2),keypress(f),wait(0.2),keypress(f),wait(0.2),keypress(f),s(0.2);万叶 attack(0.08),keydown(E),wait(0.51),keyup(E),attack(0.2);琴 attack(0.08),keydown(E),wait(0.4),moveby(1000,0),wait(0.2),moveby(1000,0),wait(0.2),moveby(1000,0),wait(0.2),moveby(1000,-3500),wait(1.8),keyup(E),wait(0.3),click(middle);",
      "type": "target"
    },
    {
      "id": 9,
      "x": 2119.8115234375,
      "y": 2169.616455078125,
      "action": "",
      "move_mode": "dash",
      "action_params": "",
      "type": "path"
    },
    {
      "id": 10,
      "x": 2124.62890625,
      "y": 2160.67041015625,
      "action": "",
      "move_mode": "jump",
      "action_params": "",
      "type": "path"
    },
    {
      "id": 11,
      "x": 2119.4296875,
      "y": 2158.104248046875,
      "action": "",
      "move_mode": "walk",
      "action_params": "",
      "type": "path"
    },
    {
      "id": 12,
      "x": 2116.7509765625,
      "y": 2160.477783203125,
      "action": "combat_script",
      "move_mode": "climb",
      "action_params": "keypress(f),wait(0.2),keypress(f),wait(0.2),keypress(f),s(0.25);万叶 attack(0.08),keydown(E),wait(0.51),keyup(E),attack(0.2);琴 attack(0.08),keydown(E),wait(0.4),moveby(1000,0),wait(0.2),moveby(1000,0),wait(0.2),moveby(1000,0),wait(0.2),moveby(1000,-3500),wait(1.8),keyup(E),wait(0.3),click(middle);",
      "type": "target"
    },
    {
      "id": 13,
      "x": 2106.375082951741,
      "y": 2149.5627576853785,
      "action": "",
      "move_mode": "dash",
      "action_params": "",
      "type": "path"
    },
    {
      "id": 14,
      "x": 2103.498046875,
      "y": 2133.800537109375,
      "action": "",
      "move_mode": "dash",
      "action_params": "",
      "type": "path"
    },
    {
      "id": 15,
      "x": 2095.51953125,
      "y": 2130.031005859375,
      "action": "",
      "move_mode": "climb",
      "action_params": "",
      "type": "path"
    },
    {
      "id": 16,
      "x": 2090.8876953125,
      "y": 2131.40478515625,
      "action": "combat_script",
      "move_mode": "climb",
      "action_params": "keypress(f),wait(0.2),keypress(f),wait(0.2),keypress(f),wait(0.2),keypress(f),s(0.15);万叶 attack(0.08),keydown(E),wait(0.51),keyup(E),attack(0.2);琴 attack(0.08),keydown(E),wait(0.4),moveby(1000,0),wait(0.2),moveby(1000,0),wait(0.2),moveby(1000,0),wait(0.2),moveby(1000,-3500),wait(1.8),keyup(E),wait(0.3),click(middle);",
      "type": "target",
      "locked": false
    },
    {
      "id": 17,
      "x": 2090.8876953125,
      "y": 2131.40478515625,
      "action": "set_time",
      "move_mode": "climb",
      "action_params": "06:00",
      "type": "orientation"
    }
  ]
}