﻿{
  "info": {
    "name": "401须弥-须弥城5",
    "type": "collect",
    "authors": [
      {
        "name": "汐",
        "links": ""
      }
    ],
    "version": "",
    "description": "",
    "map_name": "Teyvat",
    "bgi_version": "0.45.0",
    "tags": [],
    "last_modified_time": 1754839785675,
    "enable_monster_loot_split": false,
    "map_match_method": ""
  },
  "positions": [
    {
      "id": 1,
      "x": 2786.98974609375,
      "y": -503.11328125,
      "action": "",
      "move_mode": "walk",
      "type": "teleport"
    },
    {
      "id": 2,
      "x": 2755.4521484375,
      "y": -497.287109375,
      "action": "",
      "move_mode": "run",
      "action_params": "",
      "type": "path"
    },
    {
      "id": 3,
      "x": 2751.71484375,
      "y": -497.24267578125,
      "action": "combat_script",
      "move_mode": "climb",
      "action_params": "keypress(f),w(0.2),keypress(f),wait(0.2),keypress(f),wait(0.2),keypress(f),wait(0.2),keypress(f),wait(0.2),keypress(f),wait(0.2),keypress(f);万叶 attack(0.08),keydown(E),wait(0.51),keyup(E),attack(0.2),wait(0.5);琴 attack(0.08),keydown(E),wait(0.4),moveby(1000,0),wait(0.2),moveby(1000,0),wait(0.2),moveby(1000,0),wait(0.2),moveby(1000,-3500),wait(1.8),keyup(E),wait(0.3),click(middle);",
      "type": "target"
    },
    {
      "id": 4,
      "x": 2694.0654296875,
      "y": -416.4150390625,
      "action": "",
      "move_mode": "walk",
      "action_params": "",
      "type": "teleport"
    },
    {
      "id": 5,
      "x": 2705.2353515625,
      "y": -414.3623046875,
      "action": "",
      "move_mode": "run",
      "action_params": "",
      "type": "path"
    },
    {
      "id": 6,
      "x": 2719.357421875,
      "y": -413.69287109375,
      "action": "stop_flying",
      "move_mode": "fly",
      "action_params": "",
      "type": "path"
    },
    {
      "id": 7,
      "x": 2729.4267578125,
      "y": -415.9755859375,
      "action": "combat_script",
      "move_mode": "dash",
      "action_params": "keypress(f),wait(0.2),keypress(f),wait(0.2),keypress(f),wait(0.2),keypress(f),wait(0.2),keypress(f),wait(0.2),keypress(f),d(0.2);万叶 attack(0.08),keydown(E),wait(0.51),keyup(E),attack(0.2);琴 attack(0.08),keydown(E),wait(0.4),moveby(1000,0),wait(0.2),moveby(1000,0),wait(0.2),moveby(1000,0),wait(0.2),moveby(1000,-3500),wait(1.8),keyup(E),wait(0.3),click(middle);",
      "type": "target"
    },
    {
      "id": 8,
      "x": 2877.02099609375,
      "y": -292.10693359375,
      "action": "",
      "move_mode": "walk",
      "type": "teleport"
    },
    {
      "id": 9,
      "x": 2864.701171875,
      "y": -302.3623046875,
      "action": "combat_script",
      "move_mode": "run",
      "action_params": "keypress(f),wait(0.2),keypress(f),w(0.2),keypress(f);万叶 attack(0.08),keydown(E),wait(0.51),keyup(E),attack(0.2),wait(0.5);琴 attack(0.08),keydown(E),wait(0.4),moveby(1000,0),wait(0.2),moveby(1000,0),wait(0.2),moveby(1000,0),wait(0.2),moveby(1000,-3500),wait(1.8),keyup(E),wait(0.3),click(middle);",
      "type": "target"
    },
    {
      "id": 10,
      "x": 2862.1875,
      "y": -299.15567453993754,
      "action": "",
      "move_mode": "walk",
      "type": "path"
    },
    {
      "id": 11,
      "x": 2838.09375,
      "y": -291.7492474753026,
      "action": "",
      "move_mode": "run",
      "type": "path"
    },
    {
      "id": 12,
      "x": 2812.4677734375,
      "y": -297.35205078125,
      "action": "",
      "move_mode": "run",
      "action_params": "",
      "type": "path"
    },
    {
      "id": 13,
      "x": 2787.7812717254565,
      "y": -283.21889400065265,
      "action": "combat_script",
      "move_mode": "dash",
      "action_params": "keypress(f),wait(0.2),keypress(f),wait(0.2),keypress(f),w(0.3),keypress(VK_SPACE),w(0.2)",
      "type": "target"
    },
    {
      "id": 14,
      "x": 2785.781253950083,
      "y": -285.84360599934735,
      "action": "combat_script",
      "move_mode": "climb",
      "action_params": "keypress(f),wait(0.2),keypress(f),s(0.2);万叶 attack(0.08),keydown(E),wait(0.51),keyup(E),attack(0.2),wait(0.5);琴 attack(0.08),keydown(E),wait(0.4),moveby(1000,0),wait(0.2),moveby(1000,0),wait(0.2),moveby(1000,0),wait(0.2),moveby(1000,-3500),wait(1.8),keyup(E),wait(0.3),click(middle);",
      "type": "target"
    },
    {
      "id": 15,
      "x": 2877.02099609375,
      "y": -292.10693359375,
      "action": "",
      "move_mode": "walk",
      "type": "teleport"
    },
    {
      "id": 16,
      "x": 2888.5623854475944,
      "y": -286.49933304960723,
      "action": "",
      "move_mode": "run",
      "action_params": "",
      "type": "path"
    },
    {
      "id": 17,
      "x": 2902.6484375,
      "y": -281.61865234375,
      "action": "combat_script",
      "move_mode": "run",
      "action_params": "w(0.5),dash,w(0.5)",
      "type": "orientation",
      "locked": false
    },
    {
      "id": 18,
      "x": 2902.6484375,
      "y": -281.61865234375,
      "action": "",
      "move_mode": "run",
      "action_params": "",
      "type": "path"
    },
    {
      "id": 19,
      "x": 2954.908203125,
      "y": -271.97705078125,
      "action": "",
      "move_mode": "run",
      "action_params": "",
      "type": "path"
    },
    {
      "id": 20,
      "x": 2988.5546875,
      "y": -275.0009765625,
      "action": "combat_script",
      "move_mode": "walk",
      "action_params": "keypress(t),wait(0.2),keypress(t)",
      "type": "orientation"
    },
    {
      "id": 21,
      "x": 3009.25017380365,
      "y": -242.87583368799005,
      "action": "",
      "move_mode": "dash",
      "action_params": "",
      "type": "path"
    },
    {
      "id": 22,
      "x": 3012.4140625,
      "y": -245.23046875,
      "action": "combat_script",
      "move_mode": "climb",
      "action_params": "keypress(f),wait(0.2),keypress(f),wait(0.2),keypress(f),wait(0.2),keypress(f),wait(0.2),keypress(f),wait(0.2),keypress(f),d(0.15);万叶 attack(0.08),keydown(E),wait(0.51),keyup(E),attack(0.2),wait(0.5);琴 attack(0.08),keydown(E),wait(0.4),moveby(1000,0),wait(0.2),moveby(1000,0),wait(0.2),moveby(1000,0),wait(0.2),moveby(1000,-3500),wait(1.8),keyup(E),wait(0.3),click(middle);",
      "type": "target"
    }
  ]
}