﻿{
  "info": {
    "name": "412须弥-阿如村3",
    "type": "collect",
    "authors": [
      {
        "name": "汐",
        "links": ""
      }
    ],
    "version": "1",
    "description": "",
    "map_name": "Teyvat",
    "bgi_version": "0.45.0",
    "tags": [],
    "last_modified_time": 1755371424435,
    "enable_monster_loot_split": false,
    "map_match_method": ""
  },
  "positions": [
    {
      "id": 1,
      "x": 4096.0234375,
      "y": -2025.943359375,
      "action": "",
      "move_mode": "walk",
      "type": "teleport"
    },
    {
      "id": 2,
      "x": 4098.26416015625,
      "y": -2008.10498046875,
      "action": "",
      "move_mode": "run",
      "type": "path"
    },
    {
      "id": 3,
      "x": 4093.556640625,
      "y": -1985.05810546875,
      "action": "",
      "move_mode": "run",
      "action_params": "",
      "type": "path"
    },
    {
      "id": 4,
      "x": 4092.91748046875,
      "y": -1983.70556640625,
      "action": "combat_script",
      "move_mode": "climb",
      "action_params": "keypress(f),wait(0.2),keypress(f),wait(0.2),keypress(f),wait(0.2),keypress(f),w(0.3),s(0.15);万叶 attack(0.08),keydown(E),wait(0.8),keyup(E),attack(0.2),wait(0.5);琴 attack(0.08),keydown(E),wait(0.4),moveby(1000,0),wait(0.2),moveby(1000,0),wait(0.2),moveby(1000,0),wait(0.2),moveby(1000,-3500),wait(1.8),keyup(E),wait(0.3),click(middle);",
      "type": "target"
    },
    {
      "id": 5,
      "x": 4095.37493284859,
      "y": -1983.3750075789821,
      "action": "",
      "move_mode": "walk",
      "type": "path"
    },
    {
      "id": 6,
      "x": 4091.437523700497,
      "y": -1985.6873938942554,
      "action": "",
      "move_mode": "walk",
      "type": "path"
    },
    {
      "id": 7,
      "x": 4096.03369140625,
      "y": -2025.90576171875,
      "action": "",
      "move_mode": "walk",
      "type": "teleport"
    },
    {
      "id": 8,
      "x": 4054.5937025990042,
      "y": -2036.7187348420366,
      "action": "stop_flying",
      "move_mode": "fly",
      "type": "path"
    },
    {
      "id": 9,
      "x": 4056.751953125,
      "y": -2034.9052734375,
      "action": "combat_script",
      "move_mode": "climb",
      "action_params": "keypress(f),w(0.2),keypress(f),w(0.2),keypress(f);万叶 attack(0.08),keydown(E),wait(0.8),keyup(E),attack(0.2),wait(0.5);琴 attack(0.08),keydown(E),wait(0.4),moveby(1000,0),wait(0.2),moveby(1000,0),wait(0.2),moveby(1000,0),wait(0.2),moveby(1000,-3500),wait(1.8),keyup(E),wait(0.3),click(middle);",
      "type": "target"
    },
    {
      "id": 10,
      "x": 4096.01708984375,
      "y": -2025.9365234375,
      "action": "",
      "move_mode": "walk",
      "type": "teleport"
    },
    {
      "id": 11,
      "x": 4095.98828125,
      "y": -2032.8798828125,
      "action": "",
      "move_mode": "run",
      "action_params": "",
      "type": "path"
    },
    {
      "id": 12,
      "x": 4122.3125,
      "y": -2045.7498450684443,
      "action": "",
      "move_mode": "run",
      "type": "path"
    },
    {
      "id": 13,
      "x": 4149.219275361031,
      "y": -2041.2823489523507,
      "action": "",
      "move_mode": "run",
      "action_params": "",
      "type": "path"
    },
    {
      "id": 14,
      "x": 4197.4619140625,
      "y": -2046.7412109375,
      "action": "stop_flying",
      "move_mode": "fly",
      "action_params": "",
      "type": "path"
    },
    {
      "id": 15,
      "x": 4200.10009765625,
      "y": -2046.51953125,
      "action": "combat_script",
      "move_mode": "climb",
      "action_params": "keypress(f),wait(0.2),keypress(f),wait(0.2),keypress(f);万叶 attack(0.08),keydown(E),wait(0.8),keyup(E),attack(0.2),wait(0.5);琴 attack(0.08),keydown(E),wait(0.4),moveby(1000,0),wait(0.2),moveby(1000,0),wait(0.2),moveby(1000,0),wait(0.2),moveby(1000,-3500),wait(1.8),keyup(E),wait(0.3),click(middle);",
      "type": "target"
    },
    {
      "id": 16,
      "x": 4202.6923828125,
      "y": -2045.80078125,
      "action": "",
      "move_mode": "walk",
      "action_params": "",
      "type": "path"
    },
    {
      "id": 17,
      "x": 4200.78076171875,
      "y": -2043.26171875,
      "action": "",
      "move_mode": "walk",
      "action_params": "",
      "type": "path"
    }
  ]
}