﻿{
  "info": {
    "name": "413须弥-阿如村西2",
    "type": "collect",
    "authors": [
      {
        "name": "汐",
        "links": ""
      }
    ],
    "version": "1.0",
    "description": "",
    "map_name": "Teyvat",
    "bgi_version": "0.45.0",
    "tags": [],
    "last_modified_time": 1753123291904,
    "enable_monster_loot_split": false
  },
  "positions": [
    {
      "id": 1,
      "x": 4402.7373046875,
      "y": -1870.81005859375,
      "action": "",
      "move_mode": "walk",
      "action_params": "",
      "type": "teleport"
    },
    {
      "id": 2,
      "x": 4376.8349609375,
      "y": -1903.736328125,
      "action": "",
      "move_mode": "run",
      "action_params": "",
      "type": "path"
    },
    {
      "id": 3,
      "x": 4369.650390625,
      "y": -1911.4462890625,
      "action": "",
      "move_mode": "fly",
      "action_params": "",
      "type": "path"
    },
    {
      "id": 4,
      "x": 4360.843769750415,
      "y": -1910.156052946475,
      "action": "stop_flying",
      "move_mode": "fly",
      "action_params": "2000",
      "type": "path"
    },
    {
      "id": 5,
      "x": 4359.015625,
      "y": -1909.84619140625,
      "action": "combat_script",
      "move_mode": "climb",
      "action_params": "keypress(f),w(0.2),keypress(f),w(0.2),keypress(f),a(0.3);万叶 attack(0.08),keydown(e),wait(0.51),keyup(E),attack(0.2),wait(0.5);琴 attack(0.08),keydown(E),wait(0.4),moveby(1000,0),wait(0.2),moveby(1000,0),wait(0.2),moveby(1000,0),wait(0.2),moveby(1000,-3500),wait(1.8),keyup(E),wait(0.3),click(middle);a(0.5)",
      "type": "target"
    },
    {
      "id": 6,
      "x": 4368.813013510782,
      "y": -1928.3474940169754,
      "action": "",
      "move_mode": "dash",
      "action_params": "",
      "type": "path"
    },
    {
      "id": 7,
      "x": 4339.562523700498,
      "y": -1955.3748484203652,
      "action": "",
      "move_mode": "run",
      "action_params": "",
      "type": "path"
    },
    {
      "id": 8,
      "x": 4337.687551351079,
      "y": -1956.1251440006527,
      "action": "combat_script",
      "move_mode": "climb",
      "action_params": "keypress(f),wait(0.2),keypress(f),wait(0.2),keypress(f),wait(0.2),keypress(f),wait(0.2),keypress(f),a(0.3);万叶 attack(0.08),keydown(E),wait(0.51),keyup(E),attack(0.2),wait(0.5);琴 attack(0.08),keydown(E),wait(0.4),moveby(1000,0),wait(0.2),moveby(1000,0),wait(0.2),moveby(1000,0),wait(0.2),moveby(1000,-3500),wait(1.8),keyup(E),wait(0.3),click(middle);",
      "type": "target"
    }
  ]
}