﻿{
  "info": {
    "name": "503枫丹-芒索斯山东麓2",
    "type": "collect",
    "authors": [
      {
        "name": "汐",
        "links": ""
      }
    ],
    "version": "1.0",
    "description": "",
    "map_name": "Teyvat",
    "bgi_version": "0.45.0",
    "tags": [],
    "last_modified_time": 1752155710844,
    "enable_monster_loot_split": false
  },
  "positions": [
    {
      "id": 1,
      "x": 4984.80859375,
      "y": 4463.0029296875,
      "action": "",
      "move_mode": "walk",
      "type": "teleport"
    },
    {
      "id": 2,
      "x": 4965.32470703125,
      "y": 4454.4130859375,
      "action": "",
      "move_mode": "run",
      "type": "path"
    },
    {
      "id": 3,
      "x": 4957.3447265625,
      "y": 4452.0078125,
      "type": "path",
      "move_mode": "dash",
      "action": "",
      "action_params": "",
      "locked": false
    },
    {
      "id": 4,
      "x": 4957.3447265625,
      "y": 4452.0078125,
      "type": "target",
      "move_mode": "climb",
      "action": "combat_script",
      "action_params": "keypress(f),wait(0.2),keypress(f),wait(0.2),keypress(f),wait(0.2),keypress(f);万叶 attack(0.08),keydown(E),wait(0.48),keyup(E),attack(0.2),wait(0.5);琴 attack(0.08),keydown(E),wait(0.4),moveby(1000,0),wait(0.2),moveby(1000,0),wait(0.2),moveby(1000,0),wait(0.2),moveby(1000,-3500),wait(1.8),keyup(E),wait(0.3),click(middle);"
    },
    {
      "id": 5,
      "x": 4947.6875,
      "y": 4458.312433600762,
      "action": "combat_script",
      "move_mode": "dash",
      "action_params": "keypress(f),wait(0.2),keypress(f),wait(0.2),keypress(f),wait(0.2),keypress(f);万叶 attack(0.08),keydown(E),wait(0.51),keyup(E),attack(0.2),wait(0.5);琴 attack(0.08),keydown(E),wait(0.4),moveby(1000,0),wait(0.2),moveby(1000,0),wait(0.2),moveby(1000,0),wait(0.2),moveby(1000,-3500),wait(1.8),keyup(E),wait(0.3),click(middle);",
      "type": "target"
    }
  ]
}