﻿{
  "info": {
    "name": "603纳塔-悬木人声望2",
    "type": "collect",
    "authors": [
      {
        "name": "汐",
        "links": ""
      }
    ],
    "version": "1",
    "description": "",
    "map_name": "Teyvat",
    "bgi_version": "0.45.0",
    "tags": [],
    "last_modified_time": 1755533591331,
    "enable_monster_loot_split": false,
    "map_match_method": ""
  },
  "positions": [
    {
      "id": 1,
      "x": 8439.60546875,
      "y": -2107.0107421875,
      "action": "",
      "move_mode": "walk",
      "type": "teleport"
    },
    {
      "id": 2,
      "x": 8450.9892578125,
      "y": -2090.3232421875,
      "action": "combat_script",
      "move_mode": "run",
      "action_params": "keypress(f),wait(0.2),keypress(f),wait(0.2),keypress(f),keypress(f),w(0.3),keypress(f),a(0.2),keypress(f);万叶 attack(0.08),keydown(E),wait(0.7),keyup(E),attack(0.2),wait(0.5);琴 attack(0.08),keydown(E),wait(0.4),moveby(1000,0),wait(0.2),moveby(1000,0),wait(0.2),moveby(1000,0),wait(0.2),moveby(1000,-3500),wait(1.8),keyup(E),wait(0.3),click(middle);",
      "type": "target"
    },
    {
      "id": 3,
      "x": 8425.999956549087,
      "y": -2106.5942426338115,
      "action": "combat_script",
      "move_mode": "run",
      "action_params": "attack(0.3)",
      "type": "path"
    },
    {
      "id": 4,
      "x": 8435.068359375,
      "y": -2111.833984375,
      "action": "",
      "move_mode": "dash",
      "action_params": "",
      "type": "path"
    },
    {
      "id": 5,
      "x": 8437.7216796875,
      "y": -2113.0166015625,
      "action": "combat_script",
      "move_mode": "climb",
      "action_params": "keypress(f),wait(0.3),keypress(f),wait(0.3),keypress(f),w(0.2),keypress(f),w(0.15),keypress(f),d(0.3),keypress(f),s(0.5);万叶 attack(0.08),keydown(E),wait(0.8),keyup(E),attack(0.2),wait(0.5);琴 attack(0.08),keydown(E),wait(0.4),moveby(1000,0),wait(0.2),moveby(1000,0),wait(0.2),moveby(1000,0),wait(0.2),moveby(1000,-3500),wait(1.8),keyup(E),wait(0.3),click(middle);",
      "type": "target",
      "locked": false
    },
    {
      "id": 6,
      "x": 8437.7216796875,
      "y": -2113.0166015625,
      "action": "set_time",
      "move_mode": "climb",
      "action_params": "06:00",
      "type": "orientation"
    }
  ]
}