﻿{
  "info": {
    "name": "620纳塔-悠悠集市南10",
    "type": "collect",
    "authors": [
      {
        "name": "汐",
        "links": ""
      }
    ],
    "version": "1.0",
    "description": "",
    "map_name": "Teyvat",
    "bgi_version": "0.45.0",
    "tags": [],
    "last_modified_time": 1755674059524,
    "enable_monster_loot_split": false,
    "map_match_method": ""
  },
  "positions": [
    {
      "id": 1,
      "x": 13914.6923828125,
      "y": 323.134765625,
      "action": "force_tp",
      "move_mode": "walk",
      "action_params": "",
      "type": "teleport"
    },
    {
      "id": 2,
      "x": 13830.224609375,
      "y": 306.21142578125,
      "action": "combat_script",
      "move_mode": "dash",
      "action_params": "keypress(f),wait(0.2),keypress(f)",
      "type": "path"
    },
    {
      "id": 3,
      "x": 13804.650390625,
      "y": 290.0966796875,
      "action": "combat_script",
      "move_mode": "dash",
      "action_params": "keypress(f),wait(0.2),keypress(f),wait(0.2),keypress(f),wait(0.2),keypress(f),wait(0.2),keypress(f),d(0.1);万叶 attack(0.08),keydown(E),wait(0.7),keyup(E),attack(0.2);琴 attack(0.08),keydown(E),wait(0.4),moveby(1000,0),wait(0.2),moveby(1000,0),wait(0.2),moveby(1000,0),wait(0.2),moveby(1000,-3500),wait(1.8),keyup(E),wait(0.3),click(middle);",
      "type": "target"
    },
    {
      "id": 4,
      "x": 13816.802734375,
      "y": 294.0283203125,
      "action": "",
      "move_mode": "dash",
      "action_params": "",
      "type": "path"
    },
    {
      "id": 5,
      "x": 13827.6875,
      "y": 299.5644587775214,
      "action": "combat_script",
      "move_mode": "dash",
      "action_params": "keypress(t),wait(0.2),keypress(t),wait(0.4),",
      "type": "orientation"
    },
    {
      "id": 6,
      "x": 13829,
      "y": 219.24582791454486,
      "action": "combat_script",
      "move_mode": "dash",
      "action_params": "keydown(w),wait(0.5),moveby(0,-1300),keypress(e),wait(1.7),keypress(e),wait(1.7),keypress(e),wait(0.3),keypress(e),wait(1),keyup(w)",
      "type": "orientation"
    },
    {
      "id": 7,
      "x": 13829,
      "y": 219.24582791454486,
      "action": "combat_script",
      "move_mode": "climb",
      "action_params": "keydown(Q),keypress(f),wait(0.8),keypress(f),keyup(Q),wait(0.1),j,keypress(f),wait(0.2),keypress(f),wait(0.2),keypress(f),attack(0.08);万叶 attack(0.08),keydown(E),wait(0.48),keyup(E),attack(0.2);琴 attack(0.08),keydown(E),wait(0.4),moveby(1000,0),wait(0.2),moveby(1000,0),wait(0.2),moveby(1000,0),wait(0.2),moveby(1000,-3500),wait(1.8),keyup(E),wait(0.3),click(middle);",
      "type": "target"
    },
    {
      "id": 8,
      "x": 13827.625,
      "y": 228.9372233365084,
      "action": "stop_flying",
      "move_mode": "fly",
      "action_params": "",
      "type": "path"
    },
    {
      "id": 9,
      "x": 13824.90625,
      "y": 229.0625,
      "action": "",
      "move_mode": "climb",
      "action_params": "",
      "type": "path"
    },
    {
      "id": 10,
      "x": 13824.90625,
      "y": 229.0625,
      "action": "combat_script",
      "move_mode": "climb",
      "action_params": "keypress(f),wait(0.2),keypress(f),wait(0.2),keypress(f);万叶 attack(0.08),keydown(E),wait(0.48),keyup(E),attack(0.2);琴 attack(0.08),keydown(E),wait(0.4),moveby(1000,0),wait(0.2),moveby(1000,0),wait(0.2),moveby(1000,0),wait(0.2),moveby(1000,-3500),wait(1.8),keyup(E),wait(0.3),click(middle);",
      "type": "target"
    },
    {
      "id": 11,
      "x": 13823.724609375,
      "y": 225.51123046875,
      "action": "",
      "move_mode": "climb",
      "action_params": "",
      "type": "path"
    },
    {
      "id": 12,
      "x": 13822.25,
      "y": 225.74994466730186,
      "action": "",
      "move_mode": "jump",
      "action_params": "",
      "type": "path"
    },
    {
      "id": 13,
      "x": 13821.5537109375,
      "y": 225.93603515625,
      "action": "combat_script",
      "move_mode": "climb",
      "action_params": "keypress(f),wait(0.2),keypress(f),wait(0.2),keypress(f),wait(0.2),keypress(f),wait(0.2),keypress(f),s(0.1);万叶 attack(0.08),keydown(E),wait(0.7),keyup(E),attack(0.2);琴 attack(0.08),keydown(E),wait(0.4),moveby(1000,0),wait(0.2),moveby(1000,0),wait(0.2),moveby(1000,0),wait(0.2),moveby(1000,-3500),wait(1.8),keyup(E),wait(0.3),click(middle);",
      "type": "target"
    },
    {
      "id": 14,
      "x": 13833.2890625,
      "y": 231.04736328125,
      "action": "",
      "move_mode": "dash",
      "action_params": "",
      "type": "path"
    },
    {
      "id": 15,
      "x": 13859.625,
      "y": 219.7455733841325,
      "action": "",
      "move_mode": "dash",
      "action_params": "",
      "type": "path"
    },
    {
      "id": 16,
      "x": 13866.15625,
      "y": 214.12552012736433,
      "action": "",
      "move_mode": "jump",
      "action_params": "",
      "type": "path"
    },
    {
      "id": 17,
      "x": 13866.6572265625,
      "y": 215.90283203125,
      "action": "combat_script",
      "move_mode": "climb",
      "action_params": "keypress(f),wait(0.2),keypress(f),wait(0.2),keypress(f),wait(0.2),keypress(f),wait(0.2),keypress(f);万叶 attack(0.08),keydown(E),wait(0.7),keyup(E),attack(0.2);琴 attack(0.08),keydown(E),wait(0.4),moveby(1000,0),wait(0.2),moveby(1000,0),wait(0.2),moveby(1000,0),wait(0.2),moveby(1000,-3500),wait(1.8),keyup(E),wait(0.3),click(middle);",
      "type": "target"
    },
    {
      "id": 18,
      "x": 13870.654296875,
      "y": 217.82421875,
      "action": "",
      "move_mode": "walk",
      "action_params": "",
      "type": "path"
    },
    {
      "id": 19,
      "x": 13875.34375,
      "y": 237.6557741387942,
      "action": "",
      "move_mode": "dash",
      "action_params": "",
      "type": "path"
    },
    {
      "id": 20,
      "x": 13882.8798828125,
      "y": 244.01904296875,
      "action": "",
      "move_mode": "climb",
      "action_params": "",
      "type": "path"
    },
    {
      "id": 21,
      "x": 13887.9384765625,
      "y": 243.96240234375,
      "action": "combat_script",
      "move_mode": "climb",
      "action_params": "keypress(f),wait(0.2),keypress(f),wait(0.2),keypress(f),s(0.6);万叶 attack(0.08),keydown(E),wait(0.48),keyup(E),attack(0.2);琴 attack(0.08),keydown(E),wait(0.4),moveby(1000,0),wait(0.2),moveby(1000,0),wait(0.2),moveby(1000,0),wait(0.2),moveby(1000,-3500),wait(1.8),keyup(E),wait(0.3),click(middle);",
      "type": "target"
    },
    {
      "id": 22,
      "x": 13886.279296875,
      "y": 251.5009765625,
      "action": "",
      "move_mode": "climb",
      "action_params": "",
      "type": "path"
    },
    {
      "id": 23,
      "x": 13891.3388671875,
      "y": 248.4775390625,
      "action": "combat_script",
      "move_mode": "climb",
      "action_params": "keypress(f),wait(0.2),keypress(f),wait(0.2),keypress(f),wait(0.2),keypress(f),wait(0.2),keypress(f),d(0.2);万叶 attack(0.08),keydown(E),wait(0.7),keyup(E),attack(0.2);琴 attack(0.08),keydown(E),wait(0.4),moveby(1000,0),wait(0.2),moveby(1000,0),wait(0.2),moveby(1000,0),wait(0.2),moveby(1000,-3500),wait(1.8),keyup(E),wait(0.3),click(middle);",
      "type": "target"
    },
    {
      "id": 24,
      "x": 13888.9931640625,
      "y": 251.04345703125,
      "action": "",
      "move_mode": "walk",
      "action_params": "",
      "type": "path"
    },
    {
      "id": 25,
      "x": 13880.9658203125,
      "y": 252.5185546875,
      "action": "combat_script",
      "move_mode": "walk",
      "action_params": "keypress(t),wait(0.2),keypress(t),wait(0.5)",
      "type": "orientation"
    },
    {
      "id": 26,
      "x": 13878.6337890625,
      "y": 243.90576171875,
      "action": "combat_script",
      "move_mode": "walk",
      "action_params": "keydown(VK_SPACE),wait(1),keyup(VK_SPACE),wait(0.2),keypress(e),wait(0.7),keypress(e),wait(1.7),keypress(e),wait(1.1),moveby(0,-1800),",
      "type": "orientation"
    },
    {
      "id": 27,
      "x": 13848.4462890625,
      "y": 179.9833984375,
      "action": "",
      "move_mode": "dash",
      "action_params": "",
      "type": "path"
    },
    {
      "id": 28,
      "x": 13821.5419921875,
      "y": 126.47265625,
      "action": "combat_script",
      "move_mode": "walk",
      "action_params": "keypress(e),wait(0.2),keypress(e),wait(1.1),keypress(e),wait(0.3),keypress(e),wait(0.7)",
      "type": "orientation"
    },
    {
      "id": 29,
      "x": 13815.375,
      "y": 123.1880090608247,
      "action": "",
      "move_mode": "dash",
      "action_params": "",
      "type": "path"
    },
    {
      "id": 30,
      "x": 13790.8583984375,
      "y": 110.7939453125,
      "action": "",
      "move_mode": "dash",
      "action_params": "",
      "type": "path"
    },
    {
      "id": 31,
      "x": 13778.0009765625,
      "y": 102.361328125,
      "action": "combat_script",
      "move_mode": "dash",
      "action_params": "click(middle),keydown(Q),keypress(f),wait(0.8),keypress(f),keyup(Q),wait(0.1),j,keypress(f),wait(0.2),keypress(f),wait(0.2),keypress(f),attack(0.08);万叶 attack(0.08),keydown(E),wait(0.48),keyup(E),attack(0.2);琴 attack(0.08),keydown(E),wait(0.4),moveby(1000,0),wait(0.2),moveby(1000,0),wait(0.2),moveby(1000,0),wait(0.2),moveby(1000,-3500),wait(1.8),keyup(E),wait(0.3),click(middle);",
      "type": "target"
    },
    {
      "id": 32,
      "x": 13783.759765625,
      "y": 94.4052734375,
      "action": "",
      "move_mode": "dash",
      "action_params": "",
      "type": "target"
    },
    {
      "id": 33,
      "x": 13781.828125,
      "y": 92.900390625,
      "action": "combat_script",
      "move_mode": "climb",
      "action_params": "keypress(f),wait(0.2),keypress(f),wait(0.2),keypress(f),wait(0.2),keypress(f),wait(0.2),keypress(f);万叶 attack(0.08),keydown(E),wait(0.8),keyup(E),attack(0.2);琴 attack(0.08),keydown(E),wait(0.4),moveby(1000,0),wait(0.2),moveby(1000,0),wait(0.2),moveby(1000,0),wait(0.2),moveby(1000,-3500),wait(1.8),keyup(E),wait(0.3),click(middle);",
      "type": "target"
    },
    {
      "id": 34,
      "x": 13814.431640625,
      "y": 66.58984375,
      "action": "stop_flying",
      "move_mode": "fly",
      "action_params": "1500",
      "type": "path"
    },
    {
      "id": 35,
      "x": 13822.240234375,
      "y": 71.39501953125,
      "action": "combat_script",
      "move_mode": "dash",
      "action_params": "keypress(f),wait(0.2),keypress(f),wait(0.2),keypress(f),wait(0.2),keypress(f),wait(0.2),keypress(f);万叶 attack(0.08),keydown(E),wait(0.7),keyup(E),attack(0.2);琴 attack(0.08),keydown(E),wait(0.4),moveby(1000,0),wait(0.2),moveby(1000,0),wait(0.2),moveby(1000,0),wait(0.2),moveby(1000,-3500),wait(1.8),keyup(E),wait(0.3),click(middle);",
      "type": "target"
    }
  ]
}