﻿{
  "info": {
    "name": "625纳塔-悠悠集市南4",
    "type": "collect",
    "authors": [
      {
        "name": "汐",
        "links": ""
      }
    ],
    "version": "1.0",
    "description": "",
    "map_name": "Teyvat",
    "bgi_version": "0.45.0",
    "tags": [],
    "last_modified_time": 1755362566824,
    "enable_monster_loot_split": false,
    "map_match_method": ""
  },
  "positions": [
    {
      "id": 1,
      "x": 13914.5927734375,
      "y": 323.52294921875,
      "action": "",
      "move_mode": "walk",
      "action_params": "",
      "type": "teleport"
    },
    {
      "id": 2,
      "x": 13895.7451171875,
      "y": 359.9638671875,
      "action": "",
      "move_mode": "run",
      "action_params": "",
      "type": "path"
    },
    {
      "id": 3,
      "x": 13887.9853515625,
      "y": 374.078125,
      "action": "combat_script",
      "move_mode": "walk",
      "action_params": "w(0.3),dash,w(0.5),wait(0.5)",
      "type": "orientation"
    },
    {
      "id": 4,
      "x": 13887.9853515625,
      "y": 374.078125,
      "action": "",
      "move_mode": "walk",
      "action_params": "",
      "type": "path"
    },
    {
      "id": 5,
      "x": 13881.6337890625,
      "y": 380.84619140625,
      "action": "",
      "move_mode": "fly",
      "action_params": "",
      "type": "path"
    },
    {
      "id": 6,
      "x": 13883.6005859375,
      "y": 385.3466796875,
      "action": "",
      "move_mode": "climb",
      "action_params": "",
      "type": "path"
    },
    {
      "id": 7,
      "x": 13882.583984375,
      "y": 388.18310546875,
      "action": "combat_script",
      "move_mode": "climb",
      "action_params": "keypress(f),wait(0.2),keypress(f),wait(0.2),keypress(f)",
      "type": "target"
    },
    {
      "id": 8,
      "x": 13882.1494140625,
      "y": 391.84814453125,
      "action": "combat_script",
      "move_mode": "climb",
      "action_params": "attack(0.3),keypress(f),wait(0.2),keypress(f),wait(0.2),keypress(f),wait(0.2),keypress(f),wait(0.2),keypress(f);万叶 attack(0.08),keydown(E),wait(0.48),keyup(E),attack(0.2),wait(1);琴 attack(0.08),keydown(E),wait(0.4),moveby(1000,0),wait(0.2),moveby(1000,0),wait(0.2),moveby(1000,0),wait(0.2),moveby(1000,-3500),wait(1.8),keyup(E),wait(0.3),click(middle);",
      "type": "path"
    },
    {
      "id": 9,
      "x": 13865.1650390625,
      "y": 409.9541015625,
      "type": "path",
      "move_mode": "dash",
      "action": "",
      "action_params": ""
    },
    {
      "id": 10,
      "x": 13863.3876953125,
      "y": 412.00244140625,
      "type": "target",
      "move_mode": "climb",
      "action": "combat_script",
      "action_params": "keypress(f),wait(0.2),keypress(f),wait(0.2),keypress(f),wait(0.2),keypress(f),wait(0.2),keypress(f);万叶 attack(0.08),keydown(E),wait(0.7),keyup(E),attack(0.2);琴 attack(0.08),keydown(E),wait(0.4),moveby(1000,0),wait(0.2),moveby(1000,0),wait(0.2),moveby(1000,0),wait(0.2),moveby(1000,-3500),wait(1.8),keyup(E),wait(0.3),click(middle);"
    },
    {
      "id": 11,
      "x": 13865.708984375,
      "y": 402.630859375,
      "type": "path",
      "move_mode": "jump",
      "action": "",
      "action_params": ""
    },
    {
      "id": 12,
      "x": 13888.1142578125,
      "y": 396.62060546875,
      "type": "path",
      "move_mode": "dash",
      "action": "",
      "action_params": ""
    },
    {
      "id": 13,
      "x": 13894.4765625,
      "y": 393.87744140625,
      "type": "path",
      "move_mode": "jump",
      "action": "",
      "action_params": ""
    },
    {
      "id": 14,
      "x": 13898.8271484375,
      "y": 392.51904296875,
      "action": "combat_script",
      "move_mode": "dash",
      "action_params": "keypress(f),wait(0.2),keypress(f),wait(0.2),keypress(f),wait(0.2),keypress(f),wait(0.2),keypress(f);万叶 attack(0.08),keydown(E),wait(0.48),keyup(E),attack(0.2);琴 attack(0.08),keydown(E),wait(0.4),moveby(1000,0),wait(0.2),moveby(1000,0),wait(0.2),moveby(1000,0),wait(0.2),moveby(1000,-3500),wait(1.8),keyup(E),wait(0.3),click(middle);",
      "type": "target"
    },
    {
      "id": 15,
      "x": 13901.625035550747,
      "y": 392.5624696840732,
      "action": "",
      "move_mode": "walk",
      "action_params": "",
      "type": "path"
    },
    {
      "id": 16,
      "x": 13907.732421875,
      "y": 382.28466796875,
      "action": "",
      "move_mode": "run",
      "action_params": "",
      "type": "path"
    },
    {
      "id": 17,
      "x": 13910.318359375,
      "y": 385.5830078125,
      "action": "combat_script",
      "move_mode": "climb",
      "action_params": "keypress(f),wait(0.2),keypress(f),wait(0.2),keypress(f),s(0.2);万叶 attack(0.08),keydown(E),wait(0.7),keyup(E),attack(0.2);琴 attack(0.08),keydown(E),wait(0.4),moveby(1000,0),wait(0.2),moveby(1000,0),wait(0.2),moveby(1000,0),wait(0.2),moveby(1000,-3500),wait(1.8),keyup(E),wait(0.3),click(middle);",
      "type": "target"
    }
  ]
}