﻿{
  "info": {
    "name": "635纳塔-呼呼丘3",
    "type": "collect",
    "authors": [
      {
        "name": "汐",
        "links": ""
      }
    ],
    "version": "1.0",
    "description": "",
    "map_name": "Teyvat",
    "bgi_version": "0.45.0",
    "tags": [],
    "last_modified_time": 1755544038028,
    "enable_monster_loot_split": false,
    "map_match_method": ""
  },
  "positions": [
    {
      "id": 1,
      "x": 14115.37109375,
      "y": 764.6962890625,
      "action": "",
      "move_mode": "walk",
      "action_params": "",
      "type": "teleport"
    },
    {
      "id": 2,
      "x": 14111.5869140625,
      "y": 771.314453125,
      "type": "path",
      "move_mode": "walk",
      "action": "",
      "action_params": ""
    },
    {
      "id": 3,
      "x": 14085.6826171875,
      "y": 758.3203125,
      "type": "path",
      "move_mode": "dash",
      "action": "",
      "action_params": ""
    },
    {
      "id": 4,
      "x": 14077.4892578125,
      "y": 754.5830078125,
      "type": "path",
      "move_mode": "jump",
      "action": "",
      "action_params": ""
    },
    {
      "id": 5,
      "x": 14073.3232421875,
      "y": 761.4248046875,
      "action": "combat_script",
      "move_mode": "climb",
      "action_params": "keypress(f),wait(0.2),keypress(f),wait(0.2),keypress(f),wait(0.2),keypress(f),wait(0.2),keypress(f);万叶 attack(0.08),keydown(E),wait(0.7),keyup(E),attack(0.2);琴 attack(0.08),keydown(E),wait(0.4),moveby(1000,0),wait(0.2),moveby(1000,0),wait(0.2),moveby(1000,0),wait(0.2),moveby(1000,-3500),wait(1.8),keyup(E),wait(0.3),click(middle);",
      "type": "target"
    },
    {
      "id": 6,
      "x": 14115.37109375,
      "y": 764.6962890625,
      "action": "",
      "move_mode": "walk",
      "action_params": "",
      "type": "teleport",
      "locked": false
    },
    {
      "id": 7,
      "x": 14113.3544921875,
      "y": 747.5927734375,
      "action": "",
      "move_mode": "dash",
      "action_params": "",
      "type": "path"
    },
    {
      "id": 8,
      "x": 14105.37890625,
      "y": 746.02099609375,
      "action": "",
      "move_mode": "dash",
      "action_params": "",
      "type": "path"
    },
    {
      "id": 9,
      "x": 14105.1806640625,
      "y": 748.380859375,
      "action": "combat_script",
      "move_mode": "climb",
      "action_params": "keypress(f),wait(0.2),keypress(f),wait(0.2),keypress(f),wait(0.2),keypress(f),wait(0.2),keypress(f);万叶 attack(0.08),keydown(E),wait(0.7),keyup(E),attack(0.2);琴 attack(0.08),keydown(E),wait(0.4),moveby(1000,0),wait(0.2),moveby(1000,0),wait(0.2),moveby(1000,0),wait(0.2),moveby(1000,-3500),wait(1.8),keyup(E),wait(0.3),click(middle);",
      "type": "target"
    },
    {
      "id": 10,
      "x": 14079.6494140625,
      "y": 711.22412109375,
      "type": "path",
      "move_mode": "dash",
      "action": "",
      "action_params": ""
    },
    {
      "id": 11,
      "x": 14063.9580078125,
      "y": 709.916015625,
      "type": "path",
      "move_mode": "dash",
      "action": "",
      "action_params": ""
    },
    {
      "id": 12,
      "x": 14063.4296875,
      "y": 709.73486328125,
      "action": "combat_script",
      "move_mode": "climb",
      "action_params": "keypress(f),wait(0.2),keypress(f),wait(0.2),keypress(f),wait(0.2),keypress(f),wait(0.2),keypress(f);万叶 attack(0.08),keydown(E),wait(0.7),keyup(E),attack(0.2);琴 attack(0.08),keydown(E),wait(0.4),moveby(1000,0),wait(0.2),moveby(1000,0),wait(0.2),moveby(1000,0),wait(0.2),moveby(1000,-3500),wait(1.8),keyup(E),wait(0.3),click(middle);",
      "type": "target"
    }
  ]
}