﻿{
  "info": {
    "name": "638纳塔-浪浪湾9",
    "type": "collect",
    "authors": [
      {
        "name": "汐",
        "links": ""
      }
    ],
    "version": "1.0",
    "description": "",
    "map_name": "Teyvat",
    "bgi_version": "0.45.0",
    "tags": [],
    "last_modified_time": 1755671454160,
    "enable_monster_loot_split": false,
    "map_match_method": ""
  },
  "positions": [
    {
      "id": 1,
      "x": 14432.2265625,
      "y": 793.11572265625,
      "action": "force_tp",
      "move_mode": "walk",
      "action_params": "",
      "type": "teleport"
    },
    {
      "id": 2,
      "x": 14431.9765625,
      "y": 798.27783203125,
      "action": "",
      "move_mode": "dash",
      "action_params": "",
      "type": "path"
    },
    {
      "id": 3,
      "x": 14416.6923828125,
      "y": 803.376953125,
      "action": "",
      "move_mode": "dash",
      "action_params": "",
      "type": "path"
    },
    {
      "id": 4,
      "x": 14402.029296875,
      "y": 800.56005859375,
      "action": "",
      "move_mode": "dash",
      "action_params": "",
      "type": "path"
    },
    {
      "id": 5,
      "x": 14395.48046875,
      "y": 812.322265625,
      "action": "",
      "move_mode": "dash",
      "action_params": "",
      "type": "path"
    },
    {
      "id": 6,
      "x": 14394.96484375,
      "y": 807.56787109375,
      "action": "combat_script",
      "move_mode": "climb",
      "action_params": "keypress(f),wait(0.2),keypress(f),wait(0.2),keypress(f),wait(0.2),keypress(f),wait(0.2),keypress(f);万叶 attack(0.08),keydown(E),wait(0.7),keyup(E),attack(0.2);琴 attack(0.08),keydown(E),wait(0.4),moveby(1000,0),wait(0.2),moveby(1000,0),wait(0.2),moveby(1000,0),wait(0.2),moveby(1000,-3500),wait(1.8),keyup(E),wait(0.3),click(middle);芙宁娜 e;",
      "type": "target"
    },
    {
      "id": 7,
      "x": 14432.2265625,
      "y": 793.11572265625,
      "action": "force_tp",
      "move_mode": "walk",
      "action_params": "",
      "type": "teleport"
    },
    {
      "id": 8,
      "x": 14483.26953125,
      "y": 830.46240234375,
      "action": "",
      "move_mode": "fly",
      "action_params": "",
      "type": "path"
    },
    {
      "id": 9,
      "x": 14500.5009765625,
      "y": 852.5205078125,
      "action": "combat_script",
      "move_mode": "dash",
      "action_params": "keypress(f),wait(0.2),keypress(f),wait(0.2),keypress(f)",
      "type": "target"
    },
    {
      "id": 10,
      "x": 14501.9287109375,
      "y": 854.05224609375,
      "action": "combat_script",
      "move_mode": "climb",
      "action_params": "keypress(f),wait(0.2),keypress(f),wait(0.2),keypress(f),wait(0.2),keypress(f),wait(0.2),keypress(f);万叶 attack(0.08),keydown(E),wait(0.48),keyup(E),attack(0.2);琴 attack(0.08),keydown(E),wait(0.4),moveby(1000,0),wait(0.2),moveby(1000,0),wait(0.2),moveby(1000,0),wait(0.2),moveby(1000,-3500),wait(1.8),keyup(E),wait(0.3),click(middle);",
      "type": "target"
    },
    {
      "id": 11,
      "x": 14508.189453125,
      "y": 857.6298828125,
      "action": "combat_script",
      "move_mode": "climb",
      "action_params": "keypress(f),wait(0.2),keypress(f),wait(0.2),keypress(f),wait(0.2),keypress(f),wait(0.2),keypress(f);万叶 attack(0.08),keydown(E),wait(0.7),keyup(E),attack(0.2);琴 attack(0.08),keydown(E),wait(0.4),moveby(1000,0),wait(0.2),moveby(1000,0),wait(0.2),moveby(1000,0),wait(0.2),moveby(1000,-3500),wait(1.8),keyup(E),wait(0.3),click(middle);",
      "type": "target"
    },
    {
      "id": 12,
      "x": 14508.416015625,
      "y": 849.396484375,
      "action": "combat_script",
      "move_mode": "walk",
      "action_params": "w(0.3),keypress(t),w(0.2),keypress(t),w(0.2),keypress(t)",
      "type": "orientation"
    },
    {
      "id": 13,
      "x": 14526.40625,
      "y": 888.3157424961228,
      "action": "combat_script",
      "move_mode": "run",
      "action_params": "wait(0.3),keydown(Q),keypress(f),wait(0.8),keypress(f),keyup(Q),wait(0.1),j,keypress(f),wait(0.2),keypress(f),wait(0.2),keypress(f)",
      "type": "path"
    },
    {
      "id": 14,
      "x": 14524.7333984375,
      "y": 880.90576171875,
      "action": "combat_script",
      "move_mode": "climb",
      "action_params": "keypress(f),wait(0.2),keypress(f),wait(0.2),keypress(f),wait(0.2),keypress(f),wait(0.2),keypress(f);万叶 attack(0.08),keydown(E),wait(0.7),keyup(E),attack(0.2);琴 attack(0.08),keydown(E),wait(0.4),moveby(1000,0),wait(0.2),moveby(1000,0),wait(0.2),moveby(1000,0),wait(0.2),moveby(1000,-3500),wait(1.8),keyup(E),wait(0.3),click(middle);",
      "type": "target"
    },
    {
      "id": 15,
      "x": 14525.4375,
      "y": 884.0316483954284,
      "action": "",
      "move_mode": "climb",
      "action_params": "",
      "type": "path"
    },
    {
      "id": 16,
      "x": 14540.294921875,
      "y": 948.54150390625,
      "action": "combat_script",
      "move_mode": "walk",
      "action_params": "w(0.3),keypress(t),w(0.2),keypress(t),w(0.2),keypress(t),wait(1.2),keydown(w),wait(0.3),keypress(e),wait(1.7),keypress(e),wait(1.3),keyup(w),moveby(0,-1500)",
      "type": "orientation"
    },
    {
      "id": 17,
      "x": 14540.294921875,
      "y": 948.54150390625,
      "action": "",
      "move_mode": "dash",
      "action_params": "",
      "type": "path"
    },
    {
      "id": 18,
      "x": 14546.1767578125,
      "y": 971.80419921875,
      "action": "combat_script",
      "move_mode": "walk",
      "action_params": "keydown(VK_SPACE),wait(1),keyup(VK_SPACE),wait(0.3),keypress(e),wait(0.2),keypress(e),wait(2.8),keydown(Q),keypress(f),wait(0.8),keypress(f),keyup(Q),wait(0.1),j,keypress(f),wait(0.2),keypress(f),wait(0.2),keypress(f),attack(0.08),click(middle)",
      "type": "orientation"
    },
    {
      "id": 19,
      "x": 14547.5,
      "y": 971.7185618688254,
      "action": "",
      "move_mode": "climb",
      "action_params": "",
      "type": "target"
    },
    {
      "id": 20,
      "x": 14547.447265625,
      "y": 971.306640625,
      "action": "combat_script",
      "move_mode": "climb",
      "action_params": "keypress(f),wait(0.2),keypress(f),wait(0.2),keypress(f),wait(0.2),keypress(f),wait(0.2),keypress(f);万叶 attack(0.08),keydown(E),wait(0.48),keyup(E),attack(0.2);琴 attack(0.08),keydown(E),wait(0.4),moveby(1000,0),wait(0.2),moveby(1000,0),wait(0.2),moveby(1000,0),wait(0.2),moveby(1000,-3500),wait(1.8),keyup(E),wait(0.3),click(middle);",
      "type": "target"
    },
    {
      "id": 21,
      "x": 14552.43359375,
      "y": 973.0966796875,
      "action": "combat_script",
      "move_mode": "climb",
      "action_params": "keypress(f);万叶 attack(0.08),keydown(E),wait(0.7),keyup(E),attack(0.2);琴 attack(0.08),keydown(E),wait(0.4),moveby(1000,0),wait(0.2),moveby(1000,0),wait(0.2),moveby(1000,0),wait(0.2),moveby(1000,-3500),wait(1.8),keyup(E),wait(0.3),click(middle);",
      "type": "target"
    },
    {
      "id": 22,
      "x": 14552.3603515625,
      "y": 987.330078125,
      "action": "",
      "move_mode": "dash",
      "action_params": "",
      "type": "path"
    },
    {
      "id": 23,
      "x": 14549.28125,
      "y": 986.6561172015236,
      "action": "combat_script",
      "move_mode": "climb",
      "action_params": "keypress(f),wait(0.2),keypress(f),wait(0.2),keypress(f),wait(0.2),keypress(f),wait(0.2),keypress(f);万叶 attack(0.08),keydown(E),wait(0.7),keyup(E),attack(0.2);琴 attack(0.08),keydown(E),wait(0.4),moveby(1000,0),wait(0.2),moveby(1000,0),wait(0.2),moveby(1000,0),wait(0.2),moveby(1000,-3500),wait(1.8),keyup(E),wait(0.3),click(middle);",
      "type": "target"
    },
    {
      "id": 24,
      "x": 14531.6259765625,
      "y": 983.86767578125,
      "action": "combat_script",
      "move_mode": "dash",
      "action_params": "keypress(f),wait(0.2),keypress(f),wait(0.2),keypress(f),wait(0.2),keypress(f),wait(0.2),keypress(f),d(0.2);万叶 attack(0.08),keydown(E),wait(0.48),keyup(E),attack(0.2);琴 attack(0.08),keydown(E),wait(0.4),moveby(1000,0),wait(0.2),moveby(1000,0),wait(0.2),moveby(1000,0),wait(0.2),moveby(1000,-3500),wait(1.8),keyup(E),wait(0.3),click(middle);",
      "type": "target"
    },
    {
      "id": 25,
      "x": 14529.16796875,
      "y": 970.17333984375,
      "action": "",
      "move_mode": "run",
      "action_params": "",
      "type": "path"
    },
    {
      "id": 26,
      "x": 14538.25,
      "y": 961.3750442661585,
      "action": "",
      "move_mode": "dash",
      "action_params": "",
      "type": "path"
    },
    {
      "id": 27,
      "x": 14538.6826171875,
      "y": 961.74609375,
      "action": "combat_script",
      "move_mode": "climb",
      "action_params": "keypress(f),wait(0.2),keypress(f),wait(0.2),keypress(f),wait(0.2),keypress(f),wait(0.2),keypress(f);万叶 attack(0.08),keydown(E),wait(0.48),keyup(E),attack(0.2);琴 attack(0.08),keydown(E),wait(0.4),moveby(1000,0),wait(0.2),moveby(1000,0),wait(0.2),moveby(1000,0),wait(0.2),moveby(1000,-3500),wait(1.8),keyup(E),wait(0.3),click(middle);",
      "type": "target"
    }
  ]
}