{
  "info": {
    "name": "奥奇纳塔左下1游侠1随机（2）",
    "type": "collect",
    "author": "下流山汉",
    "version": "1.0",
    "description": "",
    "bgiVersion": "0.35.1"
  },
  "positions": [
    {
      "id": 1,
      "action": "",
      "move_mode": "walk",
      "type": "teleport",
      "x": 10030.388671875,
      "y": -643.4423828125,
      "action_params": ""
    },
    {
      "id": 2,
      "x": 10030.8388671875,
      "y": -676.47802734375,
      "type": "path",
      "move_mode": "fly",
      "action": "stop_flying",
      "action_params": ""
    },
    {
      "id": 3,
      "x": 10035.7490234375,
      "y": -712.0322265625,
      "type": "path",
      "move_mode": "walk",
      "action": "",
      "action_params": ""
    },
    {
      "id": 4,
      "x": 10028.30859375,
      "y": -767.2392578125,
      "type": "path",
      "move_mode": "walk",
      "action": "",
      "action_params": ""
    },
    {
      "id": 5,
      "x": 10031.03515625,
      "y": -802.91015625,
      "type": "path",
      "move_mode": "fly",
      "action": "stop_flying",
      "action_params": "",
      "locked": false
    },
    {
      "id": 6,
      "x": 10031.03515625,
      "y": -802.91015625,
      "type": "path",
      "move_mode": "walk",
      "action": "fight",
      "action_params": ""
    },
    {
      "id": 7,
      "x": 10046.1162109375,
      "y": -807.47900390625,
      "type": "path",
      "move_mode": "walk",
      "action": "",
      "action_params": ""
    },
    {
      "id": 8,
      "x": 10059.703125,
      "y": -788.11083984375,
      "type": "path",
      "move_mode": "walk",
      "action": "",
      "action_params": ""
    },
    {
      "id": 9,
      "x": 10074.216796875,
      "y": -745.37060546875,
      "type": "path",
      "move_mode": "walk",
      "action": "",
      "action_params": ""
    },
    {
      "id": 10,
      "x": 10092.27734375,
      "y": -725.80078125,
      "type": "path",
      "move_mode": "walk",
      "action": "",
      "action_params": ""
    },
    {
      "id": 11,
      "x": 10124.787109375,
      "y": -727.775390625,
      "type": "path",
      "move_mode": "swim",
      "action": "",
      "action_params": ""
    },
    {
      "id": 12,
      "x": 10131.923828125,
      "y": -729.0234375,
      "type": "path",
      "move_mode": "walk",
      "action": "fight",
      "action_params": ""
    }
  ]
}