{
  "info": {
    "name": "厄里那斯下一碎石一狂蔓（2）",
    "type": "collect",
    "author": "下流山汉",
    "version": "1.0",
    "description": "",
    "bgiVersion": "0.35.1"
  },
  "positions": [
    {
      "id": 1,
      "action": "",
      "move_mode": "walk",
      "type": "teleport",
      "x": 4954.970703125,
      "y": 2760.07421875,
      "action_params": ""
    },
    {
      "id": 2,
      "x": 4954.59033203125,
      "y": 2709.847412109375,
      "type": "path",
      "move_mode": "fly",
      "action": "combat_script",
      "action_params": "keypress(VK_SPACE),wait(1.5),click"
    },
    {
      "id": 3,
      "x": 4948.888671875,
      "y": 2688.504638671875,
      "type": "path",
      "move_mode": "walk",
      "action": "",
      "action_params": ""
    },
    {
      "id": 4,
      "x": 4938.29345703125,
      "y": 2671.29736328125,
      "type": "path",
      "move_mode": "walk",
      "action": "",
      "action_params": ""
    },
    {
      "id": 5,
      "x": 4929.3232421875,
      "y": 2654.5263671875,
      "type": "path",
      "move_mode": "walk",
      "action": "fight",
      "action_params": ""
    },
    {
      "id": 6,
      "x": 4937.96826171875,
      "y": 2640.1318359375,
      "type": "path",
      "move_mode": "walk",
      "action": "",
      "action_params": ""
    },
    {
      "id": 7,
      "x": 4965.373046875,
      "y": 2618.764404296875,
      "type": "path",
      "move_mode": "walk",
      "action": "",
      "action_params": ""
    },
    {
      "id": 8,
      "x": 4996.35595703125,
      "y": 2620.2421875,
      "type": "path",
      "move_mode": "walk",
      "action": "fight",
      "action_params": ""
    }
  ]
}