{
  "info": {
    "name": "奥奇纳塔右上三小宝（3）",
    "type": "collect",
    "author": "下流山汉",
    "version": "1.0",
    "description": "",
    "bgiVersion": "0.35.1"
  },
  "positions": [
    {
      "id": 1,
      "action": "",
      "move_mode": "walk",
      "type": "teleport",
      "x": 9670.1572265625,
      "y": 171.3974609375,
      "action_params": "",
      "locked": false
    },
    {
      "id": 2,
      "x": 9673.537109375,
      "y": 201.10107421875,
      "type": "path",
      "move_mode": "walk",
      "action": "",
      "action_params": ""
    },
    {
      "id": 3,
      "x": 9670.966796875,
      "y": 227.1962890625,
      "type": "path",
      "move_mode": "walk",
      "action": "",
      "action_params": ""
    },
    {
      "id": 4,
      "x": 9693.337890625,
      "y": 258.37744140625,
      "type": "path",
      "move_mode": "walk",
      "action": "",
      "action_params": ""
    },
    {
      "id": 5,
      "x": 9688.7109375,
      "y": 251.17822265625,
      "type": "path",
      "move_mode": "walk",
      "action": "fight",
      "action_params": ""
    },
    {
      "id": 6,
      "action": "",
      "move_mode": "walk",
      "type": "teleport",
      "x": 9670.1572265625,
      "y": 171.3974609375,
      "action_params": ""
    },
    {
      "id": 7,
      "x": 9662.986328125,
      "y": 173.12744140625,
      "type": "path",
      "move_mode": "walk",
      "action": "",
      "action_params": ""
    },
    {
      "id": 8,
      "x": 9632.4619140625,
      "y": 158.70556640625,
      "type": "path",
      "move_mode": "fly",
      "action": "stop_flying",
      "action_params": ""
    },
    {
      "id": 9,
      "x": 9619.6240234375,
      "y": 158.83935546875,
      "type": "path",
      "move_mode": "walk",
      "action": "",
      "action_params": ""
    },
    {
      "id": 10,
      "x": 9594.8603515625,
      "y": 161.4404296875,
      "type": "path",
      "move_mode": "fly",
      "action": "stop_flying",
      "action_params": ""
    },
    {
      "id": 11,
      "x": 9585.537109375,
      "y": 182.44580078125,
      "type": "path",
      "move_mode": "walk",
      "action": "",
      "action_params": ""
    },
    {
      "id": 12,
      "x": 9546.5498046875,
      "y": 181.2255859375,
      "type": "path",
      "move_mode": "walk",
      "action": "",
      "action_params": ""
    },
    {
      "id": 13,
      "x": 9559.1884765625,
      "y": 181.17431640625,
      "type": "path",
      "move_mode": "walk",
      "action": "fight",
      "action_params": ""
    }
  ]
}