{
  "info": {
    "name": "奥奇纳塔左四小宝（4）",
    "type": "collect",
    "author": "下流山汉",
    "version": "1.0",
    "description": "",
    "bgiVersion": "0.35.1"
  },
  "positions": [
    {
      "id": 1,
      "x": 10165.75390625,
      "y": -395.576171875,
      "action": "",
      "move_mode": "walk",
      "action_params": "",
      "type": "teleport"
    },
    {
      "id": 2,
      "x": 10189.23828125,
      "y": -374.23974609375,
      "action": "",
      "move_mode": "walk",
      "action_params": "",
      "type": "path"
    },
    {
      "id": 3,
      "x": 10216.3515625,
      "y": -385.501953125,
      "action": "",
      "move_mode": "walk",
      "action_params": "",
      "type": "path"
    },
    {
      "id": 4,
      "x": 10232.37109375,
      "y": -408.89013671875,
      "action": "",
      "move_mode": "walk",
      "action_params": "",
      "type": "path"
    },
    {
      "id": 5,
      "x": 10241.2373046875,
      "y": -449.66455078125,
      "action": "",
      "move_mode": "walk",
      "action_params": "",
      "type": "path"
    },
    {
      "id": 6,
      "x": 10260.3564453125,
      "y": -437.96044921875,
      "action": "fight",
      "move_mode": "walk",
      "action_params": "",
      "type": "path"
    },
    {
      "id": 7,
      "x": 10259.349609375,
      "y": -505.63671875,
      "action": "",
      "move_mode": "walk",
      "action_params": "",
      "type": "path"
    },
    {
      "id": 8,
      "x": 10291.1806640625,
      "y": -504.55712890625,
      "action": "fight",
      "move_mode": "walk",
      "action_params": "",
      "type": "path"
    },
    {
      "id": 9,
      "x": 10299.2021484375,
      "y": -502.92431640625,
      "action": "",
      "move_mode": "walk",
      "action_params": "",
      "type": "path"
    },
    {
      "id": 10,
      "x": 10313.997673278896,
      "y": -524.5005091183302,
      "action": "",
      "move_mode": "walk",
      "action_params": "",
      "type": "path"
    },
    {
      "id": 11,
      "x": 10302.75390625,
      "y": -533.8271484375,
      "action": "fight",
      "move_mode": "walk",
      "action_params": "",
      "type": "path"
    },
    {
      "id": 12,
      "x": 10310.94921875,
      "y": -543.17919921875,
      "action": "",
      "move_mode": "walk",
      "action_params": "",
      "type": "path"
    },
    {
      "id": 13,
      "x": 10300.6865234375,
      "y": -554.73388671875,
      "action": "",
      "move_mode": "walk",
      "action_params": "",
      "type": "path"
    },
    {
      "id": 14,
      "x": 10274.1484375,
      "y": -572.87548828125,
      "action": "",
      "move_mode": "walk",
      "action_params": "",
      "type": "path"
    },
    {
      "id": 15,
      "x": 10284.275390625,
      "y": -557.7197265625,
      "type": "path",
      "move_mode": "walk",
      "action": "fight",
      "action_params": ""
    }
  ]
}