{
  "info": {
    "name": "427【清怪】须弥-智障厅",
    "type": "collect",
    "author": "汐",
    "version": "1.0",
    "description": "",
    "map_name": "Teyvat",
    "bgi_version": "0.45.0",
    "tags": [],
    "last_modified_time": 1751703351835
  },
  "positions": [
    {
      "id": 1,
      "action": "",
      "move_mode": "walk",
      "type": "teleport",
      "x": 5168.560546875,
      "y": -2345.900390625,
      "action_params": ""
    },
    {
      "id": 2,
      "x": 5127.26416015625,
      "y": -2350.87109375,
      "type": "orientation",
      "move_mode": "walk",
      "action": "",
      "action_params": ""
    },
    {
      "id": 3,
      "x": 5127.26416015625,
      "y": -2350.87109375,
      "type": "path",
      "move_mode": "dash",
      "action": "",
      "action_params": ""
    },
    {
      "id": 4,
      "x": 5100.529296875,
      "y": -2350.84375,
      "type": "orientation",
      "move_mode": "walk",
      "action": "combat_script",
      "action_params": "keydown(w),wait(0.4),dash,wait(0.4),dash,wait(0.4),dash,wait(0.5),keyup(w),"
    },
    {
      "id": 5,
      "x": 5100.529296875,
      "y": -2350.84375,
      "type": "path",
      "move_mode": "dash",
      "action": "",
      "action_params": ""
    },
    {
      "id": 6,
      "x": 5070.3076171875,
      "y": -2348.5712890625,
      "type": "path",
      "move_mode": "dash",
      "action": "",
      "action_params": ""
    },
    {
      "id": 7,
      "x": 5062.34375,
      "y": -2338.5419921875,
      "type": "path",
      "move_mode": "dash",
      "action": "",
      "action_params": ""
    },
    {
      "id": 8,
      "x": 5049.26806640625,
      "y": -2331.392578125,
      "type": "path",
      "move_mode": "dash",
      "action": "",
      "action_params": ""
    },
    {
      "id": 9,
      "x": 5050.044921875,
      "y": -2308.1259765625,
      "type": "path",
      "move_mode": "dash",
      "action": "",
      "action_params": ""
    },
    {
      "id": 10,
      "x": 5049.39599609375,
      "y": -2301.986328125,
      "type": "path",
      "move_mode": "dash",
      "action": "",
      "action_params": ""
    },
    {
      "id": 11,
      "x": 5049.095703125,
      "y": -2323.2509765625,
      "type": "orientation",
      "move_mode": "dash",
      "action": "",
      "action_params": "",
      "locked": false
    },
    {
      "id": 12,
      "x": 5049.095703125,
      "y": -2323.2509765625,
      "type": "path",
      "move_mode": "dash",
      "action": "fight",
      "action_params": ""
    },
    {
      "id": 13,
      "x": 5049.1435546875,
      "y": -2329.705078125,
      "type": "path",
      "move_mode": "dash",
      "action": "",
      "action_params": ""
    },
    {
      "id": 14,
      "x": 5051.6435546875,
      "y": -2351.611328125,
      "type": "path",
      "move_mode": "dash",
      "action": "",
      "action_params": ""
    },
    {
      "id": 15,
      "x": 5049.130859375,
      "y": -2372.18359375,
      "type": "path",
      "move_mode": "dash",
      "action": "",
      "action_params": ""
    },
    {
      "id": 16,
      "x": 5048.73291015625,
      "y": -2392.673828125,
      "type": "path",
      "move_mode": "dash",
      "action": "",
      "action_params": ""
    },
    {
      "id": 17,
      "x": 5049.9638671875,
      "y": -2404.140625,
      "type": "path",
      "move_mode": "dash",
      "action": "",
      "action_params": ""
    },
    {
      "id": 18,
      "x": 5049.2685546875,
      "y": -2378.5771484375,
      "type": "orientation",
      "move_mode": "walk",
      "action": "",
      "action_params": "",
      "locked": false
    },
    {
      "id": 19,
      "x": 5049.2685546875,
      "y": -2378.5771484375,
      "type": "path",
      "move_mode": "dash",
      "action": "fight",
      "action_params": ""
    }
  ]
}