{
  "info": {
    "name": "风核1",
    "type": "collect",
    "author": "111",
    "version": "1.0",
    "description": "",
    "bgiVersion": "0.35.1"
  },
  "positions": [
    {
      "id": 1,
      "action": "",
      "move_mode": "walk",
      "type": "teleport",
      "x": 338.232421875,
      "y": 2581.187255859375,
      "action_params": ""
    },
    {
      "id": 2,
      "x": 282.478515625,
      "y": 2524.75,
      "type": "path",
      "move_mode": "walk",
      "action": "",
      "action_params": ""
    },
    {
      "id": 3,
      "x": 291.7490234375,
      "y": 2470.988525390625,
      "type": "path",
      "move_mode": "walk",
      "action": "",
      "action_params": ""
    },
    {
      "id": 4,
      "x": 306.9326171875,
      "y": 2385.52734375,
      "type": "path",
      "move_mode": "climb",
      "action": "",
      "action_params": ""
    },
    {
      "id": 5,
      "x": 336.6357421875,
      "y": 2400.842041015625,
      "type": "path",
      "move_mode": "walk",
      "action": "",
      "action_params": ""
    },
    {
      "id": 6,
      "x": 353.796875,
      "y": 2439.942138671875,
      "type": "path",
      "move_mode": "walk",
      "action": "",
      "action_params": ""
    },
    {
      "id": 7,
      "x": 365.0673828125,
      "y": 2456.642822265625,
      "type": "path",
      "move_mode": "walk",
      "action": "fight",
      "action_params": ""
    }
  ]
}