{
  "info": {
    "name": "未命名路径",
    "type": "collect",
    "author": "111",
    "version": "1.0",
    "description": "",
    "bgiVersion": "0.35.1"
  },
  "positions": [
    {
      "id": 1,
      "action": "",
      "move_mode": "walk",
      "type": "teleport",
      "x": 1433.4169921875,
      "y": 837.1103515625,
      "action_params": ""
    },
    {
      "id": 2,
      "x": 1398.978515625,
      "y": 929.5625,
      "type": "path",
      "move_mode": "fly",
      "action": "stop_flying",
      "action_params": ""
    },
    {
      "id": 3,
      "x": 1411.9982549591732,
      "y": 937.5020364733209,
      "type": "path",
      "move_mode": "walk",
      "action": "fight",
      "action_params": ""
    },
    {
      "id": 4,
      "x": 1447.3837890625,
      "y": 955.3583984375,
      "type": "path",
      "move_mode": "walk",
      "action": "",
      "action_params": ""
    },
    {
      "id": 5,
      "x": 1437.3486328125,
      "y": 987.66064453125,
      "type": "path",
      "move_mode": "walk",
      "action": "fight",
      "action_params": ""
    }
  ]
}