{
  "info": {
    "name": "未命名路径",
    "type": "collect",
    "author": "111",
    "version": "1.0",
    "description": "",
    "bgiVersion": "0.35.1"
  },
  "positions": [
    {
      "id": 1,
      "action": "",
      "move_mode": "walk",
      "type": "teleport",
      "x": 1604.4755859375,
      "y": 1039.71826171875,
      "action_params": ""
    },
    {
      "id": 2,
      "x": 1612.4599609375,
      "y": 1045.1298828125,
      "type": "path",
      "move_mode": "climb",
      "action": "",
      "action_params": ""
    },
    {
      "id": 3,
      "x": 1612.833984375,
      "y": 1051.4990234375,
      "type": "path",
      "move_mode": "climb",
      "action": "",
      "action_params": ""
    },
    {
      "id": 4,
      "x": 1637.505859375,
      "y": 1180.66015625,
      "type": "path",
      "move_mode": "fly",
      "action": "stop_flying",
      "action_params": ""
    },
    {
      "id": 5,
      "x": 1623.201171875,
      "y": 1212.046875,
      "type": "path",
      "move_mode": "fly",
      "action": "stop_flying",
      "action_params": ""
    },
    {
      "id": 6,
      "x": 1623.158203125,
      "y": 1212.75634765625,
      "type": "path",
      "move_mode": "walk",
      "action": "fight",
      "action_params": ""
    }
  ]
}