{
  "info": {
    "name": "奥奇纳塔（1）",
    "type": "collect",
    "author": "下流山汉",
    "version": "1.0",
    "description": "",
    "bgiVersion": "0.35.1"
  },
  "positions": [
    {
      "id": 1,
      "action": "",
      "move_mode": "walk",
      "type": "teleport",
      "x": 9875.5615234375,
      "y": -401.1015625,
      "action_params": ""
    },
    {
      "id": 2,
      "x": 9877.6015625,
      "y": -407.86181640625,
      "type": "path",
      "move_mode": "walk",
      "action": "",
      "action_params": ""
    },
    {
      "id": 3,
      "x": 9880.9775390625,
      "y": -426.89501953125,
      "type": "path",
      "move_mode": "walk",
      "action": "",
      "action_params": ""
    },
    {
      "id": 4,
      "x": 9898.8583984375,
      "y": -440.51904296875,
      "type": "path",
      "move_mode": "run",
      "action": "",
      "action_params": ""
    },
    {
      "id": 5,
      "x": 9897.3046875,
      "y": -475.9560546875,
      "type": "path",
      "move_mode": "fly",
      "action": "stop_flying",
      "action_params": ""
    },
    {
      "id": 6,
      "x": 9882.2919921875,
      "y": -509.1796875,
      "type": "path",
      "move_mode": "run",
      "action": "fight",
      "action_params": ""
    }
  ]
}