{
  "info": {
    "name": "烟谜主（3）",
    "type": "collect",
    "author": "下流山汉",
    "version": "1.0",
    "description": "",
    "bgiVersion": "0.35.1"
  },
  "positions": [
    {
      "id": 1,
      "action": "",
      "move_mode": "walk",
      "type": "teleport",
      "x": 9989.5771484375,
      "y": -1607.8291015625,
      "action_params": ""
    },
    {
      "id": 2,
      "x": 9947.9736328125,
      "y": -1620.3349609375,
      "type": "path",
      "move_mode": "walk",
      "action": "",
      "action_params": ""
    },
    {
      "id": 3,
      "x": 9928.7431640625,
      "y": -1630.51904296875,
      "type": "path",
      "move_mode": "fly",
      "action": "stop_flying",
      "action_params": ""
    },
    {
      "id": 4,
      "x": 9884.4326171875,
      "y": -1654.66015625,
      "type": "path",
      "move_mode": "run",
      "action": "fight",
      "action_params": ""
    },
    {
      "id": 5,
      "x": 9471.18359375,
      "y": -1673.5947265625,
      "type": "teleport",
      "move_mode": "walk",
      "action": "",
      "action_params": ""
    },
    {
      "id": 6,
      "x": 9456.052734375,
      "y": -1670.82958984375,
      "type": "path",
      "move_mode": "fly",
      "action": "combat_script",
      "action_params": "keypress(VK_SPACE),wait(5),click"
    },
    {
      "id": 7,
      "x": 9444.016577887858,
      "y": -1663.5086550116148,
      "type": "path",
      "move_mode": "walk",
      "action": "",
      "action_params": ""
    },
    {
      "id": 8,
      "x": 9374.7763671875,
      "y": -1622.21240234375,
      "type": "path",
      "move_mode": "run",
      "action": "",
      "action_params": ""
    },
    {
      "id": 9,
      "x": 9347.33203125,
      "y": -1636.95751953125,
      "type": "path",
      "move_mode": "run",
      "action": "fight",
      "action_params": ""
    },
    {
      "id": 10,
      "x": 9638.0498046875,
      "y": -1854.6611328125,
      "type": "teleport",
      "move_mode": "walk",
      "action": "",
      "action_params": ""
    },
    {
      "id": 11,
      "x": 9637.54296875,
      "y": -1865.89599609375,
      "type": "path",
      "move_mode": "walk",
      "action": "",
      "action_params": ""
    },
    {
      "id": 12,
      "x": 9661.78515625,
      "y": -1883.41748046875,
      "type": "path",
      "move_mode": "walk",
      "action": "",
      "action_params": ""
    },
    {
      "id": 13,
      "x": 9659.0517578125,
      "y": -1902.01904296875,
      "type": "path",
      "move_mode": "walk",
      "action": "",
      "action_params": ""
    },
    {
      "id": 14,
      "x": 9650.525390625,
      "y": -1921.60693359375,
      "type": "path",
      "move_mode": "walk",
      "action": "",
      "action_params": ""
    },
    {
      "id": 15,
      "x": 9616.4697265625,
      "y": -1949.36279296875,
      "type": "path",
      "move_mode": "walk",
      "action": "",
      "action_params": ""
    },
    {
      "id": 16,
      "x": 9625.3994140625,
      "y": -1966.41943359375,
      "type": "path",
      "move_mode": "walk",
      "action": "",
      "action_params": ""
    },
    {
      "id": 17,
      "x": 9628.4189453125,
      "y": -1985.0927734375,
      "type": "path",
      "move_mode": "walk",
      "action": "",
      "action_params": ""
    },
    {
      "id": 18,
      "x": 9632.0732421875,
      "y": -1996.146484375,
      "type": "path",
      "move_mode": "walk",
      "action": "",
      "action_params": ""
    },
    {
      "id": 19,
      "x": 9621.896484375,
      "y": -1999.841796875,
      "type": "path",
      "move_mode": "walk",
      "action": "",
      "action_params": ""
    },
    {
      "id": 20,
      "x": 9616.404296875,
      "y": -2006.35498046875,
      "type": "path",
      "move_mode": "fly",
      "action": "",
      "action_params": ""
    },
    {
      "id": 21,
      "x": 9609.2412109375,
      "y": -2003.16845703125,
      "type": "path",
      "move_mode": "run",
      "action": "",
      "action_params": ""
    },
    {
      "id": 22,
      "x": 9602.287109375,
      "y": -1998.78076171875,
      "type": "path",
      "move_mode": "fly",
      "action": "",
      "action_params": ""
    },
    {
      "id": 23,
      "x": 9577.5830078125,
      "y": -2003.3662109375,
      "type": "path",
      "move_mode": "run",
      "action": "",
      "action_params": ""
    },
    {
      "id": 24,
      "x": 9573.25130878062,
      "y": -1989.003436548729,
      "type": "path",
      "move_mode": "run",
      "action": "combat_script",
      "action_params": "wait(15)"
    },
    {
      "id": 25,
      "x": 9570.750145420068,
      "y": -1965.0014000754081,
      "type": "path",
      "move_mode": "walk",
      "action": "combat_script",
      "action_params": "wait(10)"
    },
    {
      "id": 26,
      "x": 9572.001163360552,
      "y": -1979.9998727204174,
      "type": "path",
      "move_mode": "run",
      "action": "fight",
      "action_params": "",
      "locked": false
    },
    {
      "id": 27,
      "x": 9572.001163360552,
      "y": -1979.9998727204174,
      "type": "path",
      "move_mode": "run",
      "action": "fight",
      "action_params": "",
      "locked": false
    }
  ]
}