{
  "info": {
    "name": "硫晶支脉（5）",
    "type": "collect",
    "author": "下流山汉",
    "version": "1.0",
    "description": "",
    "bgiVersion": "0.35.1"
  },
  "positions": [
    {
      "id": 1,
      "action": "",
      "move_mode": "walk",
      "type": "teleport",
      "x": 8706.48828125,
      "y": -1575.04150390625,
      "action_params": ""
    },
    {
      "id": 2,
      "x": 8688.51953125,
      "y": -1576.98193359375,
      "type": "path",
      "move_mode": "fly",
      "action": "stop_flying",
      "action_params": ""
    },
    {
      "id": 3,
      "x": 8668.93359375,
      "y": -1578.07177734375,
      "type": "path",
      "move_mode": "run",
      "action": "",
      "action_params": ""
    },
    {
      "id": 4,
      "x": 8629.4765625,
      "y": -1535.7197265625,
      "type": "path",
      "move_mode": "run",
      "action": "fight",
      "action_params": ""
    },
    {
      "id": 5,
      "x": 8452.5126953125,
      "y": -1477.2529296875,
      "type": "teleport",
      "move_mode": "walk",
      "action": "",
      "action_params": ""
    },
    {
      "id": 6,
      "x": 8500.7646484375,
      "y": -1501.56591796875,
      "type": "path",
      "move_mode": "run",
      "action": "",
      "action_params": ""
    },
    {
      "id": 7,
      "x": 8501.994140625,
      "y": -1515.6494140625,
      "type": "path",
      "move_mode": "run",
      "action": "fight",
      "action_params": ""
    },
    {
      "id": 8,
      "x": 8400.591796875,
      "y": -1221.3740234375,
      "type": "teleport",
      "move_mode": "walk",
      "action": "",
      "action_params": ""
    },
    {
      "id": 9,
      "x": 8394.1416015625,
      "y": -1232.564453125,
      "type": "path",
      "move_mode": "walk",
      "action": "",
      "action_params": ""
    },
    {
      "id": 10,
      "x": 8307.42578125,
      "y": -1340.88427734375,
      "type": "path",
      "move_mode": "walk",
      "action": "",
      "action_params": ""
    },
    {
      "id": 11,
      "x": 8296.40625,
      "y": -1361.060546875,
      "type": "path",
      "move_mode": "fly",
      "action": "stop_flying",
      "action_params": ""
    },
    {
      "id": 12,
      "x": 8289.650390625,
      "y": -1381.16455078125,
      "type": "path",
      "move_mode": "run",
      "action": "",
      "action_params": ""
    },
    {
      "id": 13,
      "x": 8284.474609375,
      "y": -1417.76708984375,
      "type": "path",
      "move_mode": "run",
      "action": "",
      "action_params": ""
    },
    {
      "id": 14,
      "x": 8267.2958984375,
      "y": -1459.81591796875,
      "type": "path",
      "move_mode": "run",
      "action": "fight",
      "action_params": ""
    },
    {
      "id": 15,
      "x": 8248.458984375,
      "y": -1458.78271484375,
      "type": "path",
      "move_mode": "walk",
      "action": "",
      "action_params": ""
    },
    {
      "id": 16,
      "x": 8259.3994140625,
      "y": -1483.3583984375,
      "type": "path",
      "move_mode": "walk",
      "action": "",
      "action_params": ""
    },
    {
      "id": 17,
      "x": 8271.69921875,
      "y": -1527.60205078125,
      "type": "path",
      "move_mode": "fly",
      "action": "stop_flying",
      "action_params": "",
      "locked": false
    },
    {
      "id": 18,
      "x": 8271.69921875,
      "y": -1527.60205078125,
      "type": "path",
      "move_mode": "walk",
      "action": "fight",
      "action_params": ""
    },
    {
      "id": 19,
      "x": 8400.6162109375,
      "y": -1221.3583984375,
      "type": "teleport",
      "move_mode": "walk",
      "action": "",
      "action_params": ""
    },
    {
      "id": 20,
      "x": 8379.9912109375,
      "y": -1221.490234375,
      "type": "path",
      "move_mode": "fly",
      "action": "stop_flying",
      "action_params": ""
    },
    {
      "id": 21,
      "x": 8367.3955078125,
      "y": -1224.33349609375,
      "type": "path",
      "move_mode": "walk",
      "action": "",
      "action_params": ""
    },
    {
      "id": 22,
      "x": 8342.052734375,
      "y": -1220.8671875,
      "type": "path",
      "move_mode": "walk",
      "action": "",
      "action_params": ""
    },
    {
      "id": 23,
      "x": 8282.275390625,
      "y": -1264.49853515625,
      "type": "path",
      "move_mode": "walk",
      "action": "",
      "action_params": ""
    },
    {
      "id": 24,
      "x": 8242.533203125,
      "y": -1258.578125,
      "type": "path",
      "move_mode": "walk",
      "action": "",
      "action_params": ""
    },
    {
      "id": 25,
      "x": 8188.72265625,
      "y": -1263.0751953125,
      "type": "path",
      "move_mode": "walk",
      "action": "",
      "action_params": ""
    },
    {
      "id": 26,
      "x": 8134.7099609375,
      "y": -1292.431640625,
      "type": "path",
      "move_mode": "walk",
      "action": "",
      "action_params": ""
    },
    {
      "id": 27,
      "x": 8097.76611328125,
      "y": -1308.88427734375,
      "type": "path",
      "move_mode": "walk",
      "action": "",
      "action_params": ""
    },
    {
      "id": 28,
      "x": 8048.287109375,
      "y": -1328.1982421875,
      "type": "path",
      "move_mode": "fly",
      "action": "stop_flying",
      "action_params": ""
    },
    {
      "id": 29,
      "x": 8039.60302734375,
      "y": -1333.5927734375,
      "type": "path",
      "move_mode": "run",
      "action": "",
      "action_params": ""
    },
    {
      "id": 30,
      "x": 8022.07568359375,
      "y": -1344.69482421875,
      "type": "path",
      "move_mode": "run",
      "action": "",
      "action_params": ""
    },
    {
      "id": 31,
      "x": 8003.19384765625,
      "y": -1321.9755859375,
      "type": "path",
      "move_mode": "run",
      "action": "fight",
      "action_params": ""
    }
  ]
}