{
  "info": {
    "name": "祖遗庙宇上（3）",
    "type": "collect",
    "author": "下流山汉",
    "version": "1.0",
    "description": "",
    "bgiVersion": "0.35.1"
  },
  "positions": [
    {
      "id": 1,
      "action": "",
      "move_mode": "walk",
      "type": "teleport",
      "x": 7796.1015625,
      "y": -1873.17578125,
      "action_params": ""
    },
    {
      "id": 2,
      "x": 7794.685546875,
      "y": -1903.287109375,
      "type": "path",
      "move_mode": "walk",
      "action": "",
      "action_params": ""
    },
    {
      "id": 3,
      "x": 7766.54833984375,
      "y": -1909.9345703125,
      "type": "path",
      "move_mode": "walk",
      "action": "",
      "action_params": ""
    },
    {
      "id": 4,
      "x": 7758.66845703125,
      "y": -1908.64599609375,
      "type": "path",
      "move_mode": "walk",
      "action": "",
      "action_params": ""
    },
    {
      "id": 5,
      "x": 7754.69775390625,
      "y": -1901.81884765625,
      "type": "path",
      "move_mode": "fly",
      "action": "",
      "action_params": ""
    },
    {
      "id": 6,
      "x": 7746.96240234375,
      "y": -1896.009765625,
      "type": "path",
      "move_mode": "climb",
      "action": "",
      "action_params": ""
    },
    {
      "id": 7,
      "x": 7687.53515625,
      "y": -1903.275390625,
      "type": "path",
      "move_mode": "run",
      "action": "fight",
      "action_params": ""
    },
    {
      "id": 8,
      "x": 7845.109375,
      "y": -2047.404296875,
      "type": "teleport",
      "move_mode": "walk",
      "action": "",
      "action_params": ""
    },
    {
      "id": 9,
      "x": 7856.6572265625,
      "y": -2031.05517578125,
      "type": "path",
      "move_mode": "fly",
      "action": "stop_flying",
      "action_params": ""
    },
    {
      "id": 10,
      "x": 7887.8291015625,
      "y": -1988.67578125,
      "type": "path",
      "move_mode": "run",
      "action": "fight",
      "action_params": ""
    },
    {
      "id": 11,
      "x": 8179.39111328125,
      "y": -1868.08203125,
      "type": "teleport",
      "move_mode": "walk",
      "action": "",
      "action_params": ""
    },
    {
      "id": 12,
      "x": 8166.873046875,
      "y": -1815.2783203125,
      "type": "path",
      "move_mode": "run",
      "action": "fight",
      "action_params": ""
    }
  ]
}