{
  "info": {
    "name": "流泉之众（2）",
    "type": "collect",
    "author": "下流山汉",
    "version": "1.0",
    "description": "",
    "bgiVersion": "0.35.1"
  },
  "positions": [
    {
      "id": 1,
      "action": "",
      "move_mode": "walk",
      "type": "teleport",
      "x": 8582.0087890625,
      "y": -2675.203125,
      "action_params": ""
    },
    {
      "id": 2,
      "x": 8557.865234375,
      "y": -2678.861328125,
      "type": "path",
      "move_mode": "fly",
      "action": "stop_flying",
      "action_params": ""
    },
    {
      "id": 3,
      "x": 8547.5810546875,
      "y": -2680.716796875,
      "type": "path",
      "move_mode": "walk",
      "action": "",
      "action_params": ""
    },
    {
      "id": 4,
      "x": 8541.9521484375,
      "y": -2697.9912109375,
      "type": "path",
      "move_mode": "walk",
      "action": "",
      "action_params": ""
    },
    {
      "id": 5,
      "x": 8530.7216796875,
      "y": -2712.15625,
      "type": "path",
      "move_mode": "fly",
      "action": "stop_flying",
      "action_params": ""
    },
    {
      "id": 6,
      "x": 8497.521484375,
      "y": -2688.08984375,
      "type": "path",
      "move_mode": "walk",
      "action": "",
      "action_params": ""
    },
    {
      "id": 7,
      "x": 8477.497818698967,
      "y": -2674.998854483758,
      "type": "path",
      "move_mode": "run",
      "action": "",
      "action_params": ""
    },
    {
      "id": 8,
      "x": 8460.2421875,
      "y": -2659.9384765625,
      "type": "path",
      "move_mode": "run",
      "action": "fight",
      "action_params": ""
    },
    {
      "id": 9,
      "x": 8744.630859375,
      "y": -3009.6201171875,
      "type": "teleport",
      "move_mode": "walk",
      "action": "",
      "action_params": ""
    },
    {
      "id": 10,
      "x": 8738.490234375,
      "y": -2965.125,
      "type": "path",
      "move_mode": "walk",
      "action": "",
      "action_params": ""
    },
    {
      "id": 11,
      "x": 8734.037109375,
      "y": -2956.162109375,
      "type": "path",
      "move_mode": "walk",
      "action": "",
      "action_params": ""
    },
    {
      "id": 12,
      "x": 8719.2333984375,
      "y": -2931.966796875,
      "type": "path",
      "move_mode": "run",
      "action": "",
      "action_params": ""
    },
    {
      "id": 13,
      "x": 8728.689453125,
      "y": -2912.298828125,
      "type": "path",
      "move_mode": "run",
      "action": "",
      "action_params": ""
    },
    {
      "id": 14,
      "x": 8745.7939453125,
      "y": -2904.4921875,
      "type": "path",
      "move_mode": "run",
      "action": "fight",
      "action_params": ""
    }
  ]
}