﻿{
  "info": {
    "name": "305【收尾】稻妻-踏鞴砂③-8",
    "type": "collect",
    "authors": [
      {
        "name": "汐",
        "links": ""
      }
    ],
    "version": "",
    "description": "",
    "map_name": "Teyvat",
    "bgi_version": "0.45.0",
    "tags": [],
    "last_modified_time": 1755789144989,
    "enable_monster_loot_split": false,
    "map_match_method": ""
  },
  "positions": [
    {
      "id": 1,
      "x": -3156.5849609375,
      "y": -3886.06640625,
      "action": "",
      "move_mode": "walk",
      "type": "teleport"
    },
    {
      "id": 2,
      "x": -3139.6357421875,
      "y": -3873.5673828125,
      "action": "",
      "move_mode": "run",
      "type": "path"
    },
    {
      "id": 3,
      "x": -3118.478515625,
      "y": -3801.2685546875,
      "action": "",
      "move_mode": "run",
      "type": "path"
    },
    {
      "id": 4,
      "x": -3129.3125355507473,
      "y": -3750.688652005223,
      "action": "combat_script",
      "move_mode": "dash",
      "action_params": "wait(1)",
      "type": "path"
    },
    {
      "id": 5,
      "x": -3141.124845946768,
      "y": -3739.3142583237604,
      "action": "stop_flying",
      "move_mode": "fly",
      "action_params": "",
      "type": "path"
    },
    {
      "id": 6,
      "x": -3131.21484375,
      "y": -3748.0302734375,
      "action": "",
      "move_mode": "fly",
      "action_params": "",
      "type": "path"
    },
    {
      "id": 7,
      "x": -3122.8750158003313,
      "y": -3745.188409477807,
      "action": "combat_script",
      "move_mode": "fly",
      "action_params": "wait(0.4),j,wait(1),j",
      "type": "path"
    },
    {
      "id": 8,
      "x": -3122.7138671875,
      "y": -3735.26171875,
      "action": "combat_script",
      "move_mode": "fly",
      "action_params": "wait(0.5),keypress(x),wait(0.2),keypress(x),attack(0.3),keypress(x)",
      "type": "path"
    },
    {
      "id": 9,
      "x": -3121.3369140625,
      "y": -3730.5302734375,
      "action": "combat_script",
      "move_mode": "dash",
      "action_params": "keypress(f),wait(0.2),keypress(f),wait(0.2),keypress(f),",
      "type": "target"
    },
    {
      "id": 10,
      "x": -3119.4423828125,
      "y": -3733.85546875,
      "action": "combat_script",
      "move_mode": "walk",
      "action_params": "keypress(f);芙宁娜 e;玛薇卡 e;爱可菲 e;钟离 a(0.1),e(hold);茜特菈莉 e;莱依拉 e;",
      "type": "path"
    },
    {
      "id": 11,
      "x": -3115.250039500832,
      "y": -3726.437697053525,
      "action": "",
      "move_mode": "walk",
      "type": "path"
    },
    {
      "id": 12,
      "x": -3115.0478515625,
      "y": -3724.44921875,
      "action": "combat_script",
      "move_mode": "climb",
      "action_params": "keypress(f),wait(0.2),keypress(f),wait(0.2),keypress(f),",
      "type": "target"
    },
    {
      "id": 13,
      "x": -3115.0478515625,
      "y": -3724.44921875,
      "action": "combat_script",
      "move_mode": "walk",
      "action_params": "wait(0.2),keypress(x);万叶 attack(0.08),keydown(E),wait(0.51),keyup(E),attack(0.2),wait(0.5);琴 attack(0.08),keydown(E),wait(0.4),moveby(1000,0),wait(0.2),moveby(1000,0),wait(0.2),moveby(1000,0),wait(0.2),moveby(1000,-3500),wait(1.8),keyup(E),wait(0.3),click(middle);",
      "type": "path"
    },
    {
      "id": 14,
      "x": -3111.843710499168,
      "y": -3721.594098633159,
      "action": "",
      "move_mode": "walk",
      "type": "path"
    },
    {
      "id": 15,
      "x": -3118.3515625,
      "y": -3718.111328125,
      "action": "",
      "move_mode": "dash",
      "type": "path"
    },
    {
      "id": 16,
      "x": -3121.8466796875,
      "y": -3714.3076171875,
      "action": "",
      "move_mode": "walk",
      "action_params": "",
      "type": "path"
    },
    {
      "id": 17,
      "x": -3130.271484375,
      "y": -3716.8935546875,
      "action": "",
      "move_mode": "walk",
      "type": "path"
    },
    {
      "id": 18,
      "x": -3152.326171875,
      "y": -3719.087890625,
      "action": "stop_flying",
      "move_mode": "fly",
      "action_params": "",
      "type": "path"
    },
    {
      "id": 19,
      "x": -3153.703125,
      "y": -3718.9189453125,
      "action": "",
      "move_mode": "walk",
      "type": "path"
    },
    {
      "id": 20,
      "x": -3160.8124012479275,
      "y": -3714.063098739556,
      "action": "",
      "move_mode": "dash",
      "type": "path"
    },
    {
      "id": 21,
      "x": -3161.1396484375,
      "y": -3710.4248046875,
      "action": "",
      "move_mode": "climb",
      "type": "path"
    },
    {
      "id": 22,
      "x": -3160.154296875,
      "y": -3704.4833984375,
      "action": "combat_script",
      "move_mode": "run",
      "action_params": "keypress(f),keypress(w),keypress(x),wait(0.2),keypress(f),keypress(w),keypress(x),wait(0.2),keypress(f),keypress(w),keypress(x),wait(0.2),keypress(f),keypress(w),keypress(x),d(0.1);万叶 attack(0.08),keydown(E),wait(0.8),keyup(E),attack(0.2),wait(0.5);琴 attack(0.08),keydown(E),wait(0.4),moveby(1000,0),wait(0.2),moveby(1000,0),wait(0.2),moveby(1000,0),wait(0.2),moveby(1000,-3500),wait(1.8),keyup(E),wait(0.3),click(middle);",
      "type": "target"
    },
    {
      "id": 23,
      "x": -3158.5634765625,
      "y": -3705.626953125,
      "action": "",
      "move_mode": "climb",
      "action_params": "",
      "type": "orientation"
    },
    {
      "id": 24,
      "x": -3160.154296875,
      "y": -3704.4833984375,
      "action": "",
      "move_mode": "climb",
      "action_params": "",
      "type": "target"
    },
    {
      "id": 25,
      "x": -3158.5634765625,
      "y": -3705.626953125,
      "action": "",
      "move_mode": "climb",
      "action_params": "",
      "type": "target"
    },
    {
      "id": 26,
      "x": -3164.5205078125,
      "y": -3704.9482421875,
      "action": "",
      "move_mode": "climb",
      "type": "path"
    },
    {
      "id": 27,
      "x": -3161.3525390625,
      "y": -3699.8525390625,
      "action": "",
      "move_mode": "climb",
      "type": "path"
    },
    {
      "id": 28,
      "x": -3158.00390625,
      "y": -3695.9306640625,
      "action": "",
      "move_mode": "walk",
      "type": "path"
    },
    {
      "id": 29,
      "x": -3154.5517578125,
      "y": -3688.9306640625,
      "action": "",
      "move_mode": "run",
      "action_params": "",
      "type": "path"
    },
    {
      "id": 30,
      "x": -3154.5517578125,
      "y": -3688.9306640625,
      "action": "combat_script",
      "move_mode": "climb",
      "action_params": "keypress(f),wait(0.2),keypress(f),wait(0.2),keypress(f),wait(0.2),keypress(f),wait(0.2),keypress(f),wait(0.2),keypress(f),wait(0.2),keypress(f),s(0.15);万叶 attack(0.08),keydown(E),wait(0.51),keyup(E),attack(0.2),wait(0.5);琴 attack(0.08),keydown(E),wait(0.4),moveby(1000,0),wait(0.2),moveby(1000,0),wait(0.2),moveby(1000,0),wait(0.2),moveby(1000,-3500),wait(1.8),keyup(E),wait(0.3),click(middle);",
      "type": "target"
    },
    {
      "id": 31,
      "x": -3152.7500158003313,
      "y": -3698.31262884269,
      "action": "combat_script",
      "move_mode": "dash",
      "action_params": "keypress(f),wait(0.2),keypress(f),wait(0.2),keypress(f),",
      "type": "target"
    },
    {
      "id": 32,
      "x": -3154.0263671875,
      "y": -3695.671875,
      "action": "combat_script",
      "move_mode": "walk",
      "action_params": "keypress(x),wait(0.2),keypress(x),wait(0.2),keypress(x)",
      "type": "orientation"
    },
    {
      "id": 33,
      "x": -3154.0263671875,
      "y": -3695.671875,
      "action": "combat_script",
      "move_mode": "climb",
      "action_params": "keypress(f);万叶 attack(0.08),keydown(E),wait(0.7),keyup(E),attack(0.2);琴 attack(0.08),keydown(E),wait(0.4),moveby(1000,0),wait(0.2),moveby(1000,0),wait(0.2),moveby(1000,0),wait(0.2),moveby(1000,-3500),wait(1.8),keyup(E),wait(0.3),click(middle);",
      "type": "path"
    },
    {
      "id": 34,
      "x": -3149.767578125,
      "y": -3692.767578125,
      "action": "",
      "move_mode": "walk",
      "type": "path"
    },
    {
      "id": 35,
      "x": -3144.937509875206,
      "y": -3696.906219684073,
      "action": "",
      "move_mode": "walk",
      "type": "path"
    },
    {
      "id": 36,
      "x": -3138.1561176722207,
      "y": -3701.812295367494,
      "action": "combat_script",
      "move_mode": "climb",
      "action_params": "wait(0.6)",
      "type": "target"
    },
    {
      "id": 37,
      "x": -3144.2890625,
      "y": -3704.287109375,
      "action": "combat_script",
      "move_mode": "climb",
      "action_params": "keypress(f),wait(0.2),keypress(f),wait(0.2),keypress(f),attack(0.08);万叶 attack(0.08),keydown(E),wait(0.51),keyup(E),attack(0.2),wait(0.5);琴 attack(0.08),keydown(E),wait(0.4),moveby(1000,0),wait(0.2),moveby(1000,0),wait(0.2),moveby(1000,0),wait(0.2),moveby(1000,-3500),wait(1.8),keyup(E),wait(0.3),click(middle);",
      "type": "target"
    },
    {
      "id": 38,
      "x": -3145.4062756755375,
      "y": -3709.374727156657,
      "action": "",
      "move_mode": "walk",
      "type": "path"
    },
    {
      "id": 39,
      "x": -3147.828125,
      "y": -3715.26171875,
      "action": "",
      "move_mode": "walk",
      "type": "path"
    },
    {
      "id": 40,
      "x": -3154.451171875,
      "y": -3727.388671875,
      "action": "",
      "move_mode": "dash",
      "type": "path"
    },
    {
      "id": 41,
      "x": -3156.3095703125,
      "y": -3734.564453125,
      "action": "",
      "move_mode": "climb",
      "type": "path"
    },
    {
      "id": 42,
      "x": -3147.9990234375,
      "y": -3741.4736328125,
      "action": "",
      "move_mode": "dash",
      "type": "path"
    },
    {
      "id": 43,
      "x": -3140.998046875,
      "y": -3741.0703125,
      "action": "",
      "move_mode": "walk",
      "type": "path"
    },
    {
      "id": 44,
      "x": -3134.75,
      "y": -3737.437035205334,
      "action": "",
      "move_mode": "walk",
      "type": "path"
    },
    {
      "id": 45,
      "x": -3135.2999999999993,
      "y": -3733.7999999999993,
      "action": "",
      "move_mode": "walk",
      "type": "target"
    },
    {
      "id": 46,
      "x": -3016.837890625,
      "y": -3623.62890625,
      "action": "",
      "move_mode": "walk",
      "type": "teleport"
    },
    {
      "id": 47,
      "x": -3027.78125,
      "y": -3639.155862671112,
      "action": "",
      "move_mode": "dash",
      "action_params": "",
      "type": "path"
    },
    {
      "id": 48,
      "x": -3031.5654296875,
      "y": -3640.2451171875,
      "action": "",
      "move_mode": "climb",
      "type": "target"
    },
    {
      "id": 49,
      "x": -3031.8408203125,
      "y": -3640.0625,
      "action": "combat_script",
      "move_mode": "run",
      "action_params": "keypress(f),wait(0.2),keypress(f),wait(0.2),keypress(f);万叶 attack(0.08),keydown(E),wait(0.51),keyup(E),attack(0.2),wait(0.5);琴 attack(0.08),keydown(E),wait(0.4),moveby(1000,0),wait(0.2),moveby(1000,0),wait(0.2),moveby(1000,0),wait(0.2),moveby(1000,-3500),wait(1.8),keyup(E),wait(0.3),click(middle);",
      "type": "path"
    },
    {
      "id": 50,
      "x": -3016.837890625,
      "y": -3623.62890625,
      "action": "",
      "move_mode": "walk",
      "type": "teleport"
    },
    {
      "id": 51,
      "x": -3006.03125,
      "y": -3634.031161467683,
      "action": "",
      "move_mode": "run",
      "action_params": "",
      "type": "path"
    },
    {
      "id": 52,
      "x": -2993.8974609375,
      "y": -3644.345703125,
      "action": "",
      "move_mode": "fly",
      "action_params": "",
      "type": "path"
    },
    {
      "id": 53,
      "x": -2992.9814453125,
      "y": -3655.2119140625,
      "action": "stop_flying",
      "move_mode": "dash",
      "action_params": "",
      "type": "path"
    },
    {
      "id": 54,
      "x": -2995.2275390625,
      "y": -3654.0712890625,
      "action": "combat_script",
      "move_mode": "walk",
      "action_params": "wait(0.5)",
      "type": "target"
    }
  ]
}