﻿{
  "info": {
    "name": "05【额外】纳塔-鸡屁股9",
    "type": "collect",
    "authors": [
      {
        "name": "汐",
        "links": ""
      }
    ],
    "version": "",
    "description": "",
    "map_name": "Teyvat",
    "bgi_version": "0.45.0",
    "tags": [],
    "last_modified_time": 1755784052446,
    "enable_monster_loot_split": false,
    "map_match_method": ""
  },
  "positions": [
    {
      "id": 1,
      "x": 8738.1943359375,
      "y": -1857.46533203125,
      "action": "",
      "move_mode": "walk",
      "type": "teleport"
    },
    {
      "id": 2,
      "x": 8756.15625,
      "y": -1848.7205981121242,
      "action": "stop_flying",
      "move_mode": "fly",
      "action_params": "",
      "type": "path"
    },
    {
      "id": 3,
      "x": 8765.125,
      "y": -1825.2190930627294,
      "action": "combat_script",
      "move_mode": "dash",
      "action_params": "keypress(f),wait(0.2),keypress(f),wait(0.2),keypress(f),wait(0.2),keypress(f),wait(0.2),keypress(f);万叶 attack(0.08),keydown(E),wait(0.7),keyup(E),attack(0.2);琴 attack(0.08),keydown(E),wait(0.4),moveby(1000,0),wait(0.2),moveby(1000,0),wait(0.2),moveby(1000,0),wait(0.2),moveby(1000,-3500),wait(1.8),keyup(E),wait(0.3),click(middle);",
      "type": "target"
    },
    {
      "id": 4,
      "x": 8439.59765625,
      "y": -2107.0283203125,
      "action": "",
      "move_mode": "walk",
      "type": "teleport"
    },
    {
      "id": 5,
      "x": 8415.802734375,
      "y": -2075.837890625,
      "action": "",
      "move_mode": "run",
      "type": "path"
    },
    {
      "id": 6,
      "x": 8398.21875,
      "y": -2009.6521443137826,
      "action": "combat_script",
      "move_mode": "fly",
      "action_params": "keypress(VK_SPACE),wait(3.5),attack(0.2)",
      "type": "path"
    },
    {
      "id": 7,
      "x": 8390.189453125,
      "y": -1989.59619140625,
      "action": "combat_script",
      "move_mode": "dash",
      "action_params": "keypress(f),wait(0.4),keypress(f),wait(0.3),keypress(f),wait(0.2),keypress(f),wait(0.2),keypress(f),a(0.2),keypress(f),wait(0.4),keypress(f),a(0.2),keypress(f),wait(0.2),keypress(f),wait(0.2),keypress(f)",
      "type": "target"
    },
    {
      "id": 8,
      "x": 8376.9453125,
      "y": -1970.0234375,
      "action": "",
      "move_mode": "dash",
      "action_params": "",
      "type": "path"
    },
    {
      "id": 9,
      "x": 8376.9453125,
      "y": -1970.0234375,
      "action": "combat_script",
      "move_mode": "climb",
      "action_params": "keypress(f),wait(0.2),keypress(f),wait(0.2),keypress(f),wait(0.2),keypress(f),wait(0.2),keypress(f);万叶 attack(0.08),keydown(E),wait(0.51),keyup(E),attack(0.2);琴 attack(0.08),keydown(E),wait(0.4),moveby(1000,0),wait(0.2),moveby(1000,0),wait(0.2),moveby(1000,0),wait(0.2),moveby(1000,-3500),wait(1.8),keyup(E),wait(0.3),click(middle);",
      "type": "target"
    },
    {
      "id": 10,
      "x": 8258.3486328125,
      "y": -1744.6220703125,
      "action": "",
      "move_mode": "walk",
      "type": "teleport"
    },
    {
      "id": 11,
      "x": 8234.75,
      "y": -1720.24462890625,
      "action": "",
      "move_mode": "run",
      "type": "path"
    },
    {
      "id": 12,
      "x": 8229.5791015625,
      "y": -1713.064453125,
      "action": "combat_script",
      "move_mode": "dash",
      "action_params": "keypress(f),wait(0.2),keypress(f),wait(0.2),keypress(f),wait(0.2),keypress(f),wait(0.2),keypress(f);万叶 attack(0.08),keydown(E),wait(0.51),keyup(E),attack(0.2);琴 attack(0.08),keydown(E),wait(0.4),moveby(1000,0),wait(0.2),moveby(1000,0),wait(0.2),moveby(1000,0),wait(0.2),moveby(1000,-3500),wait(1.8),keyup(E),wait(0.3),click(middle);",
      "type": "target"
    },
    {
      "id": 13,
      "x": 7857.4638671875,
      "y": -1751.333984375,
      "action": "",
      "move_mode": "walk",
      "type": "teleport"
    },
    {
      "id": 14,
      "x": 7867.369140625,
      "y": -1744.93603515625,
      "action": "stop_flying",
      "move_mode": "fly",
      "action_params": "",
      "type": "path"
    },
    {
      "id": 15,
      "x": 7975.76171875,
      "y": -1741.60595703125,
      "action": "",
      "move_mode": "run",
      "action_params": "",
      "type": "path"
    },
    {
      "id": 16,
      "x": 7998.86328125,
      "y": -1745.2353515625,
      "action": "combat_script",
      "move_mode": "fly",
      "action_params": "keypress(VK_SPACE),wait(1.5),attack(0.2)",
      "type": "path"
    },
    {
      "id": 17,
      "x": 7994.86328125,
      "y": -1745.2353515625,
      "action": "combat_script",
      "move_mode": "climb",
      "action_params": "keypress(f),wait(0.2),keypress(f),wait(0.2),keypress(f),wait(0.2),keypress(f),wait(0.2),keypress(f);万叶 attack(0.08),keydown(E),wait(0.51),keyup(E),attack(0.2);琴 attack(0.08),keydown(E),wait(0.4),moveby(1000,0),wait(0.2),moveby(1000,0),wait(0.2),moveby(1000,0),wait(0.2),moveby(1000,-3500),wait(1.8),keyup(E),wait(0.3),click(middle);",
      "type": "target"
    },
    {
      "id": 18,
      "x": 8054.341796875,
      "y": -1717.56201171875,
      "action": "",
      "move_mode": "dash",
      "action_params": "",
      "type": "path"
    },
    {
      "id": 19,
      "x": 8057.59521484375,
      "y": -1716.146484375,
      "action": "combat_script",
      "move_mode": "climb",
      "action_params": "keypress(f),wait(0.2),keypress(f),wait(0.2),keypress(f),wait(0.2),keypress(f),wait(0.2),keypress(f),wait(0.2),keypress(f);万叶 attack(0.08),keydown(E),wait(0.51),keyup(E),attack(0.2);琴 attack(0.08),keydown(E),wait(0.4),moveby(1000,0),wait(0.2),moveby(1000,0),wait(0.2),moveby(1000,0),wait(0.2),moveby(1000,-3500),wait(1.8),keyup(E),wait(0.3),click(middle);",
      "type": "target"
    },
    {
      "id": 20,
      "x": 8400.59765625,
      "y": -1221.3232421875,
      "action": "",
      "move_mode": "walk",
      "type": "teleport"
    },
    {
      "id": 21,
      "x": 8375.59381715141,
      "y": -1223.9997574725849,
      "action": "",
      "move_mode": "dash",
      "type": "path"
    },
    {
      "id": 22,
      "x": 8264.1640625,
      "y": -1248.92578125,
      "action": "",
      "move_mode": "run",
      "type": "path"
    },
    {
      "id": 23,
      "x": 8128.015625,
      "y": -1269.7314453125,
      "action": "",
      "move_mode": "dash",
      "action_params": "",
      "type": "path"
    },
    {
      "id": 24,
      "x": 8123.9375,
      "y": -1274.374911467683,
      "action": "combat_script",
      "move_mode": "climb",
      "action_params": "keypress(f),wait(0.2),keypress(f),wait(0.2),keypress(f),wait(0.2),keypress(f),wait(0.2),keypress(f);万叶 attack(0.08),keydown(E),wait(0.48),keyup(E),attack(0.2),wait(1);琴 attack(0.08),keydown(E),wait(0.4),moveby(1000,0),wait(0.2),moveby(1000,0),wait(0.2),moveby(1000,0),wait(0.2),moveby(1000,-3500),wait(1.8),keyup(E),wait(0.3),click(middle);",
      "type": "target"
    },
    {
      "id": 25,
      "x": 8124.875,
      "y": -1278.406072935365,
      "action": "combat_script",
      "move_mode": "climb",
      "action_params": "keypress(f),wait(0.2),keypress(f),wait(0.2),keypress(f),wait(0.2),keypress(f),wait(0.2),keypress(f);万叶 attack(0.08),keydown(E),wait(0.51),keyup(E),attack(0.2);琴 attack(0.08),keydown(E),wait(0.4),moveby(1000,0),wait(0.2),moveby(1000,0),wait(0.2),moveby(1000,0),wait(0.2),moveby(1000,-3500),wait(1.8),keyup(E),wait(0.3),click(middle);",
      "type": "target"
    },
    {
      "id": 26,
      "x": 8122.61083984375,
      "y": -1331.15625,
      "action": "",
      "move_mode": "dash",
      "action_params": "",
      "type": "path"
    },
    {
      "id": 27,
      "x": 8118.8388671875,
      "y": -1388.3310546875,
      "action": "stop_flying",
      "move_mode": "fly",
      "action_params": "",
      "type": "path"
    },
    {
      "id": 28,
      "x": 8121.0458984375,
      "y": -1400.533203125,
      "action": "",
      "move_mode": "dash",
      "type": "path"
    },
    {
      "id": 29,
      "x": 8139.08251953125,
      "y": -1451.94140625,
      "action": "",
      "move_mode": "run",
      "action_params": "",
      "type": "path"
    },
    {
      "id": 30,
      "x": 8144.810546875,
      "y": -1470.71484375,
      "action": "combat_script",
      "move_mode": "run",
      "action_params": "keypress(f),wait(0.2),keypress(f),wait(0.2),keypress(f),wait(0.2),keypress(f),wait(0.2),keypress(f)",
      "type": "path"
    },
    {
      "id": 31,
      "x": 8144.810546875,
      "y": -1470.71484375,
      "action": "combat_script",
      "move_mode": "climb",
      "action_params": "keypress(f),wait(0.2),keypress(f),wait(0.2),keypress(f),wait(0.2),keypress(f),wait(0.2),keypress(f);万叶 attack(0.08),keydown(E),wait(0.51),keyup(E),attack(0.2);琴 attack(0.08),keydown(E),wait(0.4),moveby(1000,0),wait(0.2),moveby(1000,0),wait(0.2),moveby(1000,0),wait(0.2),moveby(1000,-3500),wait(1.8),keyup(E),wait(0.3),click(middle);",
      "type": "target"
    },
    {
      "id": 32,
      "x": 9782.4208984375,
      "y": -1764.7216796875,
      "action": "force_tp",
      "move_mode": "walk",
      "type": "teleport"
    },
    {
      "id": 33,
      "x": 9888.5888671875,
      "y": -1760.61376953125,
      "action": "",
      "move_mode": "run",
      "type": "path"
    },
    {
      "id": 34,
      "x": 9899.2236328125,
      "y": -1761.6298828125,
      "action": "combat_script",
      "move_mode": "run",
      "action_params": "keypress(t),wait(0.2),keypress(t),wait(2.8),keypress(e),wait(1)",
      "type": "path"
    },
    {
      "id": 35,
      "x": 9904.220703125,
      "y": -1797.63037109375,
      "action": "",
      "move_mode": "climb",
      "action_params": "",
      "type": "path"
    },
    {
      "id": 36,
      "x": 9896.1865234375,
      "y": -1867.02294921875,
      "action": "combat_script",
      "move_mode": "dash",
      "action_params": "keypress(f),wait(0.2),keypress(f),wait(0.2),keypress(f),wait(0.2),keypress(f),wait(0.2),keypress(f),",
      "type": "target"
    },
    {
      "id": 37,
      "x": 9782.4208984375,
      "y": -1764.7216796875,
      "action": "force_tp",
      "move_mode": "walk",
      "type": "teleport"
    }
  ]
}