{
  "info": {
    "name": "明冠峡下（1）",
    "type": "collect",
    "author": "下流山汉",
    "version": "1.0",
    "description": "",
    "bgiVersion": "0.35.1"
  },
  "positions": [
    {
      "id": 1,
      "action": "",
      "move_mode": "walk",
      "type": "teleport",
      "x": -440.060546875,
      "y": 2580.843505859375,
      "action_params": ""
    },
    {
      "id": 2,
      "x": -432.2041015625,
      "y": 2595.8330078125,
      "type": "path",
      "move_mode": "walk",
      "action": "",
      "action_params": ""
    },
    {
      "id": 3,
      "x": -419.3818359375,
      "y": 2627.591064453125,
      "type": "path",
      "move_mode": "run",
      "action": "",
      "action_params": ""
    },
    {
      "id": 4,
      "x": -414.61328125,
      "y": 2650.06494140625,
      "type": "path",
      "move_mode": "run",
      "action": "",
      "action_params": ""
    },
    {
      "id": 5,
      "x": -405.7607421875,
      "y": 2674.419677734375,
      "type": "path",
      "move_mode": "run",
      "action": "fight",
      "action_params": ""
    }
  ]
}