{
  "info": {
    "name": "覆雪之路右（1）",
    "type": "collect",
    "author": "下流山汉",
    "version": "1.0",
    "description": "",
    "bgiVersion": "0.35.1"
  },
  "positions": [
    {
      "id": 1,
      "x": -1130.7880859375,
      "y": 1597.994140625,
      "action": "",
      "move_mode": "walk",
      "action_params": "",
      "type": "teleport",
      "locked": false
    },
    {
      "id": 2,
      "x": -1131.7724609375,
      "y": 1591.73486328125,
      "action": "",
      "move_mode": "walk",
      "action_params": "",
      "type": "path",
      "locked": false
    },
    {
      "id": 3,
      "x": -1148.1484375,
      "y": 1571.37353515625,
      "action": "",
      "move_mode": "walk",
      "action_params": "",
      "type": "path",
      "locked": false
    },
    {
      "id": 4,
      "x": -1149.4189453125,
      "y": 1557.66357421875,
      "action": "",
      "move_mode": "walk",
      "action_params": "",
      "type": "path",
      "locked": false
    },
    {
      "id": 5,
      "x": -1168.3837890625,
      "y": 1538.35400390625,
      "action": "",
      "move_mode": "walk",
      "action_params": "",
      "type": "path",
      "locked": false
    },
    {
      "id": 6,
      "x": -1185.755859375,
      "y": 1524.107421875,
      "action": "",
      "move_mode": "walk",
      "action_params": "",
      "type": "path",
      "locked": false
    },
    {
      "id": 7,
      "x": -1192.3515625,
      "y": 1505.64208984375,
      "action": "",
      "move_mode": "walk",
      "action_params": "",
      "type": "path",
      "locked": false
    },
    {
      "id": 8,
      "x": -1196.392578125,
      "y": 1497.16162109375,
      "action": "",
      "move_mode": "fly",
      "action_params": "",
      "type": "path",
      "locked": false
    },
    {
      "id": 9,
      "x": -1207.8056640625,
      "y": 1465.94677734375,
      "action": "",
      "move_mode": "run",
      "action_params": "",
      "type": "path",
      "locked": false
    },
    {
      "id": 10,
      "x": -1222.8271484375,
      "y": 1441.05908203125,
      "action": "",
      "move_mode": "run",
      "action_params": "",
      "type": "path",
      "locked": false
    },
    {
      "id": 11,
      "x": -1222.4375,
      "y": 1431.99658203125,
      "action": "fight",
      "move_mode": "run",
      "action_params": "",
      "type": "path",
      "locked": false
    }
  ]
}