{
  "info": {
    "name": "无妄坡左下（1）",
    "type": "collect",
    "author": "下流山汉",
    "version": "1.0",
    "description": "",
    "bgiVersion": "0.35.1"
  },
  "positions": [
    {
      "id": 1,
      "action": "",
      "move_mode": "walk",
      "type": "teleport",
      "x": 489.7998046875,
      "y": 1435.13818359375,
      "action_params": "",
      "locked": false
    },
    {
      "id": 2,
      "x": 487.5009765625,
      "y": 1452.2802734375,
      "type": "path",
      "move_mode": "walk",
      "action": "",
      "action_params": ""
    },
    {
      "id": 3,
      "x": 484.0654296875,
      "y": 1483.54296875,
      "type": "path",
      "move_mode": "walk",
      "action": "",
      "action_params": ""
    },
    {
      "id": 4,
      "x": 479.06640625,
      "y": 1519.0107421875,
      "type": "path",
      "move_mode": "walk",
      "action": "",
      "action_params": ""
    },
    {
      "id": 5,
      "x": 476.9375,
      "y": 1545.849609375,
      "type": "path",
      "move_mode": "run",
      "action": "",
      "action_params": ""
    },
    {
      "id": 6,
      "x": 478.8388671875,
      "y": 1553.185546875,
      "type": "path",
      "move_mode": "run",
      "action": "",
      "action_params": ""
    },
    {
      "id": 7,
      "x": 472.193359375,
      "y": 1567.22705078125,
      "type": "path",
      "move_mode": "run",
      "action": "fight",
      "action_params": "",
      "locked": true
    }
  ]
}