{
  "info": {
    "name": "瑶光滩右（1）",
    "type": "collect",
    "author": "下流山汉",
    "version": "1.0",
    "description": "",
    "bgiVersion": "0.35.1"
  },
  "positions": [
    {
      "id": 1,
      "action": "",
      "move_mode": "walk",
      "type": "teleport",
      "x": -474.05859375,
      "y": 441.54248046875,
      "action_params": "",
      "locked": false
    },
    {
      "id": 2,
      "x": -451.388671875,
      "y": 438.12841796875,
      "type": "path",
      "move_mode": "run",
      "action": "",
      "action_params": ""
    },
    {
      "id": 3,
      "x": -434.2861328125,
      "y": 426.69482421875,
      "type": "path",
      "move_mode": "run",
      "action": "",
      "action_params": ""
    },
    {
      "id": 4,
      "x": -427.560546875,
      "y": 406.85400390625,
      "type": "path",
      "move_mode": "run",
      "action": "fight",
      "action_params": "",
      "locked": true
    }
  ]
}