{
  "info": {
    "name": "瑶光滩左下（1）",
    "type": "collect",
    "author": "下流山汉",
    "version": "1.0",
    "description": "",
    "bgiVersion": "0.35.1"
  },
  "positions": [
    {
      "id": 1,
      "action": "",
      "move_mode": "walk",
      "type": "teleport",
      "x": 54.3701171875,
      "y": 139.3564453125,
      "action_params": "",
      "locked": false
    },
    {
      "id": 2,
      "x": 14.53125,
      "y": 134.8623046875,
      "type": "path",
      "move_mode": "fly",
      "action": "combat_script",
      "action_params": "keypress(VK_SPACE),wait(1),click"
    },
    {
      "id": 3,
      "x": -20.1484375,
      "y": 115.58544921875,
      "type": "path",
      "move_mode": "run",
      "action": "fight",
      "action_params": "",
      "locked": true
    }
  ]
}