{
  "info": {
    "name": "镇守之森上（4）",
    "type": "collect",
    "author": "下流山汉",
    "version": "1.0",
    "description": "",
    "bgiVersion": "0.35.1"
  },
  "positions": [
    {
      "id": 1,
      "action": "",
      "move_mode": "walk",
      "type": "teleport",
      "x": -4578.7265625,
      "y": -2577.681640625,
      "action_params": "",
      "locked": false
    },
    {
      "id": 2,
      "x": -4576.19921875,
      "y": -2582.09765625,
      "type": "path",
      "move_mode": "walk",
      "action": "",
      "action_params": "",
      "locked": false
    },
    {
      "id": 3,
      "x": -4572.216796875,
      "y": -2595.4443359375,
      "type": "path",
      "move_mode": "walk",
      "action": "",
      "action_params": "",
      "locked": false
    },
    {
      "id": 4,
      "x": -4564.025390625,
      "y": -2606.8466796875,
      "type": "path",
      "move_mode": "walk",
      "action": "",
      "action_params": "",
      "locked": false
    },
    {
      "id": 5,
      "x": -4545.505859375,
      "y": -2632.3583984375,
      "type": "path",
      "move_mode": "walk",
      "action": "",
      "action_params": "",
      "locked": false
    },
    {
      "id": 6,
      "x": -4533.708984375,
      "y": -2646.1220703125,
      "type": "path",
      "move_mode": "walk",
      "action": "",
      "action_params": "",
      "locked": false
    },
    {
      "id": 7,
      "x": -4514.54296875,
      "y": -2657.6474609375,
      "type": "path",
      "move_mode": "walk",
      "action": "",
      "action_params": "",
      "locked": false
    },
    {
      "id": 8,
      "x": -4507.158203125,
      "y": -2664.9814453125,
      "type": "path",
      "move_mode": "walk",
      "action": "",
      "action_params": "",
      "locked": false
    },
    {
      "id": 9,
      "x": -4500.9609375,
      "y": -2670.6826171875,
      "type": "path",
      "move_mode": "walk",
      "action": "",
      "action_params": "",
      "locked": false
    },
    {
      "id": 10,
      "x": -4494.58203125,
      "y": -2678.240234375,
      "type": "path",
      "move_mode": "run",
      "action": "",
      "action_params": "",
      "locked": false
    },
    {
      "id": 11,
      "x": -4489.416015625,
      "y": -2684.1591796875,
      "type": "path",
      "move_mode": "run",
      "action": "",
      "action_params": "",
      "locked": false
    },
    {
      "id": 12,
      "x": -4487.19921875,
      "y": -2699.701171875,
      "type": "path",
      "move_mode": "run",
      "action": "",
      "action_params": "",
      "locked": false
    },
    {
      "id": 13,
      "x": -4487.53515625,
      "y": -2690.0205078125,
      "type": "path",
      "move_mode": "run",
      "action": "fight",
      "action_params": "",
      "locked": false
    },
    {
      "id": 14,
      "x": -4487.361328125,
      "y": -2700.21484375,
      "type": "path",
      "move_mode": "walk",
      "action": "",
      "action_params": "",
      "locked": false
    },
    {
      "id": 15,
      "x": -4480.244140625,
      "y": -2699.8603515625,
      "type": "path",
      "move_mode": "walk",
      "action": "",
      "action_params": "",
      "locked": false
    },
    {
      "id": 16,
      "x": -4473.611328125,
      "y": -2707.2646484375,
      "type": "path",
      "move_mode": "walk",
      "action": "",
      "action_params": "",
      "locked": false
    },
    {
      "id": 17,
      "x": -4444.8984375,
      "y": -2724.0771484375,
      "type": "path",
      "move_mode": "fly",
      "action": "",
      "action_params": "",
      "locked": false
    },
    {
      "id": 18,
      "x": -4427.185546875,
      "y": -2714.3330078125,
      "type": "path",
      "move_mode": "walk",
      "action": "",
      "action_params": "",
      "locked": false
    },
    {
      "id": 19,
      "x": -4404.412109375,
      "y": -2705.82421875,
      "type": "path",
      "move_mode": "walk",
      "action": "",
      "action_params": "",
      "locked": false
    },
    {
      "id": 20,
      "x": -4390.8203125,
      "y": -2702.6220703125,
      "type": "path",
      "move_mode": "walk",
      "action": "",
      "action_params": "",
      "locked": false
    },
    {
      "id": 21,
      "x": -4373.748046875,
      "y": -2705.8505859375,
      "type": "path",
      "move_mode": "walk",
      "action": "",
      "action_params": "",
      "locked": false
    },
    {
      "id": 22,
      "x": -4370.82421875,
      "y": -2711.5546875,
      "type": "path",
      "move_mode": "walk",
      "action": "",
      "action_params": "",
      "locked": false
    },
    {
      "id": 23,
      "x": -4374.55859375,
      "y": -2715.2666015625,
      "type": "path",
      "move_mode": "walk",
      "action": "",
      "action_params": "",
      "locked": false
    },
    {
      "id": 24,
      "x": -4375.1875,
      "y": -2722.95703125,
      "type": "path",
      "move_mode": "fly",
      "action": "",
      "action_params": ""
    },
    {
      "id": 25,
      "x": -4394.103515625,
      "y": -2723.658203125,
      "type": "path",
      "move_mode": "run",
      "action": "fight",
      "action_params": "",
      "locked": true
    },
    {
      "id": 26,
      "x": -4378.08203125,
      "y": -2720.7294921875,
      "type": "path",
      "move_mode": "walk",
      "action": "",
      "action_params": "",
      "locked": false
    },
    {
      "id": 27,
      "x": -4371.1953125,
      "y": -2707.478515625,
      "type": "path",
      "move_mode": "walk",
      "action": "",
      "action_params": "",
      "locked": false
    },
    {
      "id": 28,
      "x": -4365.59765625,
      "y": -2702.49609375,
      "type": "path",
      "move_mode": "run",
      "action": "",
      "action_params": "",
      "locked": false
    },
    {
      "id": 29,
      "x": -4352.802734375,
      "y": -2693.134765625,
      "type": "path",
      "move_mode": "run",
      "action": "",
      "action_params": "",
      "locked": false
    },
    {
      "id": 30,
      "x": -4343.859375,
      "y": -2685.5361328125,
      "type": "path",
      "move_mode": "run",
      "action": "",
      "action_params": "",
      "locked": false
    },
    {
      "id": 31,
      "x": -4326.478515625,
      "y": -2685.4609375,
      "type": "path",
      "move_mode": "run",
      "action": "fight",
      "action_params": "",
      "locked": false
    },
    {
      "id": 32,
      "x": -4331.90234375,
      "y": -2678.0048828125,
      "type": "path",
      "move_mode": "walk",
      "action": "",
      "action_params": "",
      "locked": false
    },
    {
      "id": 33,
      "x": -4344.666015625,
      "y": -2657.681640625,
      "type": "path",
      "move_mode": "walk",
      "action": "",
      "action_params": "",
      "locked": false
    },
    {
      "id": 34,
      "x": -4350.158203125,
      "y": -2643.7197265625,
      "type": "path",
      "move_mode": "walk",
      "action": "",
      "action_params": "",
      "locked": false
    },
    {
      "id": 35,
      "x": -4354.416015625,
      "y": -2637.9033203125,
      "type": "path",
      "move_mode": "walk",
      "action": "",
      "action_params": "",
      "locked": false
    },
    {
      "id": 36,
      "x": -4346.900390625,
      "y": -2625.09765625,
      "type": "path",
      "move_mode": "run",
      "action": "",
      "action_params": "",
      "locked": false
    },
    {
      "id": 37,
      "x": -4352.46484375,
      "y": -2613.2998046875,
      "type": "path",
      "move_mode": "run",
      "action": "",
      "action_params": "",
      "locked": false
    },
    {
      "id": 38,
      "x": -4353.978515625,
      "y": -2595.0390625,
      "type": "path",
      "move_mode": "run",
      "action": "fight",
      "action_params": "",
      "locked": false
    }
  ]
}