{
  "info": {
    "name": "踏鞴沙上（1）",
    "type": "collect",
    "author": "下流山汉",
    "version": "1.0",
    "description": "",
    "bgiVersion": "0.35.1"
  },
  "positions": [
    {
      "id": 1,
      "x": -3016.8466796875,
      "y": -3623.595703125,
      "action": "",
      "move_mode": "walk",
      "action_params": "",
      "type": "teleport"
    },
    {
      "id": 2,
      "x": -3037.4033203125,
      "y": -3635.0498046875,
      "action": "",
      "move_mode": "walk",
      "action_params": "",
      "type": "path"
    },
    {
      "id": 3,
      "x": -3035.6162109375,
      "y": -3649.8095703125,
      "action": "",
      "move_mode": "walk",
      "action_params": "",
      "type": "path"
    },
    {
      "id": 4,
      "x": -3030.279296875,
      "y": -3660.1171875,
      "action": "",
      "move_mode": "walk",
      "action_params": "",
      "type": "path"
    },
    {
      "id": 5,
      "x": -3044.2294921875,
      "y": -3672.2333984375,
      "action": "",
      "move_mode": "run",
      "action_params": "",
      "type": "path"
    },
    {
      "id": 6,
      "x": -3069.8154296875,
      "y": -3667.1806640625,
      "action": "",
      "move_mode": "run",
      "action_params": "",
      "type": "path"
    },
    {
      "id": 7,
      "x": -3084.7470703125,
      "y": -3661.8037109375,
      "action": "fight",
      "move_mode": "run",
      "action_params": "",
      "type": "path"
    }
  ]
}