{
  "info": {
    "name": "珊瑚宫上（1）",
    "type": "collect",
    "author": "下流山汉",
    "version": "1.0",
    "description": "",
    "bgiVersion": "0.35.1"
  },
  "positions": [
    {
      "id": 1,
      "action": "",
      "move_mode": "walk",
      "type": "teleport",
      "x": -766.1513671875,
      "y": -3557.3984375,
      "action_params": ""
    },
    {
      "id": 2,
      "x": -770.6015625,
      "y": -3559.025390625,
      "type": "path",
      "move_mode": "walk",
      "action": "",
      "action_params": ""
    },
    {
      "id": 3,
      "x": -780.994140625,
      "y": -3556.1748046875,
      "type": "path",
      "move_mode": "fly",
      "action": "",
      "action_params": ""
    },
    {
      "id": 4,
      "x": -797.9892578125,
      "y": -3552.0205078125,
      "type": "path",
      "move_mode": "fly",
      "action": "",
      "action_params": ""
    },
    {
      "id": 5,
      "x": -800.2216796875,
      "y": -3535.587890625,
      "type": "path",
      "move_mode": "run",
      "action": "fight",
      "action_params": ""
    }
  ]
}