{
  "info": {
    "name": "清籁丸上（1）",
    "type": "collect",
    "author": "下流山汉",
    "version": "1.0",
    "description": "",
    "bgiVersion": "0.35.1"
  },
  "positions": [
    {
      "id": 1,
      "action": "",
      "move_mode": "walk",
      "type": "teleport",
      "x": -3684.63671875,
      "y": -4278.6259765625,
      "action_params": ""
    },
    {
      "id": 2,
      "x": -3691.4404296875,
      "y": -4287.875,
      "type": "path",
      "move_mode": "run",
      "action": "",
      "action_params": ""
    },
    {
      "id": 3,
      "x": -3683.4677734375,
      "y": -4305.7548828125,
      "type": "path",
      "move_mode": "run",
      "action": "",
      "action_params": ""
    },
    {
      "id": 4,
      "x": -3688.0078125,
      "y": -4323.13671875,
      "type": "path",
      "move_mode": "run",
      "action": "",
      "action_params": ""
    },
    {
      "id": 5,
      "x": -3690.12109375,
      "y": -4344.7763671875,
      "type": "path",
      "move_mode": "run",
      "action": "fight",
      "action_params": ""
    }
  ]
}