{
  "info": {
    "name": "逢岳之野两随机嗜雷两嗜岩（2）",
    "type": "collect",
    "author": "下流山汉",
    "version": "1.0",
    "description": "",
    "bgiVersion": "0.35.1"
  },
  "positions": [
    {
      "id": 1,
      "action": "",
      "move_mode": "walk",
      "type": "teleport",
      "x": -2606.279296875,
      "y": -6216.2333984375,
      "action_params": ""
    },
    {
      "id": 2,
      "x": -2589.0224609375,
      "y": -6238.95703125,
      "type": "path",
      "move_mode": "walk",
      "action": "",
      "action_params": ""
    },
    {
      "id": 3,
      "x": -2571.103515625,
      "y": -6243.9560546875,
      "type": "path",
      "move_mode": "walk",
      "action": "",
      "action_params": ""
    },
    {
      "id": 4,
      "x": -2530.0595703125,
      "y": -6249.20703125,
      "type": "path",
      "move_mode": "walk",
      "action": "",
      "action_params": ""
    },
    {
      "id": 5,
      "x": -2511.1435546875,
      "y": -6223.7919921875,
      "type": "path",
      "move_mode": "fly",
      "action": "stop_flying",
      "action_params": ""
    },
    {
      "id": 6,
      "x": -2512.759765625,
      "y": -6222.623046875,
      "type": "path",
      "move_mode": "walk",
      "action": "fight",
      "action_params": ""
    },
    {
      "id": 7,
      "x": -2485.509765625,
      "y": -6216.400390625,
      "type": "path",
      "move_mode": "walk",
      "action": "",
      "action_params": ""
    },
    {
      "id": 8,
      "x": -2474.931640625,
      "y": -6198.3125,
      "type": "path",
      "move_mode": "walk",
      "action": "",
      "action_params": ""
    },
    {
      "id": 9,
      "x": -2455.4091796875,
      "y": -6183.984375,
      "type": "path",
      "move_mode": "walk",
      "action": "fight",
      "action_params": ""
    },
    {
      "id": 10,
      "x": -2445.06640625,
      "y": -6201.021484375,
      "type": "path",
      "move_mode": "walk",
      "action": "",
      "action_params": ""
    },
    {
      "id": 11,
      "x": -2418.6494140625,
      "y": -6236.666015625,
      "type": "path",
      "move_mode": "walk",
      "action": "",
      "action_params": ""
    },
    {
      "id": 12,
      "x": -2402.68359375,
      "y": -6249.984375,
      "type": "path",
      "move_mode": "fly",
      "action": "stop_flying",
      "action_params": "",
      "locked": false
    },
    {
      "id": 13,
      "x": -2402.68359375,
      "y": -6249.984375,
      "type": "path",
      "move_mode": "walk",
      "action": "fight",
      "action_params": ""
    },
    {
      "id": 14,
      "x": -2421.4599609375,
      "y": -6264.513671875,
      "type": "path",
      "move_mode": "walk",
      "action": "",
      "action_params": ""
    },
    {
      "id": 15,
      "x": -2434.30078125,
      "y": -6293.71484375,
      "type": "path",
      "move_mode": "walk",
      "action": "",
      "action_params": ""
    },
    {
      "id": 16,
      "x": -2418.421875,
      "y": -6311.9931640625,
      "type": "path",
      "move_mode": "walk",
      "action": "fight",
      "action_params": ""
    }
  ]
}