{
  "info": {
    "name": "五绿洲右（2）",
    "type": "collect",
    "author": "下流山汉",
    "version": "1.0",
    "description": "",
    "bgiVersion": "0.35.1"
  },
  "positions": [
    {
      "id": 1,
      "x": 4272.7529296875,
      "y": -520.56591796875,
      "action": "",
      "move_mode": "walk",
      "action_params": "",
      "type": "teleport"
    },
    {
      "id": 2,
      "x": 4270.01904296875,
      "y": -518.140625,
      "action": "",
      "move_mode": "walk",
      "action_params": "",
      "type": "path"
    },
    {
      "id": 3,
      "x": 4273.5751953125,
      "y": -483.49755859375,
      "action": "",
      "move_mode": "walk",
      "action_params": "",
      "type": "path"
    },
    {
      "id": 4,
      "x": 4274.17626953125,
      "y": -435.6806640625,
      "action": "",
      "move_mode": "walk",
      "action_params": "",
      "type": "path"
    },
    {
      "id": 5,
      "x": 4257.61669921875,
      "y": -400.74755859375,
      "action": "",
      "move_mode": "walk",
      "action_params": "",
      "type": "path"
    },
    {
      "id": 6,
      "x": 4279.37255859375,
      "y": -343.6376953125,
      "action": "",
      "move_mode": "walk",
      "action_params": "",
      "type": "path"
    },
    {
      "id": 7,
      "x": 4311.55029296875,
      "y": -293.509765625,
      "action": "",
      "move_mode": "run",
      "action_params": "",
      "type": "path"
    },
    {
      "id": 8,
      "x": 4362.888671875,
      "y": -255.78076171875,
      "action": "fight",
      "move_mode": "run",
      "action_params": "",
      "type": "path"
    },
    {
      "id": 9,
      "x": 4339.2685546875,
      "y": -258.75634765625,
      "action": "",
      "move_mode": "walk",
      "action_params": "",
      "type": "path"
    },
    {
      "id": 10,
      "x": 4318.62255859375,
      "y": -218.56494140625,
      "action": "",
      "move_mode": "walk",
      "action_params": "",
      "type": "path"
    },
    {
      "id": 11,
      "x": 4286.28173828125,
      "y": -217.8037109375,
      "action": "",
      "move_mode": "run",
      "action_params": "",
      "type": "path"
    },
    {
      "id": 12,
      "x": 4290.66552734375,
      "y": -209.30322265625,
      "action": "",
      "move_mode": "run",
      "action_params": "",
      "type": "path"
    },
    {
      "id": 13,
      "x": 4305.29345703125,
      "y": -196.59130859375,
      "action": "",
      "move_mode": "climb",
      "action_params": "",
      "type": "path"
    },
    {
      "id": 14,
      "x": 4299.55517578125,
      "y": -192.521484375,
      "action": "combat_script",
      "move_mode": "climb",
      "action_params": "wait(0.5),click(middle),wait(1),moveby(0,-3000),wait(0.5),keypress(t),wait(3),keypress(t)",
      "type": "path"
    },
    {
      "id": 15,
      "x": 4265.9912109375,
      "y": -170.28173828125,
      "type": "path",
      "move_mode": "run",
      "action": "",
      "action_params": ""
    },
    {
      "id": 16,
      "x": 4264.75146484375,
      "y": -158.8994140625,
      "type": "path",
      "move_mode": "run",
      "action": "",
      "action_params": ""
    },
    {
      "id": 17,
      "x": 4257.7255859375,
      "y": -150.56640625,
      "type": "path",
      "move_mode": "run",
      "action": "",
      "action_params": ""
    },
    {
      "id": 18,
      "x": 4245.37890625,
      "y": -118.51953125,
      "type": "path",
      "move_mode": "run",
      "action": "fight",
      "action_params": ""
    }
  ]
}