{
  "info": {
    "name": "甘露花海左下（1）",
    "type": "collect",
    "author": "下流山汉",
    "version": "1.0",
    "description": "",
    "bgiVersion": "0.35.1"
  },
  "positions": [
    {
      "id": 1,
      "x": 5942.52587890625,
      "y": 618.19921875,
      "action": "",
      "move_mode": "walk",
      "action_params": "",
      "type": "teleport"
    },
    {
      "id": 2,
      "x": 5947.80322265625,
      "y": 622.275390625,
      "action": "",
      "move_mode": "walk",
      "action_params": "",
      "type": "path"
    },
    {
      "id": 3,
      "x": 5968.5400390625,
      "y": 594.02099609375,
      "action": "",
      "move_mode": "walk",
      "action_params": "",
      "type": "path"
    },
    {
      "id": 4,
      "x": 5994.4716796875,
      "y": 587.49267578125,
      "action": "combat_script",
      "move_mode": "run",
      "action_params": "wait(0.5),click(middle),wait(1),moveby(0,-3000),wait(0.5),keypress(t)",
      "type": "path"
    },
    {
      "id": 5,
      "x": 6027.24072265625,
      "y": 580.93505859375,
      "action": "",
      "move_mode": "run",
      "action_params": "",
      "type": "path"
    },
    {
      "id": 6,
      "x": 6044.8447265625,
      "y": 573.134765625,
      "action": "",
      "move_mode": "run",
      "action_params": "",
      "type": "path"
    },
    {
      "id": 7,
      "x": 6064.85546875,
      "y": 560.73681640625,
      "action": "",
      "move_mode": "walk",
      "action_params": "",
      "type": "path"
    },
    {
      "id": 8,
      "x": 6086.27197265625,
      "y": 555.61181640625,
      "action": "",
      "move_mode": "walk",
      "action_params": "",
      "type": "path"
    },
    {
      "id": 9,
      "x": 6120.87109375,
      "y": 557.10595703125,
      "action": "",
      "move_mode": "walk",
      "action_params": "",
      "type": "path"
    },
    {
      "id": 10,
      "x": 6145.2978515625,
      "y": 569.4716796875,
      "action": "",
      "move_mode": "climb",
      "action_params": "",
      "type": "path"
    },
    {
      "id": 11,
      "x": 6143.42822265625,
      "y": 589.46044921875,
      "action": "combat_script",
      "move_mode": "climb",
      "action_params": "wait(0.5),moveby(0,-1000000),wait(0.5),moveby(0,1000),wait(0.5),keypress(t)",
      "type": "path"
    },
    {
      "id": 12,
      "x": 6159.07373046875,
      "y": 600.78662109375,
      "type": "path",
      "move_mode": "run",
      "action": "",
      "action_params": ""
    },
    {
      "id": 13,
      "x": 6136.70654296875,
      "y": 606.6494140625,
      "type": "path",
      "move_mode": "fly",
      "action": "",
      "action_params": ""
    },
    {
      "id": 14,
      "x": 6122.4423828125,
      "y": 602.13037109375,
      "type": "path",
      "move_mode": "walk",
      "action": "",
      "action_params": ""
    },
    {
      "id": 15,
      "x": 6110.2958984375,
      "y": 580.2490234375,
      "type": "path",
      "move_mode": "walk",
      "action": "",
      "action_params": ""
    },
    {
      "id": 16,
      "x": 6079.87890625,
      "y": 567.91455078125,
      "type": "path",
      "move_mode": "walk",
      "action": "",
      "action_params": ""
    },
    {
      "id": 17,
      "x": 6072.24853515625,
      "y": 520.67724609375,
      "type": "path",
      "move_mode": "walk",
      "action": "",
      "action_params": ""
    },
    {
      "id": 18,
      "x": 6001.7685546875,
      "y": 496.07275390625,
      "type": "path",
      "move_mode": "walk",
      "action": "",
      "action_params": ""
    },
    {
      "id": 19,
      "x": 5948.75146484375,
      "y": 490.6474609375,
      "type": "path",
      "move_mode": "run",
      "action": "",
      "action_params": ""
    },
    {
      "id": 20,
      "x": 5933.181640625,
      "y": 501.30615234375,
      "type": "path",
      "move_mode": "run",
      "action": "",
      "action_params": ""
    },
    {
      "id": 21,
      "x": 5929.81640625,
      "y": 484.08740234375,
      "type": "path",
      "move_mode": "run",
      "action": "fight",
      "action_params": ""
    }
  ]
}