{
  "info": {
    "name": "锋刃林泽（1）",
    "type": "collect",
    "author": "下流山汉",
    "version": "1.0",
    "description": "",
    "bgiVersion": "0.35.1"
  },
  "positions": [
    {
      "id": 1,
      "action": "",
      "move_mode": "walk",
      "type": "teleport",
      "x": 6060.0576171875,
      "y": 855.36962890625,
      "action_params": ""
    },
    {
      "id": 2,
      "x": 6030.70263671875,
      "y": 837.5458984375,
      "type": "path",
      "move_mode": "walk",
      "action": "",
      "action_params": ""
    },
    {
      "id": 3,
      "x": 5989.2216796875,
      "y": 812.42529296875,
      "type": "path",
      "move_mode": "fly",
      "action": "combat_script",
      "action_params": "keypress(VK_SPACE),wait(5),click",
      "locked": false
    },
    {
      "id": 4,
      "x": 5989.2216796875,
      "y": 812.42529296875,
      "type": "path",
      "move_mode": "walk",
      "action": "fight",
      "action_params": ""
    }
  ]
}