{
  "info": {
    "name": "厄里那斯左上（2）",
    "type": "collect",
    "author": "下流山汉",
    "version": "1.0",
    "description": "",
    "bgiVersion": "0.35.1"
  },
  "positions": [
    {
      "id": 1,
      "action": "",
      "move_mode": "walk",
      "type": "teleport",
      "x": 5113.55859375,
      "y": 2998.235107421875,
      "action_params": ""
    },
    {
      "id": 2,
      "x": 5098.80810546875,
      "y": 3008.10986328125,
      "type": "path",
      "move_mode": "fly",
      "action": "stop_flying",
      "action_params": ""
    },
    {
      "id": 3,
      "x": 5077.42529296875,
      "y": 3026.732421875,
      "type": "path",
      "move_mode": "walk",
      "action": "",
      "action_params": ""
    },
    {
      "id": 4,
      "x": 5058.2919921875,
      "y": 3047.197021484375,
      "type": "path",
      "move_mode": "run",
      "action": "",
      "action_params": ""
    },
    {
      "id": 5,
      "x": 5033.03076171875,
      "y": 3065.541015625,
      "type": "path",
      "move_mode": "fly",
      "action": "stop_flying",
      "action_params": ""
    },
    {
      "id": 6,
      "x": 5023.5087890625,
      "y": 3073.01904296875,
      "type": "path",
      "move_mode": "run",
      "action": "fight",
      "action_params": ""
    },
    {
      "id": 7,
      "x": 5053.1669921875,
      "y": 3073.905517578125,
      "type": "path",
      "move_mode": "walk",
      "action": "",
      "action_params": ""
    },
    {
      "id": 8,
      "x": 5072.17333984375,
      "y": 3092.211181640625,
      "type": "path",
      "move_mode": "walk",
      "action": "",
      "action_params": ""
    },
    {
      "id": 9,
      "x": 5083.90185546875,
      "y": 3133.401611328125,
      "type": "path",
      "move_mode": "walk",
      "action": "",
      "action_params": ""
    },
    {
      "id": 10,
      "x": 5092.0390625,
      "y": 3174.067626953125,
      "type": "path",
      "move_mode": "walk",
      "action": "",
      "action_params": ""
    },
    {
      "id": 11,
      "x": 5110.27294921875,
      "y": 3187.04541015625,
      "type": "path",
      "move_mode": "walk",
      "action": "",
      "action_params": ""
    },
    {
      "id": 12,
      "x": 5122.11572265625,
      "y": 3188.09814453125,
      "type": "path",
      "move_mode": "walk",
      "action": "",
      "action_params": ""
    },
    {
      "id": 13,
      "x": 5134.98779296875,
      "y": 3202.669921875,
      "type": "path",
      "move_mode": "fly",
      "action": "stop_flying",
      "action_params": ""
    },
    {
      "id": 14,
      "x": 5155.333984375,
      "y": 3219.496826171875,
      "type": "path",
      "move_mode": "run",
      "action": "fight",
      "action_params": ""
    }
  ]
}