﻿{
  "info": {
    "name": "304【清怪】稻妻-神无卓6",
    "type": "collect",
    "authors": [
      {
        "name": "汐",
        "links": ""
      }
    ],
    "version": "1.0",
    "description": "",
    "map_name": "Teyvat",
    "bgi_version": "0.45.0",
    "tags": [],
    "last_modified_time": 1755711727224,
    "enable_monster_loot_split": false,
    "map_match_method": ""
  },
  "positions": [
    {
      "id": 1,
      "action": "",
      "move_mode": "walk",
      "type": "teleport",
      "x": -3394.65625,
      "y": -3555.20703125,
      "action_params": ""
    },
    {
      "id": 2,
      "x": -3410.072265625,
      "y": -3553.2158203125,
      "type": "path",
      "move_mode": "dash",
      "action": "",
      "action_params": ""
    },
    {
      "id": 3,
      "x": -3442.953125,
      "y": -3571.88671875,
      "type": "path",
      "move_mode": "fly",
      "action": "stop_flying",
      "action_params": ""
    },
    {
      "id": 4,
      "x": -3465.5,
      "y": -3576.642578125,
      "type": "path",
      "move_mode": "dash",
      "action": "fight",
      "action_params": ""
    }
  ]
}