﻿{
  "info": {
    "authors": [
      {
        "links": "",
        "name": "汐"
      }
    ],
    "bgi_version": "0.45.0",
    "description": "",
    "enable_monster_loot_split": false,
    "last_modified_time": 1758214272287,
    "map_match_method": "",
    "map_name": "Teyvat",
    "name": "629【清怪】纳塔-悠悠集市西北岸8",
    "tags": [],
    "type": "collect",
    "version": "1.0"
  },
  "positions": [
    {
      "action": "",
      "action_params": "",
      "id": 1,
      "move_mode": "walk",
      "type": "teleport",
      "x": 10276.197265625,
      "y": -202.88623046875
    },
    {
      "action": "",
      "action_params": "",
      "id": 2,
      "move_mode": "walk",
      "type": "teleport",
      "x": 14152.12890625,
      "y": 422.77294921875
    },
    {
      "action": "",
      "action_params": "",
      "id": 3,
      "move_mode": "dash",
      "type": "path",
      "x": 14161.9580078125,
      "y": 497.9892578125
    },
    {
      "action": "",
      "action_params": "",
      "id": 4,
      "move_mode": "dash",
      "type": "path",
      "x": 14153.84765625,
      "y": 524.02294921875
    },
    {
      "action": "",
      "action_params": "",
      "id": 5,
      "move_mode": "walk",
      "type": "path",
      "x": 14147.5654296875,
      "y": 531.98828125
    },
    {
      "action": "fight",
      "action_params": "",
      "id": 6,
      "move_mode": "dash",
      "type": "path",
      "x": 14133.357421875,
      "y": 554.56640625
    }
  ]
}