{
  "info": {
    "name": "a12【2】奥奇纳塔左（4）",
    "type": "collect",
    "author": "下流山汉",
    "version": "1.0",
    "description": "",
    "bgiVersion": "0.35.1"
  },
  "positions": [
    {
      "id": 1,
      "x": 10165.8515625,
      "y": -395.40966796875,
      "action": "",
      "move_mode": "walk",
      "action_params": "",
      "type": "teleport"
    },
    {
      "id": 2,
      "x": 10149.7431640625,
      "y": -344.580078125,
      "action": "",
      "move_mode": "walk",
      "action_params": "",
      "type": "path"
    },
    {
      "id": 3,
      "x": 10163.9873046875,
      "y": -312.13916015625,
      "action": "fight",
      "move_mode": "walk",
      "action_params": "",
      "type": "path"
    },
    {
      "id": 4,
      "x": 10170.0791015625,
      "y": -290.54052734375,
      "action": "",
      "move_mode": "walk",
      "action_params": "",
      "type": "path"
    },
    {
      "id": 5,
      "x": 10213.09375,
      "y": -295.27099609375,
      "action": "",
      "move_mode": "walk",
      "action_params": "",
      "type": "path"
    },
    {
      "id": 6,
      "x": 10250.7392578125,
      "y": -296.2216796875,
      "action": "",
      "move_mode": "walk",
      "action_params": "",
      "type": "path"
    },
    {
      "id": 7,
      "x": 10287.302734375,
      "y": -320.65234375,
      "action": "fight",
      "move_mode": "walk",
      "action_params": "",
      "type": "path"
    },
    {
      "id": 8,
      "x": 10273.583984375,
      "y": -192.232421875,
      "action": "",
      "move_mode": "walk",
      "action_params": "",
      "type": "teleport"
    },
    {
      "id": 9,
      "x": 10291.15625,
      "y": -175.35546875,
      "action": "",
      "move_mode": "walk",
      "action_params": "",
      "type": "path"
    },
    {
      "id": 10,
      "x": 10362.5810546875,
      "y": -234.49853515625,
      "action": "",
      "move_mode": "walk",
      "action_params": "",
      "type": "path"
    },
    {
      "id": 11,
      "x": 10411.49609375,
      "y": -241.6552734375,
      "action": "fight",
      "move_mode": "walk",
      "action_params": "",
      "type": "path"
    }
  ]
}