{
  "info": {
    "name": "奥奇纳塔城内（5）",
    "type": "collect",
    "author": "下流山汉",
    "version": "1.0",
    "description": "",
    "bgiVersion": "0.35.1"
  },
  "positions": [
    {
      "id": 1,
      "action": "",
      "move_mode": "walk",
      "type": "teleport",
      "x": 9875.6142578125,
      "y": -401.076171875,
      "action_params": ""
    },
    {
      "id": 2,
      "x": 9879.111328125,
      "y": -418.59033203125,
      "type": "path",
      "move_mode": "walk",
      "action": "",
      "action_params": ""
    },
    {
      "id": 3,
      "x": 9861.205078125,
      "y": -435.283203125,
      "type": "path",
      "move_mode": "walk",
      "action": "",
      "action_params": ""
    },
    {
      "id": 4,
      "x": 9847.75390625,
      "y": -425.02880859375,
      "type": "path",
      "move_mode": "walk",
      "action": "",
      "action_params": ""
    },
    {
      "id": 5,
      "x": 9831.3740234375,
      "y": -415.4970703125,
      "type": "path",
      "move_mode": "walk",
      "action": "",
      "action_params": ""
    },
    {
      "id": 6,
      "x": 9861.8955078125,
      "y": -362.09326171875,
      "type": "path",
      "move_mode": "walk",
      "action": "",
      "action_params": ""
    },
    {
      "id": 7,
      "x": 9877.5,
      "y": -362.75165463457324,
      "type": "path",
      "move_mode": "run",
      "action": "",
      "action_params": ""
    },
    {
      "id": 8,
      "x": 9904.9873046875,
      "y": -364.89892578125,
      "type": "path",
      "move_mode": "run",
      "action": "",
      "action_params": ""
    },
    {
      "id": 9,
      "x": 9887.753053821449,
      "y": -365.75076367749534,
      "type": "path",
      "move_mode": "run",
      "action": "fight",
      "action_params": ""
    },
    {
      "id": 10,
      "x": 9865.9560546875,
      "y": -354.953125,
      "type": "path",
      "move_mode": "walk",
      "action": "",
      "action_params": ""
    },
    {
      "id": 11,
      "x": 9894.28515625,
      "y": -314.66357421875,
      "type": "path",
      "move_mode": "walk",
      "action": "",
      "action_params": ""
    },
    {
      "id": 12,
      "x": 9902.046875,
      "y": -289.1689453125,
      "type": "path",
      "move_mode": "fly",
      "action": "stop_flying",
      "action_params": ""
    },
    {
      "id": 13,
      "x": 9889.1640625,
      "y": -252.45263671875,
      "type": "path",
      "move_mode": "walk",
      "action": "",
      "action_params": ""
    },
    {
      "id": 14,
      "x": 9869.08984375,
      "y": -240.71337890625,
      "type": "path",
      "move_mode": "walk",
      "action": "",
      "action_params": ""
    },
    {
      "id": 15,
      "x": 9820.8896484375,
      "y": -235.06640625,
      "type": "path",
      "move_mode": "fly",
      "action": "stop_flying",
      "action_params": ""
    },
    {
      "id": 16,
      "x": 9798.349609375,
      "y": -239.01953125,
      "type": "path",
      "move_mode": "run",
      "action": "fight",
      "action_params": ""
    },
    {
      "id": 17,
      "x": 9816.1318359375,
      "y": -237.564453125,
      "type": "path",
      "move_mode": "walk",
      "action": "",
      "action_params": ""
    },
    {
      "id": 18,
      "x": 9834.904296875,
      "y": -240.0927734375,
      "type": "path",
      "move_mode": "fly",
      "action": "stop_flying",
      "action_params": "",
      "locked": false
    },
    {
      "id": 19,
      "x": 9834.904296875,
      "y": -240.0927734375,
      "type": "path",
      "move_mode": "walk",
      "action": "fight",
      "action_params": ""
    }
  ]
}