{
  "info": {
    "name": "奥奇纳塔右下（4）",
    "type": "collect",
    "author": "下流山汉",
    "version": "1.0",
    "description": "",
    "bgiVersion": "0.35.1"
  },
  "positions": [
    {
      "id": 1,
      "action": "",
      "move_mode": "walk",
      "type": "teleport",
      "x": 9813.4931640625,
      "y": -372.20361328125,
      "action_params": ""
    },
    {
      "id": 2,
      "x": 9802.4765625,
      "y": -374.12353515625,
      "type": "path",
      "move_mode": "walk",
      "action": "",
      "action_params": ""
    },
    {
      "id": 3,
      "x": 9790.96484375,
      "y": -374.73583984375,
      "type": "path",
      "move_mode": "walk",
      "action": "",
      "action_params": ""
    },
    {
      "id": 4,
      "x": 9776.2451171875,
      "y": -378.009765625,
      "type": "path",
      "move_mode": "walk",
      "action": "",
      "action_params": ""
    },
    {
      "id": 5,
      "x": 9699.1435546875,
      "y": -378.1005859375,
      "type": "path",
      "move_mode": "fly",
      "action": "stop_flying",
      "action_params": "",
      "locked": false
    },
    {
      "id": 6,
      "x": 9699.1435546875,
      "y": -378.1005859375,
      "type": "path",
      "move_mode": "walk",
      "action": "fight",
      "action_params": ""
    },
    {
      "id": 7,
      "x": 9699.185546875,
      "y": -383.9443359375,
      "type": "path",
      "move_mode": "walk",
      "action": "",
      "action_params": ""
    },
    {
      "id": 8,
      "x": 9673.55078125,
      "y": -445.32421875,
      "type": "path",
      "move_mode": "fly",
      "action": "stop_flying",
      "action_params": ""
    },
    {
      "id": 9,
      "x": 9673.279296875,
      "y": -457.1474609375,
      "type": "target",
      "move_mode": "walk",
      "action": "fight",
      "action_params": "",
      "locked": false
    },
    {
      "id": 10,
      "x": 9649.369140625,
      "y": -427.41845703125,
      "type": "path",
      "move_mode": "walk",
      "action": "",
      "action_params": ""
    },
    {
      "id": 11,
      "x": 9594.2197265625,
      "y": -428.58056640625,
      "type": "path",
      "move_mode": "walk",
      "action": "",
      "action_params": ""
    },
    {
      "id": 12,
      "x": 9586.9013671875,
      "y": -446.77197265625,
      "type": "path",
      "move_mode": "walk",
      "action": "",
      "action_params": ""
    },
    {
      "id": 13,
      "x": 9562.169921875,
      "y": -447.1474609375,
      "type": "path",
      "move_mode": "walk",
      "action": "",
      "action_params": ""
    },
    {
      "id": 14,
      "x": 9527.08984375,
      "y": -439.94140625,
      "type": "path",
      "move_mode": "walk",
      "action": "",
      "action_params": ""
    },
    {
      "id": 15,
      "x": 9506.51171875,
      "y": -467.2041015625,
      "type": "path",
      "move_mode": "walk",
      "action": "",
      "action_params": ""
    },
    {
      "id": 16,
      "x": 9507.71875,
      "y": -478.0791015625,
      "type": "path",
      "move_mode": "walk",
      "action": "fight",
      "action_params": ""
    }
  ]
}