﻿{
  "info": {
    "authors": [
      {
        "links": "",
        "name": "汐"
      }
    ],
    "bgi_version": "0.45.0",
    "description": "",
    "enable_monster_loot_split": false,
    "last_modified_time": 1760788119961,
    "map_match_method": "",
    "map_name": "Teyvat",
    "name": "206璃月-绝云间3",
    "tags": [],
    "type": "collect",
    "version": ""
  },
  "positions": [
    {
      "action": "",
      "id": 1,
      "move_mode": "walk",
      "type": "teleport",
      "x": 1182.685546875,
      "y": 626.04638671875
    },
    {
      "action": "",
      "id": 2,
      "move_mode": "walk",
      "type": "teleport",
      "x": 1182.685546875,
      "y": 626.04638671875
    },
    {
      "action": "",
      "id": 3,
      "move_mode": "run",
      "type": "path",
      "x": 1188.5419921875,
      "y": 620.3544921875
    },
    {
      "action": "",
      "id": 4,
      "move_mode": "run",
      "type": "path",
      "x": 1171.875,
      "y": 574.1242032091441
    },
    {
      "action": "",
      "action_params": "",
      "id": 5,
      "move_mode": "dash",
      "type": "path",
      "x": 1170.3876953125,
      "y": 569.671875
    },
    {
      "action": "combat_script",
      "action_params": "keypress(f),wait(0.2),keypress(f),wait(0.2),keypress(f),wait(0.2),keypress(f),wait(0.2),keypress(f),wait(0.2),keypress(f),s(0.15);万叶 attack(0.08),keydown(E),wait(0.51),keyup(E),attack(0.2),wait(0.8);琴 attack(0.08),keydown(E),wait(0.4),moveby(1000,0),wait(0.2),moveby(1000,0),wait(0.2),moveby(1000,0),wait(0.2),moveby(1000,-3500),wait(1.8),keyup(E),wait(0.3),click(middle);",
      "id": 6,
      "move_mode": "climb",
      "type": "target",
      "x": 1170.3876953125,
      "y": 569.671875
    },
    {
      "action": "",
      "action_params": "",
      "id": 7,
      "locked": false,
      "move_mode": "jump",
      "type": "path",
      "x": 1162.531293450913,
      "y": 563.9059771566581
    },
    {
      "action": "",
      "action_params": "",
      "id": 8,
      "move_mode": "dash",
      "type": "path",
      "x": 1161.59375,
      "y": 559.7900390625
    },
    {
      "action": "combat_script",
      "action_params": "keypress(f);万叶 attack(0.08),keydown(E),wait(0.51),keyup(E),attack(0.2),wait(0.5);琴 attack(0.08),keydown(E),wait(0.4),moveby(1000,0),wait(0.2),moveby(1000,0),wait(0.2),moveby(1000,0),wait(0.2),moveby(1000,-3500),wait(1.8),keyup(E),wait(0.3),click(middle);",
      "id": 9,
      "move_mode": "climb",
      "type": "target",
      "x": 1159.61328125,
      "y": 557.107421875
    },
    {
      "action": "",
      "id": 10,
      "move_mode": "walk",
      "type": "path",
      "x": 1156.8896484375,
      "y": 555.84033203125
    },
    {
      "action": "",
      "id": 11,
      "move_mode": "dash",
      "type": "target",
      "x": 1147.169921875,
      "y": 561.39208984375
    },
    {
      "action": "combat_script",
      "action_params": "a(0.8),keypress(x);万叶 attack(0.08),keydown(E),wait(0.51),keyup(E),attack(0.2),wait(0.5);琴 attack(0.08),keydown(E),wait(0.4),moveby(1000,0),wait(0.2),moveby(1000,0),wait(0.2),moveby(1000,0),wait(0.2),moveby(1000,-3500),wait(1.8),keyup(E),wait(0.3),click(middle);",
      "id": 12,
      "move_mode": "walk",
      "type": "path",
      "x": 1143.7186808735478,
      "y": 561.8749317891643
    }
  ]
}