﻿{
  "info": {
    "authors": [
      {
        "links": "",
        "name": "汐"
      }
    ],
    "bgi_version": "0.45.0",
    "description": "",
    "enable_monster_loot_split": false,
    "last_modified_time": 1758718106757,
    "map_match_method": "",
    "map_name": "Teyvat",
    "name": "228璃月-沉玉谷沉珑渊地洞3",
    "tags": [],
    "type": "collect",
    "version": "1.0"
  },
  "positions": [
    {
      "action": "",
      "action_params": "",
      "id": 1,
      "move_mode": "walk",
      "type": "teleport",
      "x": 2297.82421875,
      "y": 1924.537109375
    },
    {
      "action": "combat_script",
      "action_params": "wait(0.3)",
      "id": 2,
      "move_mode": "climb",
      "type": "orientation",
      "x": 2285.330078125,
      "y": 1914.67724609375
    },
    {
      "action": "",
      "action_params": "",
      "id": 3,
      "move_mode": "climb",
      "type": "path",
      "x": 2285.330078125,
      "y": 1914.67724609375
    },
    {
      "action": "",
      "action_params": "",
      "id": 4,
      "move_mode": "dash",
      "type": "path",
      "x": 2260.630859375,
      "y": 1902.42822265625
    },
    {
      "action": "",
      "action_params": "",
      "id": 5,
      "move_mode": "fly",
      "type": "path",
      "x": 2244.443359375,
      "y": 1861.75244140625
    },
    {
      "action": "",
      "action_params": "",
      "id": 6,
      "move_mode": "jump",
      "type": "path",
      "x": 2245.8291015625,
      "y": 1850.0087890625
    },
    {
      "action": "",
      "action_params": "",
      "id": 7,
      "move_mode": "walk",
      "type": "path",
      "x": 2246.8125,
      "y": 1844.4892578125
    },
    {
      "action": "",
      "action_params": "",
      "id": 8,
      "move_mode": "climb",
      "type": "target",
      "x": 2246.8125,
      "y": 1844.4892578125
    },
    {
      "action": "",
      "action_params": "",
      "id": 9,
      "move_mode": "dash",
      "type": "path",
      "x": 2254.990234375,
      "y": 1842.1611328125
    },
    {
      "action": "combat_script",
      "action_params": "keypress(f),s(0.2);万叶 attack(0.08),keydown(E),wait(0.7),keyup(E),attack(0.2),wait(1);琴 attack(0.08),keydown(E),wait(0.4),moveby(1000,0),wait(0.2),moveby(1000,0),wait(0.2),moveby(1000,0),wait(0.2),moveby(1000,-3500),wait(1.8),keyup(E),wait(0.3),click(middle);",
      "id": 10,
      "move_mode": "climb",
      "type": "target",
      "x": 2254.333984375,
      "y": 1842.73583984375
    },
    {
      "action": "",
      "action_params": "",
      "id": 11,
      "move_mode": "walk",
      "type": "teleport",
      "x": 2297.82421875,
      "y": 1924.537109375
    },
    {
      "action": "",
      "action_params": "",
      "id": 12,
      "move_mode": "run",
      "type": "path",
      "x": 2305.6748046875,
      "y": 1935.0390625
    },
    {
      "action": "",
      "action_params": "",
      "id": 13,
      "move_mode": "run",
      "type": "path",
      "x": 2291.966796875,
      "y": 1961.0166015625
    },
    {
      "action": "",
      "action_params": "",
      "id": 14,
      "move_mode": "dash",
      "type": "path",
      "x": 2297.185546875,
      "y": 1975.40625
    },
    {
      "action": "",
      "action_params": "",
      "id": 15,
      "move_mode": "run",
      "type": "path",
      "x": 2346.494140625,
      "y": 1967.0859375
    },
    {
      "action": "",
      "action_params": "",
      "id": 16,
      "move_mode": "dash",
      "type": "path",
      "x": 2353.5966796875,
      "y": 1972.77685546875
    },
    {
      "action": "combat_script",
      "action_params": "keypress(f);万叶 attack(0.08),keydown(E),wait(0.51),keyup(E),attack(0.2);琴 attack(0.08),keydown(E),wait(0.4),moveby(1000,0),wait(0.2),moveby(1000,0),wait(0.2),moveby(1000,0),wait(0.2),moveby(1000,-3500),wait(1.8),keyup(E),wait(0.3),click(middle);",
      "id": 17,
      "move_mode": "climb",
      "type": "target",
      "x": 2353.3837890625,
      "y": 1972.380859375
    }
  ]
}