﻿{
  "info": {
    "authors": [
      {
        "links": "",
        "name": "汐"
      }
    ],
    "bgi_version": "0.45.0",
    "description": "",
    "enable_monster_loot_split": false,
    "last_modified_time": 1758718541896,
    "map_match_method": "",
    "map_name": "Teyvat",
    "name": "408须弥-桓那兰那村1",
    "tags": [],
    "type": "collect",
    "version": "1.0"
  },
  "positions": [
    {
      "action": "",
      "action_params": "",
      "id": 1,
      "move_mode": "walk",
      "type": "teleport",
      "x": 3242.49609375,
      "y": -193.783203125
    },
    {
      "action": "log_output",
      "action_params": "\n[桓那兰那村]务必转换到现实调查点才是狗粮!!!\n[桓那兰那村]务必转换到现实调查点才是狗粮!!!\n[桓那兰那村]务必转换到现实调查点才是狗粮!!!",
      "id": 2,
      "move_mode": "dash",
      "type": "orientation",
      "x": 3296.7607421875,
      "y": -184.52197265625
    },
    {
      "action": "",
      "action_params": "",
      "id": 3,
      "move_mode": "dash",
      "type": "path",
      "x": 3296.7607421875,
      "y": -184.52197265625
    },
    {
      "action": "",
      "action_params": "",
      "id": 4,
      "move_mode": "dash",
      "type": "path",
      "x": 3303.8017578125,
      "y": -187.81689453125
    },
    {
      "action": "",
      "action_params": "",
      "id": 5,
      "move_mode": "dash",
      "type": "path",
      "x": 3306.509765625,
      "y": -189.060546875
    },
    {
      "action": "combat_script",
      "action_params": "keypress(f);万叶 attack(0.08),keydown(E),wait(0.51),keyup(E),attack(0.2),wait(0.5);琴 attack(0.08),keydown(E),wait(0.4),moveby(1000,0),wait(0.2),moveby(1000,0),wait(0.2),moveby(1000,0),wait(0.2),moveby(1000,-3500),wait(1.8),keyup(E),wait(0.3),click(middle);",
      "id": 6,
      "move_mode": "climb",
      "type": "target",
      "x": 3308.3857421875,
      "y": -191.90283203125
    }
  ]
}