﻿{
  "info": {
    "authors": [
      {
        "links": "",
        "name": "汐"
      }
    ],
    "bgi_version": "0.45.0",
    "description": "",
    "enable_monster_loot_split": false,
    "last_modified_time": 1758718709215,
    "map_match_method": "",
    "map_name": "Teyvat",
    "name": "417须弥-千壑沙地露营地2",
    "tags": [],
    "type": "collect",
    "version": ""
  },
  "positions": [
    {
      "action": "",
      "id": 1,
      "move_mode": "walk",
      "type": "teleport",
      "x": 5063.70263671875,
      "y": -1587.78515625
    },
    {
      "action": "",
      "action_params": "",
      "id": 2,
      "move_mode": "run",
      "type": "path",
      "x": 5061.87528045589,
      "y": -1570.1250303159268
    },
    {
      "action": "stop_flying",
      "action_params": "2000",
      "id": 3,
      "move_mode": "fly",
      "type": "path",
      "x": 5060.94921875,
      "y": -1562.26318359375
    },
    {
      "action": "",
      "action_params": "",
      "id": 4,
      "move_mode": "dash",
      "type": "path",
      "x": 5062.658203125,
      "y": -1577.85498046875
    },
    {
      "action": "combat_script",
      "action_params": "keypress(f),d(0.3),keypress(f);万叶 attack(0.08),keydown(E),wait(0.51),keyup(E),attack(0.2),wait(0.5);琴 attack(0.08),keydown(E),wait(0.4),moveby(1000,0),wait(0.2),moveby(1000,0),wait(0.2),moveby(1000,0),wait(0.2),moveby(1000,-3500),wait(1.8),keyup(E),wait(0.3),click(middle);",
      "id": 5,
      "move_mode": "climb",
      "type": "target",
      "x": 5064.27734375,
      "y": -1580.201171875
    },
    {
      "action": "",
      "action_params": "",
      "id": 6,
      "move_mode": "walk",
      "type": "path",
      "x": 5067.3056640625,
      "y": -1577.60107421875
    },
    {
      "action": "",
      "id": 7,
      "move_mode": "dash",
      "type": "path",
      "x": 5119.218759875206,
      "y": -1572.7506138975205
    },
    {
      "action": "",
      "id": 8,
      "move_mode": "climb",
      "type": "target",
      "x": 5120.406297400994,
      "y": -1570.187424210183
    },
    {
      "action": "combat_script",
      "action_params": "keypress(x),wait(0.2),keypress(x);万叶 attack(0.08),keydown(E),wait(0.51),keyup(E),attack(0.2),wait(0.5);琴 attack(0.08),keydown(E),wait(0.4),moveby(1000,0),wait(0.2),moveby(1000,0),wait(0.2),moveby(1000,0),wait(0.2),moveby(1000,-3500),wait(1.8),keyup(E),wait(0.3),click(middle);",
      "id": 9,
      "move_mode": "walk",
      "type": "path",
      "x": 5122.73681640625,
      "y": -1568.61767578125
    }
  ]
}