﻿{
  "info": {
    "authors": [
      {
        "links": "",
        "name": "汐"
      }
    ],
    "bgi_version": "0.45.0",
    "description": "",
    "enable_monster_loot_split": false,
    "last_modified_time": 1758719141325,
    "map_match_method": "",
    "map_name": "Teyvat",
    "name": "502枫丹-黎翡区神像3",
    "tags": [],
    "type": "collect",
    "version": "1.0"
  },
  "positions": [
    {
      "action": "",
      "id": 1,
      "move_mode": "walk",
      "type": "teleport",
      "x": 4545.52294921875,
      "y": 4225.54296875
    },
    {
      "action": "",
      "action_params": "",
      "id": 2,
      "move_mode": "run",
      "type": "path",
      "x": 4536.9912109375,
      "y": 4219.6826171875
    },
    {
      "action": "stop_flying",
      "action_params": "",
      "id": 3,
      "move_mode": "fly",
      "type": "path",
      "x": 4531.91845703125,
      "y": 4212.4248046875
    },
    {
      "action": "combat_script",
      "action_params": "keypress(f),w(0.3),keypress(f),w(0.1),keypress(f),wait(0.2),keypress(f);万叶 attack(0.08),keydown(E),wait(0.48),keyup(E),attack(0.2),wait(0.5);琴 attack(0.08),keydown(E),wait(0.4),moveby(1000,0),wait(0.2),moveby(1000,0),wait(0.2),moveby(1000,0),wait(0.2),moveby(1000,-3500),wait(1.8),keyup(E),wait(0.3),click(middle);",
      "id": 4,
      "move_mode": "climb",
      "type": "target",
      "x": 4535.7499782745435,
      "y": 4210.7187727369455
    },
    {
      "action": "",
      "action_params": "",
      "id": 5,
      "move_mode": "jump",
      "type": "path",
      "x": 4545.250288356054,
      "y": 4210.37490905222
    },
    {
      "action": "combat_script",
      "action_params": "keypress(f),wait(0.2),keypress(f),d(0.15);万叶 attack(0.08),keydown(E),wait(0.48),keyup(E),attack(0.2),wait(0.5);琴 attack(0.08),keydown(E),wait(0.4),moveby(1000,0),wait(0.2),moveby(1000,0),wait(0.2),moveby(1000,0),wait(0.2),moveby(1000,-3500),wait(1.8),keyup(E),wait(0.3),click(middle);",
      "id": 6,
      "move_mode": "dash",
      "type": "target",
      "x": 4556.3125118502485,
      "y": 4208.78125
    },
    {
      "action": "",
      "action_params": "",
      "id": 7,
      "move_mode": "fly",
      "type": "path",
      "x": 4568.624990124794,
      "y": 4223.624795367494
    },
    {
      "action": "combat_script",
      "action_params": "keypress(f),a(0.4),keypress(f);万叶 attack(0.08),keydown(E),wait(0.51),keyup(E),attack(0.2),wait(0.5);琴 attack(0.08),keydown(E),wait(0.4),moveby(1000,0),wait(0.2),moveby(1000,0),wait(0.2),moveby(1000,0),wait(0.2),moveby(1000,-3500),wait(1.8),keyup(E),wait(0.3),click(middle);",
      "id": 8,
      "move_mode": "run",
      "type": "target",
      "x": 4571.5849609375,
      "y": 4226.6259765625
    }
  ]
}