﻿{
  "info": {
    "authors": [
      {
        "links": "",
        "name": "汐"
      }
    ],
    "bgi_version": "0.45.0",
    "description": "",
    "enable_monster_loot_split": false,
    "last_modified_time": 1758719236893,
    "map_match_method": "",
    "map_name": "Teyvat",
    "name": "506枫丹-科学院左沙滩北4",
    "tags": [],
    "type": "collect",
    "version": ""
  },
  "positions": [
    {
      "action": "",
      "id": 1,
      "move_mode": "walk",
      "type": "teleport",
      "x": 4498.2177734375,
      "y": 4710.80224609375
    },
    {
      "action": "",
      "action_params": "",
      "id": 2,
      "move_mode": "run",
      "type": "path",
      "x": 4506.763671875,
      "y": 4722.8828125
    },
    {
      "action": "",
      "action_params": "",
      "id": 3,
      "move_mode": "dash",
      "type": "path",
      "x": 4546.970703125,
      "y": 4747.5107421875
    },
    {
      "action": "",
      "action_params": "",
      "id": 4,
      "move_mode": "dash",
      "type": "path",
      "x": 4560.0244140625,
      "y": 4742.79296875
    },
    {
      "action": "",
      "action_params": "",
      "id": 5,
      "move_mode": "climb",
      "type": "target",
      "x": 4560.0244140625,
      "y": 4742.79296875
    },
    {
      "action": "combat_script",
      "action_params": "keypress(f),wait(0.2),keypress(f)",
      "id": 6,
      "move_mode": "climb",
      "type": "path",
      "x": 4561.50537109375,
      "y": 4743.1923828125
    },
    {
      "action": "combat_script",
      "action_params": "keypress(f),attack(0.3);万叶 attack(0.08),keydown(E),wait(0.51),keyup(E),attack(0.2),wait(0.5);琴 attack(0.08),keydown(E),wait(0.4),moveby(1000,0),wait(0.2),moveby(1000,0),wait(0.2),moveby(1000,0),wait(0.2),moveby(1000,-3500),wait(1.8),keyup(E),wait(0.3),click(middle);芙宁娜 e;",
      "id": 7,
      "move_mode": "climb",
      "type": "target",
      "x": 4562.875,
      "y": 4743.53121680038
    },
    {
      "action": "",
      "id": 8,
      "move_mode": "walk",
      "type": "path",
      "x": 4566.9375,
      "y": 4743.937688131175
    },
    {
      "action": "",
      "action_params": "",
      "id": 9,
      "move_mode": "run",
      "type": "path",
      "x": 4558.1875,
      "y": 4783.937300802287
    },
    {
      "action": "",
      "action_params": "",
      "id": 10,
      "move_mode": "dash",
      "type": "path",
      "x": 4566.2275390625,
      "y": 4825.63720703125
    },
    {
      "action": "combat_script",
      "action_params": "keypress(f),w(0.2),keypress(f),w(0.2),keypress(f);万叶 attack(0.08),keydown(E),wait(0.51),keyup(E),attack(0.2),wait(0.5);琴 attack(0.08),keydown(E),wait(0.4),moveby(1000,0),wait(0.2),moveby(1000,0),wait(0.2),moveby(1000,0),wait(0.2),moveby(1000,-3500),wait(1.8),keyup(E),wait(0.3),click(middle);",
      "id": 11,
      "move_mode": "climb",
      "type": "target",
      "x": 4569.7080078125,
      "y": 4827.3154296875
    },
    {
      "action": "",
      "action_params": "",
      "id": 12,
      "move_mode": "run",
      "type": "path",
      "x": 4545.5316825340815,
      "y": 4845.81298505483
    },
    {
      "action": "combat_script",
      "action_params": "keypress(f);芙宁娜 e;万叶 attack(0.08),keydown(E),wait(0.51),keyup(E),attack(0.2),wait(0.5);琴 attack(0.08),keydown(E),wait(0.4),moveby(1000,0),wait(0.2),moveby(1000,0),wait(0.2),moveby(1000,0),wait(0.2),moveby(1000,-3500),wait(1.8),keyup(E),wait(0.3),click(middle);",
      "id": 13,
      "move_mode": "run",
      "type": "target",
      "x": 4534.437505925124,
      "y": 4848.71887884269
    },
    {
      "action": "",
      "action_params": "",
      "id": 14,
      "move_mode": "climb",
      "type": "target",
      "x": 4532.8095703125,
      "y": 4847.8017578125
    }
  ]
}