﻿{
  "info": {
    "authors": [
      {
        "links": "",
        "name": "汐"
      }
    ],
    "bgi_version": "0.45.0",
    "description": "",
    "enable_monster_loot_split": false,
    "last_modified_time": 1759220585776,
    "map_match_method": "",
    "map_name": "Teyvat",
    "name": "607纳塔-柴薪之丘1",
    "tags": [],
    "type": "collect",
    "version": "1.0"
  },
  "positions": [
    {
      "action": "",
      "action_params": "",
      "id": 1,
      "move_mode": "walk",
      "type": "teleport",
      "x": 9050.232421875,
      "y": -1379.49169921875
    },
    {
      "action": "",
      "action_params": "",
      "id": 2,
      "move_mode": "dash",
      "type": "path",
      "x": 9038.685546875,
      "y": -1397.607421875
    },
    {
      "action": "",
      "action_params": "",
      "id": 3,
      "locked": false,
      "move_mode": "run",
      "type": "path",
      "x": 9073.8046875,
      "y": -1416.94189453125
    },
    {
      "action": "combat_script",
      "action_params": "keypress(f),w(0.2),keypress(f);万叶 attack(0.08),keydown(E),wait(0.51),keyup(E),attack(0.2),wait(0.5);琴 attack(0.08),keydown(E),wait(0.4),moveby(1000,0),wait(0.2),moveby(1000,0),wait(0.2),moveby(1000,0),wait(0.2),moveby(1000,-3500),wait(1.8),keyup(E),wait(0.3),click(middle);",
      "id": 4,
      "move_mode": "climb",
      "type": "target",
      "x": 9073.8046875,
      "y": -1416.94189453125
    },
    {
      "action": "",
      "action_params": "",
      "id": 5,
      "move_mode": "walk",
      "type": "path",
      "x": 9076.5419921875,
      "y": -1418.1015625
    }
  ]
}