﻿{
  "info": {
    "authors": [],
    "bgi_version": "0.45.0",
    "description": "",
    "enable_monster_loot_split": false,
    "last_modified_time": 1755978067725,
    "map_match_method": "",
    "map_name": "Teyvat",
    "name": "度假村传送过渡",
    "tags": [],
    "type": "collect",
    "version": "1.0"
  },
  "positions": [
    {
      "action": "",
      "action_params": "",
      "id": 1,
      "move_mode": "walk",
      "type": "teleport",
      "x": 10275.916015625,
      "y": -202.734375
    },
    {
      "action": "force_tp",
      "action_params": "",
      "id": 2,
      "move_mode": "walk",
      "type": "teleport",
      "x": 13616.8203125,
      "y": 380.2734375
    }
  ]
}