﻿{
  "info": {
    "authors": [
      {
        "links": "",
        "name": "汐"
      }
    ],
    "bgi_version": "0.45.0",
    "description": "",
    "enable_monster_loot_split": false,
    "last_modified_time": 1758895851622,
    "map_match_method": "",
    "map_name": "Teyvat",
    "name": "632纳塔-彩彩崖西6",
    "tags": [],
    "type": "collect",
    "version": "1.0"
  },
  "positions": [
    {
      "action": "force_tp",
      "action_params": "",
      "id": 1,
      "move_mode": "walk",
      "type": "teleport",
      "x": 13941.083984375,
      "y": 672.755859375
    },
    {
      "action": "",
      "action_params": "",
      "id": 2,
      "move_mode": "dash",
      "type": "path",
      "x": 13925.205078125,
      "y": 659.3837890625
    },
    {
      "action": "combat_script",
      "action_params": "keypress(f);万叶 attack(0.08),keydown(E),wait(0.7),keyup(E),attack(0.2);琴 attack(0.08),keydown(E),wait(0.4),moveby(1000,0),wait(0.2),moveby(1000,0),wait(0.2),moveby(1000,0),wait(0.2),moveby(1000,-3500),wait(1.8),keyup(E),wait(0.3),click(middle);",
      "id": 3,
      "move_mode": "dash",
      "type": "target",
      "x": 13918.9951171875,
      "y": 663.24658203125
    },
    {
      "action": "",
      "action_params": "",
      "id": 4,
      "move_mode": "dash",
      "type": "path",
      "x": 13920.7177734375,
      "y": 643.7060546875
    },
    {
      "action": "combat_script",
      "action_params": "keypress(x);万叶 attack(0.08),keydown(E),wait(0.7),keyup(E),attack(0.2);琴 attack(0.08),keydown(E),wait(0.4),moveby(1000,0),wait(0.2),moveby(1000,0),wait(0.2),moveby(1000,0),wait(0.2),moveby(1000,-3500),wait(1.8),keyup(E),wait(0.3),click(middle);",
      "id": 5,
      "move_mode": "climb",
      "type": "target",
      "x": 13922.03515625,
      "y": 637.349609375
    },
    {
      "action": "force_tp",
      "action_params": "",
      "id": 6,
      "move_mode": "walk",
      "type": "teleport",
      "x": 13941.083984375,
      "y": 672.755859375
    },
    {
      "action": "",
      "action_params": "",
      "id": 7,
      "move_mode": "run",
      "type": "path",
      "x": 13961.4375,
      "y": 683.375265596952
    },
    {
      "action": "combat_script",
      "action_params": "keypress(f),s(0.15);万叶 attack(0.08),keydown(E),wait(0.48),keyup(E),attack(0.2);琴 attack(0.08),keydown(E),wait(0.4),moveby(1000,0),wait(0.2),moveby(1000,0),wait(0.2),moveby(1000,0),wait(0.2),moveby(1000,-3500),wait(1.8),keyup(E),wait(0.3),click(middle);",
      "id": 8,
      "move_mode": "dash",
      "type": "target",
      "x": 13982.125,
      "y": 693.6253762623492
    },
    {
      "action": "",
      "action_params": "",
      "id": 9,
      "move_mode": "climb",
      "type": "path",
      "x": 13978.03125,
      "y": 694.3126438650161
    },
    {
      "action": "",
      "action_params": "",
      "id": 10,
      "move_mode": "dash",
      "type": "path",
      "x": 13983.3505859375,
      "y": 703.23193359375
    },
    {
      "action": "combat_script",
      "action_params": "keypress(f);万叶 attack(0.08),keydown(E),wait(0.7),keyup(E),attack(0.2);琴 attack(0.08),keydown(E),wait(0.4),moveby(1000,0),wait(0.2),moveby(1000,0),wait(0.2),moveby(1000,0),wait(0.2),moveby(1000,-3500),wait(1.8),keyup(E),wait(0.3),click(middle);",
      "id": 11,
      "move_mode": "climb",
      "type": "target",
      "x": 13985.8408203125,
      "y": 703.95654296875
    },
    {
      "action": "",
      "action_params": "",
      "id": 12,
      "move_mode": "dash",
      "type": "path",
      "x": 13984.3798828125,
      "y": 713.89208984375
    },
    {
      "action": "",
      "action_params": "",
      "id": 13,
      "move_mode": "dash",
      "type": "path",
      "x": 13933.7421875,
      "y": 771.22021484375
    },
    {
      "action": "",
      "action_params": "",
      "id": 14,
      "move_mode": "climb",
      "type": "path",
      "x": 13924.0712890625,
      "y": 771.27392578125
    },
    {
      "action": "",
      "action_params": "",
      "id": 15,
      "move_mode": "climb",
      "type": "path",
      "x": 13922.650390625,
      "y": 764.5048828125
    },
    {
      "action": "combat_script",
      "action_params": "keypress(f),wait(0.2),keypress(f)",
      "id": 16,
      "move_mode": "climb",
      "type": "target",
      "x": 13919.1279296875,
      "y": 762.81494140625
    },
    {
      "action": "stop_flying",
      "action_params": "",
      "id": 17,
      "move_mode": "walk",
      "type": "path",
      "x": 13914.4892578125,
      "y": 759.7109375
    },
    {
      "action": "combat_script",
      "action_params": "keypress(f);万叶 attack(0.08),keydown(E),wait(0.48),keyup(E),attack(0.2),wait(0.8);琴 attack(0.08),keydown(E),wait(0.4),moveby(1000,0),wait(0.2),moveby(1000,0),wait(0.2),moveby(1000,0),wait(0.2),moveby(1000,-3500),wait(1.8),keyup(E),wait(0.3),click(middle);wait(0.5)",
      "id": 18,
      "move_mode": "walk",
      "type": "path",
      "x": 13914.8408203125,
      "y": 761.2119140625
    },
    {
      "action": "combat_script",
      "action_params": "keypress(f),wait(0.2),keypress(f),wait(0.2),keypress(f),wait(0.2),keypress(f),wait(0.2),keypress(f);万叶 attack(0.08),keydown(E),wait(0.7),keyup(E),attack(0.2);琴 attack(0.08),keydown(E),wait(0.4),moveby(1000,0),wait(0.2),moveby(1000,0),wait(0.2),moveby(1000,0),wait(0.2),moveby(1000,-3500),wait(1.8),keyup(E),wait(0.3),click(middle);",
      "id": 19,
      "move_mode": "dash",
      "type": "target",
      "x": 13908.064453125,
      "y": 770.1962890625
    }
  ]
}