﻿{
  "info": {
    "authors": [
      {
        "links": "",
        "name": "汐"
      }
    ],
    "bgi_version": "0.45.0",
    "description": "",
    "enable_monster_loot_split": false,
    "last_modified_time": 1758720535216,
    "map_match_method": "",
    "map_name": "Teyvat",
    "name": "639纳塔-浪浪湾西2",
    "tags": [],
    "type": "collect",
    "version": "1.0"
  },
  "positions": [
    {
      "action": "force_tp",
      "action_params": "",
      "id": 1,
      "move_mode": "walk",
      "type": "teleport",
      "x": 14731.193359375,
      "y": 727.15283203125
    },
    {
      "action": "combat_script",
      "action_params": "keypress(f);芙宁娜 e;",
      "id": 2,
      "move_mode": "dash",
      "type": "orientation",
      "x": 14779.1015625,
      "y": 682.6494140625
    },
    {
      "action": "",
      "action_params": "",
      "id": 3,
      "move_mode": "dash",
      "type": "path",
      "x": 14779.1015625,
      "y": 682.6494140625
    },
    {
      "action": "combat_script",
      "action_params": "keypress(f);万叶 attack(0.08),keydown(E),wait(0.7),keyup(E),attack(0.2);琴 attack(0.08),keydown(E),wait(0.4),moveby(1000,0),wait(0.2),moveby(1000,0),wait(0.2),moveby(1000,0),wait(0.2),moveby(1000,-3500),wait(1.8),keyup(E),wait(0.3),click(middle);",
      "id": 4,
      "move_mode": "climb",
      "type": "target",
      "x": 14779.1015625,
      "y": 682.6494140625
    },
    {
      "action": "force_tp",
      "action_params": "",
      "id": 5,
      "move_mode": "walk",
      "type": "teleport",
      "x": 14731.193359375,
      "y": 727.15283203125
    },
    {
      "action": "",
      "action_params": "",
      "id": 6,
      "move_mode": "dash",
      "type": "path",
      "x": 14732.8046875,
      "y": 738.9873046875
    },
    {
      "action": "stop_flying",
      "action_params": "",
      "id": 7,
      "move_mode": "fly",
      "type": "path",
      "x": 14738.937466424295,
      "y": 754.9690076853785
    },
    {
      "action": "combat_script",
      "action_params": "keypress(f),s(0.15);万叶 attack(0.08),keydown(E),wait(0.7),keyup(E),attack(0.2);琴 attack(0.08),keydown(E),wait(0.4),moveby(1000,0),wait(0.2),moveby(1000,0),wait(0.2),moveby(1000,0),wait(0.2),moveby(1000,-3500),wait(1.8),keyup(E),wait(0.3),click(middle);",
      "id": 8,
      "move_mode": "climb",
      "type": "target",
      "x": 14742.82421875,
      "y": 753.8916015625
    }
  ]
}