﻿{
  "info": {
    "authors": [
      {
        "links": "",
        "name": "汐"
      }
    ],
    "bgi_version": "0.45.0",
    "description": "",
    "enable_monster_loot_split": false,
    "last_modified_time": 1758910787517,
    "map_match_method": "",
    "map_name": "Teyvat",
    "name": "642纳塔-提提岛入口2",
    "tags": [],
    "type": "collect",
    "version": "1.0"
  },
  "positions": [
    {
      "action": "force_tp",
      "action_params": "",
      "id": 1,
      "move_mode": "walk",
      "type": "teleport",
      "x": 15035.521484375,
      "y": 1345.423828125
    },
    {
      "action": "",
      "action_params": "",
      "id": 2,
      "move_mode": "dash",
      "type": "path",
      "x": 15020.6748046875,
      "y": 1318.162109375
    },
    {
      "action": "",
      "action_params": "",
      "id": 3,
      "move_mode": "run",
      "type": "target",
      "x": 15023.5146484375,
      "y": 1314.2080078125
    },
    {
      "action": "",
      "action_params": "",
      "id": 4,
      "move_mode": "climb",
      "type": "target",
      "x": 15024.8759765625,
      "y": 1315.1015625
    },
    {
      "action": "",
      "action_params": "",
      "id": 5,
      "move_mode": "climb",
      "type": "path",
      "x": 15021.1044921875,
      "y": 1313.2275390625
    },
    {
      "action": "combat_script",
      "action_params": "keypress(f);万叶 attack(0.08),keydown(E),wait(0.8),keyup(E),attack(0.2),wait(1);琴 attack(0.08),keydown(E),wait(0.4),moveby(1000,0),wait(0.2),moveby(1000,0),wait(0.2),moveby(1000,0),wait(0.2),moveby(1000,-3500),wait(1.8),keyup(E),wait(0.3),click(middle);",
      "id": 6,
      "move_mode": "climb",
      "type": "path",
      "x": 15023.1181640625,
      "y": 1309.73046875
    },
    {
      "action": "",
      "action_params": "",
      "id": 7,
      "move_mode": "dash",
      "type": "target",
      "x": 14987.4013671875,
      "y": 1263.455078125
    },
    {
      "action": "combat_script",
      "action_params": "keypress(f),d(0.15);万叶 attack(0.08),keydown(E),wait(0.7),keyup(E),attack(0.2);琴 attack(0.08),keydown(E),wait(0.4),moveby(1000,0),wait(0.2),moveby(1000,0),wait(0.2),moveby(1000,0),wait(0.2),moveby(1000,-3500),wait(1.8),keyup(E),wait(0.3),click(middle);",
      "id": 8,
      "move_mode": "climb",
      "type": "target",
      "x": 14985.611328125,
      "y": 1262.05517578125
    }
  ]
}