﻿{
  "info": {
    "authors": [
      {
        "links": "",
        "name": "汐"
      }
    ],
    "bgi_version": "0.45.0",
    "description": "",
    "enable_monster_loot_split": false,
    "last_modified_time": 1758722305314,
    "map_match_method": "",
    "map_name": "Teyvat",
    "name": "643纳塔-提提岛东3",
    "tags": [],
    "type": "collect",
    "version": "1.0"
  },
  "positions": [
    {
      "action": "force_tp",
      "action_params": "",
      "id": 1,
      "move_mode": "walk",
      "type": "teleport",
      "x": 15033.9638671875,
      "y": 1344.521484375
    },
    {
      "action": "",
      "action_params": "",
      "id": 2,
      "move_mode": "dash",
      "type": "path",
      "x": 15035.0302734375,
      "y": 1385.9970703125
    },
    {
      "action": "",
      "action_params": "",
      "id": 3,
      "move_mode": "run",
      "type": "path",
      "x": 15032.5263671875,
      "y": 1397.36328125
    },
    {
      "action": "",
      "action_params": "",
      "id": 4,
      "move_mode": "jump",
      "type": "path",
      "x": 15027.4560546875,
      "y": 1399.7958984375
    },
    {
      "action": "",
      "action_params": "",
      "id": 5,
      "move_mode": "climb",
      "type": "path",
      "x": 15030.015625,
      "y": 1404.0791015625
    },
    {
      "action": "",
      "action_params": "",
      "id": 6,
      "move_mode": "dash",
      "type": "path",
      "x": 15040.53125,
      "y": 1408.7815598631114
    },
    {
      "action": "combat_script",
      "action_params": "keypress(f);万叶 attack(0.08),keydown(E),wait(0.48),keyup(E),attack(0.2);琴 attack(0.08),keydown(E),wait(0.4),moveby(1000,0),wait(0.2),moveby(1000,0),wait(0.2),moveby(1000,0),wait(0.2),moveby(1000,-3500),wait(1.8),keyup(E),wait(0.3),click(middle);",
      "id": 7,
      "move_mode": "climb",
      "type": "target",
      "x": 15038.8740234375,
      "y": 1407.974609375
    },
    {
      "action": "",
      "action_params": "",
      "id": 8,
      "move_mode": "dash",
      "type": "path",
      "x": 15034.2138671875,
      "y": 1411.212890625
    },
    {
      "action": "combat_script",
      "action_params": "keypress(f),wait(0.2),keypress(f),a(0.15);万叶 attack(0.08),keydown(E),wait(0.7),keyup(E),attack(0.2);琴 attack(0.08),keydown(E),wait(0.4),moveby(1000,0),wait(0.2),moveby(1000,0),wait(0.2),moveby(1000,0),wait(0.2),moveby(1000,-3500),wait(1.8),keyup(E),wait(0.3),click(middle);",
      "id": 9,
      "move_mode": "climb",
      "type": "target",
      "x": 15032.81640625,
      "y": 1411.0048828125
    },
    {
      "action": "",
      "action_params": "",
      "id": 10,
      "move_mode": "dash",
      "type": "path",
      "x": 15035.798828125,
      "y": 1424.99609375
    },
    {
      "action": "",
      "action_params": "",
      "id": 11,
      "move_mode": "dash",
      "type": "path",
      "x": 15031.126953125,
      "y": 1439.97265625
    },
    {
      "action": "",
      "action_params": "",
      "id": 12,
      "move_mode": "dash",
      "type": "path",
      "x": 15037.6103515625,
      "y": 1446.20849609375
    },
    {
      "action": "combat_script",
      "action_params": "keypress(f),s(0.1);万叶 attack(0.08),keydown(E),wait(0.7),keyup(E),attack(0.2);琴 attack(0.08),keydown(E),wait(0.4),moveby(1000,0),wait(0.2),moveby(1000,0),wait(0.2),moveby(1000,0),wait(0.2),moveby(1000,-3500),wait(1.8),keyup(E),wait(0.3),click(middle);",
      "id": 13,
      "move_mode": "climb",
      "type": "target",
      "x": 15037.427734375,
      "y": 1448.4951171875
    }
  ]
}