﻿{
  "info": {
    "authors": [
      {
        "links": "",
        "name": "汐"
      }
    ],
    "bgi_version": "0.45.0",
    "description": "",
    "enable_monster_loot_split": false,
    "last_modified_time": 1758896712751,
    "map_match_method": "",
    "map_name": "Teyvat",
    "name": "644纳塔-提提岛西3",
    "tags": [],
    "type": "collect",
    "version": "1.0"
  },
  "positions": [
    {
      "action": "force_tp",
      "action_params": "",
      "id": 1,
      "move_mode": "walk",
      "type": "teleport",
      "x": 15193.72265625,
      "y": 1420.1591796875
    },
    {
      "action": "",
      "action_params": "",
      "id": 2,
      "move_mode": "dash",
      "type": "path",
      "x": 15177.7890625,
      "y": 1394.619140625
    },
    {
      "action": "",
      "action_params": "",
      "id": 3,
      "move_mode": "dash",
      "type": "path",
      "x": 15159.1103515625,
      "y": 1383.07861328125
    },
    {
      "action": "combat_script",
      "action_params": "keypress(x);万叶 attack(0.08),keydown(E),wait(0.7),keyup(E),attack(0.2);琴 attack(0.08),keydown(E),wait(0.4),moveby(1000,0),wait(0.2),moveby(1000,0),wait(0.2),moveby(1000,0),wait(0.2),moveby(1000,-3500),wait(1.8),keyup(E),wait(0.3),click(middle);",
      "id": 4,
      "move_mode": "dash",
      "type": "target",
      "x": 15155.7939453125,
      "y": 1376.5947265625
    },
    {
      "action": "",
      "action_params": "",
      "id": 5,
      "move_mode": "dash",
      "type": "path",
      "x": 15166.69921875,
      "y": 1379.80712890625
    },
    {
      "action": "",
      "action_params": "",
      "id": 6,
      "move_mode": "climb",
      "type": "path",
      "x": 15171.2763671875,
      "y": 1380.771484375
    },
    {
      "action": "",
      "action_params": "",
      "id": 7,
      "move_mode": "climb",
      "type": "path",
      "x": 15174.9716796875,
      "y": 1380.16845703125
    },
    {
      "action": "",
      "action_params": "",
      "id": 8,
      "move_mode": "climb",
      "type": "target",
      "x": 15175.59375,
      "y": 1377.2548828125
    },
    {
      "action": "combat_script",
      "action_params": "attack(0.2),keypress(f);万叶 attack(0.08),keydown(E),wait(0.48),keyup(E),attack(0.2),wait(1);琴 attack(0.08),keydown(E),wait(0.4),moveby(1000,0),wait(0.2),moveby(1000,0),wait(0.2),moveby(1000,0),wait(0.2),moveby(1000,-3500),wait(1.8),keyup(E),wait(0.3),click(middle);wait(0.5)",
      "id": 9,
      "move_mode": "climb",
      "type": "path",
      "x": 15178.875,
      "y": 1376.656393865016
    },
    {
      "action": "",
      "action_params": "",
      "id": 10,
      "move_mode": "dash",
      "type": "path",
      "x": 15177.4892578125,
      "y": 1370.0927734375
    },
    {
      "action": "combat_script",
      "action_params": "keypress(f),wait(0.2),keypress(f);万叶 attack(0.08),keydown(E),wait(0.7),keyup(E),attack(0.2);琴 attack(0.08),keydown(E),wait(0.4),moveby(1000,0),wait(0.2),moveby(1000,0),wait(0.2),moveby(1000,0),wait(0.2),moveby(1000,-3500),wait(1.8),keyup(E),wait(0.3),click(middle);",
      "id": 11,
      "move_mode": "climb",
      "type": "target",
      "x": 15178.4580078125,
      "y": 1367.5791015625
    }
  ]
}