﻿{
  "info": {
    "authors": [
      {
        "links": "",
        "name": "汐"
      }
    ],
    "bgi_version": "0.45.0",
    "description": "",
    "enable_monster_loot_split": false,
    "last_modified_time": 1760430900468,
    "map_match_method": "",
    "map_name": "Teyvat",
    "name": "706挪德卡莱- 绯沙盐沼4",
    "tags": [],
    "type": "collect",
    "version": "1.0"
  },
  "positions": [
    {
      "action": "",
      "action_params": "",
      "id": 1,
      "move_mode": "walk",
      "type": "teleport",
      "x": 9204.2255859375,
      "y": 3304.0439453125
    },
    {
      "action": "",
      "action_params": "",
      "id": 2,
      "move_mode": "walk",
      "type": "orientation",
      "x": 9207.240234375,
      "y": 3294.095703125
    },
    {
      "action": "combat_script",
      "action_params": "keypress(f),wait(0.2),keypress(f),wait(0.2),keypress(f);万叶 attack(0.08),keydown(E),wait(0.7),keyup(E),attack(0.2);琴 attack(0.08),keydown(E),wait(0.4),moveby(1000,0),wait(0.2),moveby(1000,0),wait(0.2),moveby(1000,0),wait(0.2),moveby(1000,-3500),wait(1.8),keyup(E),wait(0.3),click(middle);",
      "id": 3,
      "move_mode": "dash",
      "type": "target",
      "x": 9207.240234375,
      "y": 3294.095703125
    },
    {
      "action": "",
      "action_params": "",
      "id": 4,
      "move_mode": "jump",
      "type": "path",
      "x": 9215.931640625,
      "y": 3285.96826171875
    },
    {
      "action": "",
      "action_params": "",
      "id": 5,
      "move_mode": "dash",
      "type": "path",
      "x": 9275.869140625,
      "y": 3250.76611328125
    },
    {
      "action": "",
      "action_params": "",
      "id": 6,
      "move_mode": "jump",
      "type": "path",
      "x": 9290.7158203125,
      "y": 3247.9365234375
    },
    {
      "action": "",
      "action_params": "",
      "id": 7,
      "move_mode": "dash",
      "type": "path",
      "x": 9295.5830078125,
      "y": 3250.5283203125
    },
    {
      "action": "",
      "action_params": "",
      "id": 8,
      "move_mode": "climb",
      "type": "target",
      "x": 9295.5830078125,
      "y": 3250.5283203125
    },
    {
      "action": "",
      "action_params": "",
      "id": 9,
      "move_mode": "climb",
      "type": "path",
      "x": 9294.103515625,
      "y": 3248.1630859375
    },
    {
      "action": "combat_script",
      "action_params": "keypress(f),wait(0.2),keypress(f),wait(0.2),keypress(f);万叶 attack(0.08),keydown(E),wait(0.48),keyup(E),attack(0.2);琴 attack(0.08),keydown(E),wait(0.4),moveby(1000,0),wait(0.2),moveby(1000,0),wait(0.2),moveby(1000,0),wait(0.2),moveby(1000,-3500),wait(1.8),keyup(E),wait(0.3),click(middle);",
      "id": 10,
      "move_mode": "climb",
      "type": "target",
      "x": 9295.876953125,
      "y": 3248.5595703125
    },
    {
      "action": "combat_script",
      "action_params": "keypress(f),wait(0.2),keypress(f),wait(0.2),keypress(f);万叶 attack(0.08),keydown(E),wait(0.7),keyup(E),attack(0.2);琴 attack(0.08),keydown(E),wait(0.4),moveby(1000,0),wait(0.2),moveby(1000,0),wait(0.2),moveby(1000,0),wait(0.2),moveby(1000,-3500),wait(1.8),keyup(E),wait(0.3),click(middle);keypress(f),wait(0.1),keypress(f),wait(0.1),keypress(f)",
      "id": 11,
      "move_mode": "dash",
      "type": "target",
      "x": 9307.1533203125,
      "y": 3240.56298828125
    }
  ]
}