﻿{
  "info": {
    "authors": [
      {
        "links": "",
        "name": "汐"
      }
    ],
    "bgi_version": "0.45.0",
    "description": "",
    "enable_monster_loot_split": false,
    "last_modified_time": 1759221045380,
    "map_match_method": "",
    "map_name": "Teyvat",
    "name": "02【额外】须弥-水天丛林7",
    "tags": [],
    "type": "collect",
    "version": ""
  },
  "positions": [
    {
      "action": "",
      "id": 1,
      "move_mode": "walk",
      "type": "teleport",
      "x": 3128.6962890625,
      "y": -1734.62841796875
    },
    {
      "action": "log_output",
      "action_params": "[超限点-水天丛林]如果没有\"降水位\"全程在水里游不懂这边在干什么?\n麻烦去bilibili搜相关攻略!!!",
      "id": 2,
      "move_mode": "walk",
      "type": "orientation",
      "x": 3162.83740234375,
      "y": -1776.4501953125
    },
    {
      "action": "set_time",
      "action_params": "12:00",
      "id": 3,
      "move_mode": "walk",
      "type": "orientation",
      "x": 3162.83740234375,
      "y": -1776.4501953125
    },
    {
      "action": "stop_flying",
      "action_params": "5000",
      "id": 4,
      "move_mode": "fly",
      "type": "path",
      "x": 3162.83740234375,
      "y": -1776.4501953125
    },
    {
      "action": "combat_script",
      "action_params": "keypress(f);万叶 attack(0.08),keydown(E),wait(0.7),keyup(E),attack(0.2);琴 attack(0.08),keydown(E),wait(0.4),moveby(1000,0),wait(0.2),moveby(1000,0),wait(0.2),moveby(1000,0),wait(0.2),moveby(1000,-3500),wait(1.8),keyup(E),wait(0.3),click(middle);",
      "id": 5,
      "move_mode": "walk",
      "type": "target",
      "x": 3162.83740234375,
      "y": -1776.4501953125
    },
    {
      "action": "",
      "id": 6,
      "move_mode": "walk",
      "type": "path",
      "x": 3165.9248046875,
      "y": -1770.85107421875
    },
    {
      "action": "",
      "id": 7,
      "move_mode": "dash",
      "type": "path",
      "x": 3175.1484375,
      "y": -1776.59130859375
    },
    {
      "action": "",
      "action_params": "",
      "id": 8,
      "move_mode": "walk",
      "type": "target",
      "x": 3178.7470703125,
      "y": -1766.18896484375
    },
    {
      "action": "",
      "id": 9,
      "move_mode": "dash",
      "type": "path",
      "x": 3185.72119140625,
      "y": -1755.3798828125
    },
    {
      "action": "",
      "action_params": "",
      "id": 10,
      "move_mode": "dash",
      "type": "path",
      "x": 3175.1171875,
      "y": -1734.619140625
    },
    {
      "action": "",
      "action_params": "",
      "id": 11,
      "move_mode": "dash",
      "type": "target",
      "x": 3177.01318359375,
      "y": -1719.6650390625
    },
    {
      "action": "",
      "action_params": "",
      "id": 12,
      "move_mode": "run",
      "type": "path",
      "x": 3200.78125,
      "y": -1725.468252005715
    },
    {
      "action": "",
      "action_params": "",
      "id": 13,
      "move_mode": "walk",
      "type": "path",
      "x": 3201.7998046875,
      "y": -1720.171875
    },
    {
      "action": "",
      "action_params": "",
      "id": 14,
      "move_mode": "dash",
      "type": "path",
      "x": 3212.3544921875,
      "y": -1695.31396484375
    },
    {
      "action": "",
      "id": 15,
      "move_mode": "dash",
      "type": "path",
      "x": 3239.5,
      "y": -1671.6881086596813
    },
    {
      "action": "combat_script",
      "action_params": "keypress(f),keypress(f);芙宁娜 e;",
      "id": 16,
      "move_mode": "dash",
      "type": "target",
      "x": 3243.9375118502485,
      "y": -1676.0623635783286
    },
    {
      "action": "",
      "action_params": "",
      "id": 17,
      "move_mode": "walk",
      "type": "path",
      "x": 3247.74853515625,
      "y": -1670.6923828125
    },
    {
      "action": "combat_script",
      "action_params": "keypress(f);万叶 attack(0.08),keydown(E),wait(0.51),keyup(E),attack(0.2),wait(0.5);琴 attack(0.08),keydown(E),wait(0.4),moveby(1000,0),wait(0.2),moveby(1000,0),wait(0.2),moveby(1000,0),wait(0.2),moveby(1000,-3500),wait(1.8),keyup(E),wait(0.3),click(middle);芙宁娜 e;",
      "id": 18,
      "move_mode": "climb",
      "type": "target",
      "x": 3247.68753950083,
      "y": -1668.0624696840732
    },
    {
      "action": "",
      "id": 19,
      "move_mode": "dash",
      "type": "path",
      "x": 3285.23828125,
      "y": -1665.04052734375
    },
    {
      "action": "",
      "action_params": "",
      "id": 20,
      "move_mode": "dash",
      "type": "path",
      "x": 3306.271484375,
      "y": -1632.1904296875
    },
    {
      "action": "",
      "id": 21,
      "move_mode": "dash",
      "type": "path",
      "x": 3324.4306640625,
      "y": -1621.0390625
    },
    {
      "action": "combat_script",
      "action_params": "keypress(f);万叶 attack(0.08),keydown(E),wait(0.51),keyup(E),attack(0.2),wait(0.5);琴 attack(0.08),keydown(E),wait(0.4),moveby(1000,0),wait(0.2),moveby(1000,0),wait(0.2),moveby(1000,0),wait(0.2),moveby(1000,-3500),wait(1.8),keyup(E),wait(0.3),click(middle);芙宁娜 e;",
      "id": 22,
      "move_mode": "dash",
      "type": "target",
      "x": 3333.64697265625,
      "y": -1609.584960937501
    },
    {
      "action": "",
      "id": 23,
      "move_mode": "run",
      "type": "path",
      "x": 3341.15234375,
      "y": -1621.7734375
    },
    {
      "action": "",
      "id": 24,
      "move_mode": "run",
      "type": "path",
      "x": 3354.75,
      "y": -1685.5024346387272
    },
    {
      "action": "",
      "id": 25,
      "move_mode": "dash",
      "type": "path",
      "x": 3339.625,
      "y": -1724.1564934638727
    },
    {
      "action": "combat_script",
      "action_params": "keypress(f);万叶 attack(0.08),keydown(E),wait(0.51),keyup(E),attack(0.2),wait(0.5);琴 attack(0.08),keydown(E),wait(0.4),moveby(1000,0),wait(0.2),moveby(1000,0),wait(0.2),moveby(1000,0),wait(0.2),moveby(1000,-3500),wait(1.8),keyup(E),wait(0.3),click(middle);芙宁娜 attack(0.08),e;",
      "id": 26,
      "move_mode": "climb",
      "type": "target",
      "x": 3330.30322265625,
      "y": -1734.029296875
    },
    {
      "action": "",
      "action_params": "",
      "id": 27,
      "move_mode": "dash",
      "type": "path",
      "x": 3301.59375,
      "y": -1787.4057630722546
    },
    {
      "action": "",
      "action_params": "",
      "id": 28,
      "move_mode": "climb",
      "type": "target",
      "x": 3301.59375,
      "y": -1787.4057630722546
    },
    {
      "action": "",
      "id": 29,
      "move_mode": "dash",
      "type": "path",
      "x": 3282.2421875,
      "y": -1822.77490234375
    },
    {
      "action": "",
      "action_params": "",
      "id": 30,
      "move_mode": "dash",
      "type": "path",
      "x": 3234.1875,
      "y": -1829.9999336007622
    },
    {
      "action": "combat_script",
      "action_params": "keypress(f);万叶 attack(0.08),keydown(E),wait(0.51),keyup(E),attack(0.2),wait(0.5);琴 attack(0.08),keydown(E),wait(0.4),moveby(1000,0),wait(0.2),moveby(1000,0),wait(0.2),moveby(1000,0),wait(0.2),moveby(1000,-3500),wait(1.8),keyup(E),wait(0.3),click(middle);",
      "id": 31,
      "move_mode": "climb",
      "type": "target",
      "x": 3234.1875,
      "y": -1829.9999336007622
    },
    {
      "action": "",
      "id": 32,
      "move_mode": "jump",
      "type": "path",
      "x": 3223.75,
      "y": -1830.7515050493948
    },
    {
      "action": "",
      "action_params": "",
      "id": 33,
      "move_mode": "dash",
      "type": "path",
      "x": 3204.9062085241294,
      "y": -1832.2812272630545
    },
    {
      "action": "combat_script",
      "action_params": "keypress(f);万叶 attack(0.08),keydown(E),wait(0.51),keyup(E),attack(0.2),wait(0.5);琴 attack(0.08),keydown(E),wait(0.4),moveby(1000,0),wait(0.2),moveby(1000,0),wait(0.2),moveby(1000,0),wait(0.2),moveby(1000,-3500),wait(1.8),keyup(E),wait(0.3),click(middle);",
      "id": 34,
      "move_mode": "climb",
      "type": "target",
      "x": 3204.9062085241294,
      "y": -1832.2812272630545
    },
    {
      "action": "",
      "action_params": "",
      "id": 35,
      "move_mode": "walk",
      "type": "path",
      "x": 3202.5625,
      "y": -1832.1875
    }
  ]
}