﻿{
  "info": {
    "authors": [
      {
        "links": "",
        "name": "汐"
      }
    ],
    "bgi_version": "0.45.0",
    "description": "",
    "enable_monster_loot_split": false,
    "last_modified_time": 1758653541125,
    "map_match_method": "",
    "map_name": "Teyvat",
    "name": "624【收尾】纳塔-悠悠集市①-5",
    "tags": [],
    "type": "collect",
    "version": "1.0"
  },
  "positions": [
    {
      "action": "",
      "action_params": "",
      "id": 1,
      "move_mode": "walk",
      "type": "teleport",
      "x": 10275.916015625,
      "y": -202.734375
    },
    {
      "action": "",
      "action_params": "",
      "id": 2,
      "move_mode": "walk",
      "type": "teleport",
      "x": 13975.744140625,
      "y": 466.935546875
    },
    {
      "action": "",
      "action_params": "",
      "id": 3,
      "move_mode": "jump",
      "type": "path",
      "x": 13986.564453125,
      "y": 483.611328125
    },
    {
      "action": "combat_script",
      "action_params": "keypress(f),s(0.5);万叶 attack(0.08),keydown(E),wait(0.7),keyup(E),attack(0.2);琴 attack(0.08),keydown(E),wait(0.4),moveby(1000,0),wait(0.2),moveby(1000,0),wait(0.2),moveby(1000,0),wait(0.2),moveby(1000,-3500),wait(1.8),keyup(E),wait(0.3),click(middle);",
      "id": 4,
      "move_mode": "climb",
      "type": "target",
      "x": 13987.6875,
      "y": 490.843838532317
    },
    {
      "action": "",
      "action_params": "",
      "id": 5,
      "move_mode": "dash",
      "type": "path",
      "x": 14002,
      "y": 487.43778773003123
    },
    {
      "action": "",
      "action_params": "",
      "id": 6,
      "move_mode": "jump",
      "type": "path",
      "x": 14002.8125,
      "y": 497.21954679085593
    },
    {
      "action": "combat_script",
      "action_params": "keypress(f);万叶 attack(0.08),keydown(E),wait(0.48),keyup(E),attack(0.2);琴 attack(0.08),keydown(E),wait(0.4),moveby(1000,0),wait(0.2),moveby(1000,0),wait(0.2),moveby(1000,0),wait(0.2),moveby(1000,-3500),wait(1.8),keyup(E),wait(0.3),click(middle);",
      "id": 7,
      "move_mode": "climb",
      "type": "target",
      "x": 14004.2470703125,
      "y": 494.2333984375
    },
    {
      "action": "combat_script",
      "action_params": "attack(0.3)",
      "id": 8,
      "move_mode": "climb",
      "type": "path",
      "x": 14008.59375,
      "y": 495.2812057338415
    },
    {
      "action": "combat_script",
      "action_params": "keypress(f);万叶 attack(0.08),keydown(E),wait(0.7),keyup(E),attack(0.2),wait(0.7);琴 attack(0.08),keydown(E),wait(0.4),moveby(1000,0),wait(0.2),moveby(1000,0),wait(0.2),moveby(1000,0),wait(0.2),moveby(1000,-3500),wait(1.8),keyup(E),wait(0.3),click(middle);",
      "id": 9,
      "move_mode": "climb",
      "type": "target",
      "x": 14007.5439453125,
      "y": 495.080078125
    },
    {
      "action": "",
      "action_params": "",
      "id": 10,
      "move_mode": "jump",
      "type": "path",
      "x": 14006.6123046875,
      "y": 506.0390625
    },
    {
      "action": "",
      "action_params": "",
      "id": 11,
      "move_mode": "dash",
      "type": "path",
      "x": 13976.625,
      "y": 509.001953125
    },
    {
      "action": "",
      "action_params": "",
      "id": 12,
      "move_mode": "dash",
      "type": "path",
      "x": 13973.521484375,
      "y": 516.88720703125
    },
    {
      "action": "",
      "action_params": "",
      "id": 13,
      "move_mode": "run",
      "type": "target",
      "x": 13974.5625,
      "y": 519.8122786692065
    },
    {
      "action": "combat_script",
      "action_params": "keydown(w),wait(1.3),j,wait(1.1),j,keyup(w)",
      "id": 14,
      "move_mode": "walk",
      "type": "orientation",
      "x": 13983.5947265625,
      "y": 518.607421875
    },
    {
      "action": "",
      "action_params": "",
      "id": 15,
      "move_mode": "climb",
      "type": "path",
      "x": 13975.1337890625,
      "y": 516.9619140625
    },
    {
      "action": "combat_script",
      "action_params": "keypress(f);万叶 attack(0.08),keydown(E),wait(0.48),keyup(E),attack(0.2);琴 attack(0.08),keydown(E),wait(0.4),moveby(1000,0),wait(0.2),moveby(1000,0),wait(0.2),moveby(1000,0),wait(0.2),moveby(1000,-3500),wait(1.8),keyup(E),wait(0.3),click(middle);",
      "id": 16,
      "move_mode": "climb",
      "type": "target",
      "x": 13975.1337890625,
      "y": 516.9619140625
    },
    {
      "action": "",
      "action_params": "",
      "id": 17,
      "move_mode": "walk",
      "type": "path",
      "x": 13973.736328125,
      "y": 510.23779296875
    },
    {
      "action": "combat_script",
      "action_params": "keypress(f),s(0.1);万叶 attack(0.08),keydown(E),wait(0.7),keyup(E),attack(0.2);琴 attack(0.08),keydown(E),wait(0.4),moveby(1000,0),wait(0.2),moveby(1000,0),wait(0.2),moveby(1000,0),wait(0.2),moveby(1000,-3500),wait(1.8),keyup(E),wait(0.3),click(middle);",
      "id": 18,
      "move_mode": "climb",
      "type": "target",
      "x": 13975.4365234375,
      "y": 515.4130859375
    }
  ]
}