﻿{
  "info": {
    "authors": [
      {
        "links": "",
        "name": "汐"
      }
    ],
    "bgi_version": "0.45.0",
    "description": "",
    "enable_monster_loot_split": false,
    "last_modified_time": 1759305579687,
    "map_match_method": "",
    "map_name": "Teyvat",
    "name": "626【多人】纳塔-悠悠集市西13",
    "tags": [],
    "type": "collect",
    "version": "1.0"
  },
  "positions": [
    {
      "action": "force_tp",
      "action_params": "",
      "id": 1,
      "move_mode": "walk",
      "type": "teleport",
      "x": 13915.443359375,
      "y": 322.54638671875
    },
    {
      "action": "",
      "action_params": "",
      "id": 2,
      "move_mode": "dash",
      "type": "path",
      "x": 13976.095703125,
      "y": 338.986328125
    },
    {
      "action": "",
      "action_params": "",
      "id": 3,
      "move_mode": "dash",
      "type": "path",
      "x": 14060.453125,
      "y": 337.00634765625
    },
    {
      "action": "",
      "action_params": "",
      "id": 4,
      "move_mode": "dash",
      "type": "target",
      "x": 14073.1826171875,
      "y": 332.0185546875
    },
    {
      "action": "",
      "action_params": "",
      "id": 5,
      "move_mode": "climb",
      "type": "path",
      "x": 14075.185546875,
      "y": 337.7041015625
    },
    {
      "action": "combat_script",
      "action_params": "keypress(f),s(0.1),attack(0.08);万叶 attack(0.08),keydown(E),wait(0.7),keyup(E),attack(0.2),wait(1),j;琴 attack(0.08),keydown(E),wait(0.4),moveby(1000,0),wait(0.2),moveby(1000,0),wait(0.2),moveby(1000,0),wait(0.2),moveby(1000,-3500),wait(1.8),keyup(E),wait(0.3),click(middle);",
      "id": 6,
      "move_mode": "dash",
      "type": "target",
      "x": 14079.249992099834,
      "y": 331.78124242101785
    },
    {
      "action": "",
      "action_params": "",
      "id": 7,
      "move_mode": "jump",
      "type": "path",
      "x": 14088.1611328125,
      "y": 329.46533203125
    },
    {
      "action": "",
      "action_params": "",
      "id": 8,
      "move_mode": "jump",
      "type": "path",
      "x": 14087.291015625,
      "y": 324.818359375
    },
    {
      "action": "",
      "action_params": "",
      "id": 9,
      "move_mode": "climb",
      "type": "target",
      "x": 14083.916015625,
      "y": 322.39404296875
    },
    {
      "action": "combat_script",
      "action_params": "keypress(f);万叶 attack(0.08),keydown(E),wait(0.7),keyup(E),attack(0.2),wait(1),j;琴 attack(0.08),keydown(E),wait(0.4),moveby(1000,0),wait(0.2),moveby(1000,0),wait(0.2),moveby(1000,0),wait(0.2),moveby(1000,-3500),wait(1.8),keyup(E),wait(0.3),click(middle);",
      "id": 10,
      "move_mode": "climb",
      "type": "target",
      "x": 14084.9287109375,
      "y": 321.60498046875
    },
    {
      "action": "",
      "action_params": "",
      "id": 11,
      "move_mode": "jump",
      "type": "path",
      "x": 14082.4345703125,
      "y": 318.43212890625
    },
    {
      "action": "combat_script",
      "action_params": "keypress(f),s(0.1);万叶 attack(0.08),keydown(E),wait(0.7),keyup(E),attack(0.2);琴 attack(0.08),keydown(E),wait(0.4),moveby(1000,0),wait(0.2),moveby(1000,0),wait(0.2),moveby(1000,0),wait(0.2),moveby(1000,-3500),wait(1.8),keyup(E),wait(0.3),click(middle);",
      "id": 12,
      "move_mode": "climb",
      "type": "target",
      "x": 14080.6923828125,
      "y": 315.14306640625
    },
    {
      "action": "",
      "action_params": "",
      "id": 13,
      "move_mode": "dash",
      "type": "path",
      "x": 14082.6513671875,
      "y": 318.8642578125
    },
    {
      "action": "",
      "action_params": "",
      "id": 14,
      "move_mode": "jump",
      "type": "path",
      "x": 14076.8642578125,
      "y": 323.939453125
    },
    {
      "action": "combat_script",
      "action_params": "keypress(f);万叶 attack(0.08),keydown(E),wait(0.7),keyup(E),attack(0.2);琴 attack(0.08),keydown(E),wait(0.4),moveby(1000,0),wait(0.2),moveby(1000,0),wait(0.2),moveby(1000,0),wait(0.2),moveby(1000,-3500),wait(1.8),keyup(E),wait(0.3),click(middle);",
      "id": 15,
      "move_mode": "climb",
      "type": "target",
      "x": 14076.5751953125,
      "y": 327.431640625
    },
    {
      "action": "combat_script",
      "action_params": "attack(0.3)",
      "id": 16,
      "move_mode": "dash",
      "type": "path",
      "x": 14068.9990234375,
      "y": 332.25830078125
    },
    {
      "action": "",
      "action_params": "",
      "id": 17,
      "move_mode": "dash",
      "type": "path",
      "x": 14085.169921875,
      "y": 346.9736328125
    },
    {
      "action": "combat_script",
      "action_params": "keypress(f),wait(0.2),keypress(f),wait(0.2),keypress(f),w(0.3);万叶 attack(0.08),keydown(E),wait(0.7),keyup(E),attack(0.2),wait(2);琴 attack(0.08),keydown(E),wait(0.4),moveby(1000,0),wait(0.2),moveby(1000,0),wait(0.2),moveby(1000,0),wait(0.2),moveby(1000,-3500),wait(1.8),keyup(E),wait(0.3),click(middle);",
      "id": 18,
      "move_mode": "climb",
      "type": "target",
      "x": 14085.169921875,
      "y": 346.9736328125
    },
    {
      "action": "",
      "action_params": "",
      "id": 19,
      "move_mode": "dash",
      "type": "path",
      "x": 14044.3681640625,
      "y": 401.177734375
    },
    {
      "action": "combat_script",
      "action_params": "keypress(f);万叶 attack(0.08),keydown(E),wait(0.48),keyup(E),attack(0.2),wait(0.6);琴 attack(0.08),keydown(E),wait(0.4),moveby(1000,0),wait(0.2),moveby(1000,0),wait(0.2),moveby(1000,0),wait(0.2),moveby(1000,-3500),wait(1.8),keyup(E),wait(0.3),click(middle);",
      "id": 20,
      "move_mode": "dash",
      "type": "target",
      "x": 14035.1337890625,
      "y": 409.2099609375
    },
    {
      "action": "combat_script",
      "action_params": "keypress(f);万叶 attack(0.08),keydown(E),wait(0.7),keyup(E),attack(0.2);琴 attack(0.08),keydown(E),wait(0.4),moveby(1000,0),wait(0.2),moveby(1000,0),wait(0.2),moveby(1000,0),wait(0.2),moveby(1000,-3500),wait(1.8),keyup(E),wait(0.3),click(middle);",
      "id": 21,
      "move_mode": "dash",
      "type": "target",
      "x": 14032.6279296875,
      "y": 403.32666015625
    },
    {
      "action": "",
      "action_params": "",
      "id": 22,
      "move_mode": "dash",
      "type": "path",
      "x": 14056.78125,
      "y": 430.12106031187795
    },
    {
      "action": "combat_script",
      "action_params": "keypress(f);万叶 attack(0.08),keydown(E),wait(0.7),keyup(E),attack(0.2);琴 attack(0.08),keydown(E),wait(0.4),moveby(1000,0),wait(0.2),moveby(1000,0),wait(0.2),moveby(1000,0),wait(0.2),moveby(1000,-3500),wait(1.8),keyup(E),wait(0.3),click(middle);",
      "id": 23,
      "move_mode": "climb",
      "type": "target",
      "x": 14053.3818359375,
      "y": 435.306640625
    },
    {
      "action": "combat_script",
      "action_params": "keypress(f);万叶 attack(0.08),keydown(E),wait(0.7),keyup(E),attack(0.2);琴 attack(0.08),keydown(E),wait(0.4),moveby(1000,0),wait(0.2),moveby(1000,0),wait(0.2),moveby(1000,0),wait(0.2),moveby(1000,-3500),wait(1.8),keyup(E),wait(0.3),click(middle);",
      "id": 24,
      "move_mode": "dash",
      "type": "target",
      "x": 14100.9619140625,
      "y": 438.86083984375
    },
    {
      "action": "",
      "action_params": "",
      "id": 25,
      "move_mode": "dash",
      "type": "path",
      "x": 14106.0634765625,
      "y": 459.97607421875
    },
    {
      "action": "combat_script",
      "action_params": "keypress(f),wait(0.2),keypress(f);万叶 attack(0.08),keydown(E),wait(0.7),keyup(E),attack(0.2);琴 attack(0.08),keydown(E),wait(0.4),moveby(1000,0),wait(0.2),moveby(1000,0),wait(0.2),moveby(1000,0),wait(0.2),moveby(1000,-3500),wait(1.8),keyup(E),wait(0.3),click(middle);",
      "id": 26,
      "move_mode": "climb",
      "type": "target",
      "x": 14100.10546875,
      "y": 463.0634765625
    },
    {
      "action": "",
      "action_params": "",
      "id": 27,
      "move_mode": "climb",
      "type": "path",
      "x": 14102.3173828125,
      "y": 465.89208984375
    },
    {
      "action": "combat_script",
      "action_params": "keypress(f),s(0.1);万叶 attack(0.08),keydown(E),wait(0.7),keyup(E),attack(0.2);琴 attack(0.08),keydown(E),wait(0.4),moveby(1000,0),wait(0.2),moveby(1000,0),wait(0.2),moveby(1000,0),wait(0.2),moveby(1000,-3500),wait(1.8),keyup(E),wait(0.3),click(middle);",
      "id": 28,
      "move_mode": "dash",
      "type": "target",
      "x": 14074.822265625,
      "y": 484.61181640625
    }
  ]
}