﻿{
  "info": {
    "authors": [
      {
        "links": "",
        "name": "汐"
      }
    ],
    "bgi_version": "0.45.0",
    "description": "",
    "enable_monster_loot_split": false,
    "last_modified_time": 1758973145992,
    "map_match_method": "",
    "map_name": "Teyvat",
    "name": "627【多人】纳塔-悠悠集市西岸5",
    "tags": [],
    "type": "collect",
    "version": "1.0"
  },
  "positions": [
    {
      "action": "",
      "action_params": "",
      "id": 1,
      "move_mode": "walk",
      "type": "teleport",
      "x": 14151.890625,
      "y": 424.2080078125
    },
    {
      "action": "combat_script",
      "action_params": "keypress(f),d(0.2);万叶 attack(0.08),keydown(E),wait(0.48),keyup(E),attack(0.2);琴 attack(0.08),keydown(E),wait(0.4),moveby(1000,0),wait(0.2),moveby(1000,0),wait(0.2),moveby(1000,0),wait(0.2),moveby(1000,-3500),wait(1.8),keyup(E),wait(0.3),click(middle);",
      "id": 2,
      "move_mode": "climb",
      "type": "target",
      "x": 14158.78515625,
      "y": 418.5810546875
    },
    {
      "action": "",
      "action_params": "",
      "id": 3,
      "move_mode": "climb",
      "type": "target",
      "x": 14159.3505859375,
      "y": 422.59375
    },
    {
      "action": "combat_script",
      "action_params": "keypress(f);万叶 attack(0.08),keydown(E),wait(0.7),keyup(E),attack(0.2);琴 attack(0.08),keydown(E),wait(0.4),moveby(1000,0),wait(0.2),moveby(1000,0),wait(0.2),moveby(1000,0),wait(0.2),moveby(1000,-3500),wait(1.8),keyup(E),wait(0.3),click(middle);",
      "id": 4,
      "move_mode": "climb",
      "type": "target",
      "x": 14158.6015625,
      "y": 423.54638671875
    },
    {
      "action": "",
      "action_params": "",
      "id": 5,
      "move_mode": "walk",
      "type": "path",
      "x": 14157.250015800331,
      "y": 425.15617421018305
    },
    {
      "action": "",
      "action_params": "",
      "id": 6,
      "move_mode": "dash",
      "type": "path",
      "x": 14148.251953125,
      "y": 414.01171875
    },
    {
      "action": "",
      "action_params": "",
      "id": 7,
      "move_mode": "dash",
      "type": "path",
      "x": 14141.8935546875,
      "y": 406.57958984375
    },
    {
      "action": "combat_script",
      "action_params": "keypress(f),wait(0.2),keypress(f),wait(0.2),keypress(f);万叶 attack(0.08),keydown(E),wait(0.47),keyup(E),attack(0.2),wait(1);琴 attack(0.08),keydown(E),wait(0.4),moveby(1000,0),wait(0.2),moveby(1000,0),wait(0.2),moveby(1000,0),wait(0.2),moveby(1000,-3500),wait(1.8),keyup(E),wait(0.3),click(middle);wait(1)",
      "id": 8,
      "move_mode": "climb",
      "type": "target",
      "x": 14137.09375,
      "y": 408.37494466730186
    },
    {
      "action": "combat_script",
      "action_params": "keypress(f);万叶 attack(0.08),keydown(E),wait(0.47),keyup(E),attack(0.2);琴 attack(0.08),keydown(E),wait(0.4),moveby(1000,0),wait(0.2),moveby(1000,0),wait(0.2),moveby(1000,0),wait(0.2),moveby(1000,-3500),wait(1.8),keyup(E),wait(0.3),click(middle);",
      "id": 9,
      "move_mode": "climb",
      "type": "target",
      "x": 14136.2392578125,
      "y": 406.61279296875
    },
    {
      "action": "",
      "action_params": "",
      "id": 10,
      "move_mode": "walk",
      "type": "path",
      "x": 14140.08203125,
      "y": 403.56494140625
    },
    {
      "action": "combat_script",
      "action_params": "keypress(f),wait(0.2),keypress(f),wait(0.2),keypress(f);万叶 attack(0.08),keydown(E),wait(0.7),keyup(E),attack(0.2);琴 attack(0.08),keydown(E),wait(0.4),moveby(1000,0),wait(0.2),moveby(1000,0),wait(0.2),moveby(1000,0),wait(0.2),moveby(1000,-3500),wait(1.8),keyup(E),wait(0.3),click(middle);wait(0.5)",
      "id": 11,
      "move_mode": "dash",
      "type": "target",
      "x": 14136.46875,
      "y": 387.40638279847644
    }
  ]
}