﻿{
  "info": {
    "authors": [
      {
        "links": "",
        "name": "汐"
      }
    ],
    "bgi_version": "0.45.0",
    "description": "",
    "enable_monster_loot_split": false,
    "last_modified_time": 1758655240378,
    "map_match_method": "",
    "map_name": "Teyvat",
    "name": "629【多人】纳塔-悠悠集市西北岸8",
    "tags": [],
    "type": "collect",
    "version": "1.0"
  },
  "positions": [
    {
      "action": "force_tp",
      "action_params": "",
      "id": 1,
      "move_mode": "walk",
      "type": "teleport",
      "x": 14152.62890625,
      "y": 423.48876953125
    },
    {
      "action": "combat_script",
      "action_params": "keypress(f);万叶 attack(0.08),keydown(E),wait(0.7),keyup(E),attack(0.2);琴 attack(0.08),keydown(E),wait(0.4),moveby(1000,0),wait(0.2),moveby(1000,0),wait(0.2),moveby(1000,0),wait(0.2),moveby(1000,-3500),wait(1.8),keyup(E),wait(0.3),click(middle);",
      "id": 2,
      "move_mode": "dash",
      "type": "target",
      "x": 14168.201171875,
      "y": 489.3740234375
    },
    {
      "action": "",
      "action_params": "",
      "id": 3,
      "move_mode": "dash",
      "type": "path",
      "x": 14163.05078125,
      "y": 508.8310546875
    },
    {
      "action": "combat_script",
      "action_params": "keypress(f),s(0.1);万叶 attack(0.08),keydown(E),wait(0.8),keyup(E),attack(0.2);琴 attack(0.08),keydown(E),wait(0.4),moveby(1000,0),wait(0.2),moveby(1000,0),wait(0.2),moveby(1000,0),wait(0.2),moveby(1000,-3500),wait(1.8),keyup(E),wait(0.3),click(middle);",
      "id": 4,
      "move_mode": "dash",
      "type": "target",
      "x": 14150.46875,
      "y": 534.5934069372706
    },
    {
      "action": "force_tp",
      "action_params": "",
      "id": 5,
      "move_mode": "walk",
      "type": "teleport",
      "x": 14167.103515625,
      "y": 627.62255859375
    },
    {
      "action": "",
      "action_params": "",
      "id": 6,
      "move_mode": "dash",
      "type": "path",
      "x": 14137.49954179038,
      "y": 607.7514551644927
    },
    {
      "action": "",
      "action_params": "",
      "id": 7,
      "move_mode": "run",
      "type": "path",
      "x": 14110.078125,
      "y": 569.81201171875
    },
    {
      "action": "stop_flying",
      "action_params": "",
      "id": 8,
      "move_mode": "fly",
      "type": "path",
      "x": 14101.5576171875,
      "y": 559.0361328125
    },
    {
      "action": "combat_script",
      "action_params": "keypress(f);万叶 attack(0.08),keydown(E),wait(0.7),keyup(E),attack(0.2);琴 attack(0.08),keydown(E),wait(0.4),moveby(1000,0),wait(0.2),moveby(1000,0),wait(0.2),moveby(1000,0),wait(0.2),moveby(1000,-3500),wait(1.8),keyup(E),wait(0.3),click(middle);",
      "id": 9,
      "move_mode": "dash",
      "type": "target",
      "x": 14106.11328125,
      "y": 558.32958984375
    },
    {
      "action": "",
      "action_params": "",
      "id": 10,
      "move_mode": "dash",
      "type": "path",
      "x": 14122.6953125,
      "y": 540.75439453125
    },
    {
      "action": "combat_script",
      "action_params": "keypress(f),wait(0.2),keypress(f)",
      "id": 11,
      "move_mode": "dash",
      "type": "target",
      "x": 14122.6953125,
      "y": 540.75439453125
    },
    {
      "action": "combat_script",
      "action_params": "keypress(f),s(0.1);万叶 attack(0.08),keydown(E),wait(0.7),keyup(E),attack(0.2);琴 attack(0.08),keydown(E),wait(0.4),moveby(1000,0),wait(0.2),moveby(1000,0),wait(0.2),moveby(1000,0),wait(0.2),moveby(1000,-3500),wait(1.8),keyup(E),wait(0.3),click(middle);",
      "id": 12,
      "move_mode": "climb",
      "type": "target",
      "x": 14124.603515625,
      "y": 539.44873046875
    },
    {
      "action": "",
      "action_params": "",
      "id": 13,
      "move_mode": "walk",
      "type": "path",
      "x": 14128.26953125,
      "y": 539.3359375
    },
    {
      "action": "",
      "action_params": "",
      "id": 14,
      "move_mode": "dash",
      "type": "path",
      "x": 14114.341796875,
      "y": 550.6982421875
    },
    {
      "action": "",
      "action_params": "",
      "id": 15,
      "move_mode": "dash",
      "type": "path",
      "x": 14080.625,
      "y": 566.2496237376508
    },
    {
      "action": "combat_script",
      "action_params": "w(0.3),dash,w(1),dash,j,w(1.2),j",
      "id": 16,
      "move_mode": "walk",
      "type": "orientation",
      "x": 14069.0380859375,
      "y": 569.39892578125
    },
    {
      "action": "",
      "action_params": "",
      "id": 17,
      "move_mode": "jump",
      "type": "path",
      "x": 14069.0380859375,
      "y": 569.39892578125
    },
    {
      "action": "combat_script",
      "action_params": "keypress(f),wait(0.2),keypress(f);万叶 attack(0.08),keydown(E),wait(0.7),keyup(E),attack(0.2);琴 attack(0.08),keydown(E),wait(0.4),moveby(1000,0),wait(0.2),moveby(1000,0),wait(0.2),moveby(1000,0),wait(0.2),moveby(1000,-3500),wait(1.8),keyup(E),wait(0.3),click(middle);",
      "id": 18,
      "move_mode": "climb",
      "type": "target",
      "x": 14070.1142578125,
      "y": 570.19921875
    },
    {
      "action": "",
      "action_params": "",
      "id": 19,
      "move_mode": "dash",
      "type": "path",
      "x": 14067.958984375,
      "y": 553.3671875
    },
    {
      "action": "combat_script",
      "action_params": "keypress(f),wait(0.2),keypress(f),wait(0.2),keypress(f),wait(0.2),keypress(f),a(0.15);万叶 attack(0.08),keydown(E),wait(0.7),keyup(E),attack(0.2);琴 attack(0.08),keydown(E),wait(0.4),moveby(1000,0),wait(0.2),moveby(1000,0),wait(0.2),moveby(1000,0),wait(0.2),moveby(1000,-3500),wait(1.8),keyup(E),wait(0.3),click(middle);",
      "id": 20,
      "move_mode": "dash",
      "type": "target",
      "x": 14058.787109375,
      "y": 544.890625
    },
    {
      "action": "",
      "action_params": "",
      "id": 21,
      "move_mode": "dash",
      "type": "path",
      "x": 14023.177734375,
      "y": 576.03955078125
    },
    {
      "action": "combat_script",
      "action_params": "keypress(f);万叶 attack(0.08),keydown(E),wait(0.7),keyup(E),attack(0.2);琴 attack(0.08),keydown(E),wait(0.4),moveby(1000,0),wait(0.2),moveby(1000,0),wait(0.2),moveby(1000,0),wait(0.2),moveby(1000,-3500),wait(1.8),keyup(E),wait(0.3),click(middle);",
      "id": 22,
      "move_mode": "climb",
      "type": "target",
      "x": 14018.7900390625,
      "y": 580.296875
    }
  ]
}