{
  "info": {
    "name": "赤念果",
    "type": "collect",
    "country": "须弥",
    "author": "½",
    "version": "",
    "description": "需要纳西妲",
    "bgiVersion": "0.35.1"
  },
  "positions": [
    {
      "id": 1,
      "x": 4790.374755859375,
      "y": -3183.4140625,
      "action": "",
      "move_mode": "walk",
      "type": "path"
    },
    {
      "id": 2,
      "x": 4827.69189453125,
      "y": -3105.3359375,
      "action": "",
      "move_mode": "walk",
      "type": "path"
    },
    {
      "id": 3,
      "x": 4905.655517578125,
      "y": -3061.77197265625,
      "action": "nahida_collect",
      "move_mode": "walk",
      "type": "target"
    }
  ]
}