{
  "info": {
    "name": "赤念果",
    "type": "collect",
    "country": "须弥",
    "author": "½",
    "version": "",
    "description": "需要纳西妲",
    "bgiVersion": "0.35.1"
  },
  "positions": [
    {
      "id": 1,
      "x": 4795.1162109375,
      "y": -2577.1611328125,
      "action": "",
      "move_mode": "walk",
      "type": "path"
    },
    {
      "id": 2,
      "x": 4781.791748046875,
      "y": -2608.34033203125,
      "action": "",
      "move_mode": "walk",
      "type": "path"
    },
    {
      "id": 3,
      "x": 4745.151123046875,
      "y": -2635.87451171875,
      "action": "",
      "move_mode": "walk",
      "type": "path"
    },
    {
      "id": 4,
      "x": 4733.790283203125,
      "y": -2638.63232421875,
      "action": "nahida_collect",
      "move_mode": "walk",
      "type": "target"
    },
    {
      "id": 5,
      "x": 4737.95703125,
      "y": -2658.9228515625,
      "action": "nahida_collect",
      "move_mode": "walk",
      "type": "target"
    }
  ]
}