{
  "info": {
    "name": "赤念果",
    "type": "collect",
    "country": "须弥",
    "author": "½",
    "version": "1.0",
    "description": "需要纳西妲",
    "bgiVersion": "0.35.1"
  },
  "positions": [
    {
      "id": 1,
      "x": 4077.267578125,
      "y": -2164.65087890625,
      "action": "",
      "move_mode": "walk",
      "type": "path"
    },
    {
      "id": 2,
      "x": 4135.3154296875,
      "y": -2156.67138671875,
      "action": "",
      "move_mode": "walk",
      "type": "path"
    },
    {
      "id": 3,
      "x": 4169.653076171875,
      "y": -2149.59716796875,
      "action": "nahida_collect",
      "move_mode": "walk",
      "type": "target"
    },
    {
      "id": 4,
      "x": 4209.74755859375,
      "y": -2134.42333984375,
      "action": "",
      "move_mode": "walk",
      "type": "path"
    },
    {
      "id": 5,
      "x": 4230.405517578125,
      "y": -2155.79541015625,
      "action": "",
      "move_mode": "walk",
      "type": "path"
    },
    {
      "id": 6,
      "x": 4257.660888671875,
      "y": -2126.041748046875,
      "action": "nahida_collect",
      "move_mode": "walk",
      "type": "target"
    }
  ]
}