{
  "info": {
    "name": "赤念果",
    "type": "collect",
    "country": "须弥",
    "author": "½",
    "version": "",
    "description": "需要纳西妲",
    "bgiVersion": "0.35.1"
  },
  "positions": [
    {
      "id": 1,
      "x": 4451.9453125,
      "y": -2454.0302734375,
      "action": "",
      "move_mode": "walk",
      "type": "path"
    },
    {
      "id": 2,
      "x": 4416.70751953125,
      "y": -2483.56689453125,
      "action": "",
      "move_mode": "walk",
      "type": "path"
    },
    {
      "id": 3,
      "x": 4394.4501953125,
      "y": -2462.05224609375,
      "action": "",
      "move_mode": "walk",
      "type": "path"
    },
    {
      "id": 4,
      "x": 4399.736572265625,
      "y": -2460.50390625,
      "action": "nahida_collect",
      "move_mode": "walk",
      "type": "target"
    },
    {
      "id": 5,
      "x": 4422.27099609375,
      "y": -2514.10693359375,
      "action": "",
      "move_mode": "walk",
      "type": "path"
    },
    {
      "id": 6,
      "x": 4436.108154296875,
      "y": -2527.3759765625,
      "action": "stop_flying",
      "move_mode": "fly",
      "type": "path"
    },
    {
      "id": 7,
      "x": 4436.363525390625,
      "y": -2527.580078125,
      "action": "",
      "move_mode": "walk",
      "type": "path"
    },
    {
      "id": 8,
      "x": 4439.1982421875,
      "y": -2519.23291015625,
      "action": "nahida_collect",
      "move_mode": "walk",
      "type": "target"
    }
  ]
}