{
  "info": {
    "name": "赤念果",
    "type": "collect",
    "country": "须弥",
    "author": "½",
    "version": "",
    "description": "需要纳西妲",
    "bgiVersion": "0.35.1"
  },
  "positions": [
    {
      "id": 1,
      "x": 4809.835205078125,
      "y": -2733.8251953125,
      "action": "",
      "move_mode": "walk",
      "type": "path"
    },
    {
      "id": 2,
      "x": 4803.98046875,
      "y": -2764.64501953125,
      "action": "",
      "move_mode": "walk",
      "type": "path"
    },
    {
      "id": 3,
      "x": 4796.865966796875,
      "y": -2800.109375,
      "action": "",
      "move_mode": "up_down_grab_leaf",
      "type": "path"
    },
    {
      "id": 4,
      "x": 4776.906982421875,
      "y": -2822.39404296875,
      "action": "",
      "move_mode": "walk",
      "type": "path"
    },
    {
      "id": 5,
      "x": 4751.110107421875,
      "y": -2854.16162109375,
      "action": "nahida_collect",
      "move_mode": "walk",
      "type": "target"
    },
    {
      "id": 6,
      "x": 4662.71435546875,
      "y": -2825.8466796875,
      "action": "",
      "move_mode": "walk",
      "type": "path"
    },
    {
      "id": 7,
      "x": 4598.78759765625,
      "y": -2781.18603515625,
      "action": "nahida_collect",
      "move_mode": "walk",
      "type": "target"
    }
  ]
}