{
  "info": {
    "name": "赤念果",
    "type": "collect",
    "country": "须弥",
    "author": "½",
    "version": "",
    "description": "需要纳西妲",
    "bgiVersion": "0.35.1"
  },
  "positions": [
    {
      "id": 1,
      "x": 4691.22314453125,
      "y": -2345.83349609375,
      "action": "",
      "move_mode": "walk",
      "type": "path"
    },
    {
      "id": 2,
      "x": 4698.91650390625,
      "y": -2340.1708984375,
      "action": "nahida_collect",
      "move_mode": "walk",
      "type": "target"
    },
    {
      "id": 3,
      "x": 4727.025634765625,
      "y": -2366.6044921875,
      "action": "",
      "move_mode": "walk",
      "type": "path"
    },
    {
      "id": 4,
      "x": 4763.3046875,
      "y": -2433.978515625,
      "action": "",
      "move_mode": "walk",
      "type": "path"
    },
    {
      "id": 5,
      "x": 4767.284423828125,
      "y": -2454.392578125,
      "action": "nahida_collect",
      "move_mode": "walk",
      "type": "target"
    }
  ]
}