{
  "info": {
    "name": "赤念果",
    "type": "collect",
    "country": "须弥",
    "author": "½",
    "version": "",
    "description": "需要纳西妲",
    "bgiVersion": "0.35.1"
  },
  "positions": [
    {
      "id": 1,
      "x": 3992.63427734375,
      "y": -1989.98681640625,
      "action": "",
      "move_mode": "walk",
      "type": "path"
    },
    {
      "id": 2,
      "x": 4022.643310546875,
      "y": -1980.672607421875,
      "action": "nahida_collect",
      "move_mode": "walk",
      "type": "target"
    },
    {
      "id": 3,
      "x": 4023.19384765625,
      "y": -1973.26806640625,
      "action": "nahida_collect",
      "move_mode": "walk",
      "type": "target"
    }
  ]
}