{
  "info": {
    "name": "赤念果",
    "type": "collect",
    "country": "须弥",
    "author": "½",
    "version": "",
    "description": "需要纳西妲",
    "bgiVersion": "0.35.1"
  },
  "positions": [
    {
      "id": 1,
      "x": 4809.901611328125,
      "y": -2733.8134765625,
      "action": "",
      "move_mode": "walk",
      "type": "path"
    },
    {
      "id": 2,
      "x": 4875.184814453125,
      "y": -2705.98876953125,
      "action": "",
      "move_mode": "fly",
      "type": "path"
    },
    {
      "id": 3,
      "x": 4944.4521484375,
      "y": -2731.44677734375,
      "action": "",
      "move_mode": "fly",
      "type": "path"
    },
    {
      "id": 4,
      "x": 4953.273681640625,
      "y": -2738.70166015625,
      "action": "stop_flying",
      "move_mode": "walk",
      "type": "path"
    },
    {
      "id": 5,
      "x": 4950.273193359375,
      "y": -2726.248046875,
      "action": "",
      "move_mode": "walk",
      "type": "target"
    },
    {
      "id": 6,
      "x": 4968.152587890625,
      "y": -2719.73583984375,
      "action": "",
      "move_mode": "walk",
      "type": "target"
    },
    {
      "id": 7,
      "x": 4993.7666015625,
      "y": -2779.52734375,
      "action": "",
      "move_mode": "walk",
      "type": "path"
    },
    {
      "id": 8,
      "x": 5017.8486328125,
      "y": -2850.30517578125,
      "action": "",
      "move_mode": "walk",
      "type": "path"
    },
    {
      "id": 9,
      "x": 5076.646240234375,
      "y": -2899.55224609375,
      "action": "",
      "move_mode": "walk",
      "type": "path"
    },
    {
      "id": 10,
      "x": 5121.09423828125,
      "y": -2923.70361328125,
      "action": "",
      "move_mode": "walk",
      "type": "path"
    },
    {
      "id": 11,
      "x": 5152.812255859375,
      "y": -2936.15380859375,
      "action": "nahida_collect",
      "move_mode": "walk",
      "type": "target"
    },
    {
      "id": 12,
      "x": 5155.123291015625,
      "y": -2924.20263671875,
      "action": "",
      "move_mode": "walk",
      "type": "path"
    },
    {
      "id": 13,
      "x": 5204.654541015625,
      "y": -2929.75390625,
      "action": "",
      "move_mode": "walk",
      "type": "path"
    },
    {
      "id": 14,
      "x": 5236.689697265625,
      "y": -2941.20751953125,
      "action": "",
      "move_mode": "walk",
      "type": "target"
    },
    {
      "id": 15,
      "x": 5280.367919921875,
      "y": -2943.34765625,
      "action": "nahida_collect",
      "move_mode": "walk",
      "type": "target"
    }
  ]
}