{
  "info": {
    "name": "赤念果",
    "type": "collect",
    "country": "须弥",
    "author": "½",
    "version": "",
    "description": "需要纳西妲",
    "bgiVersion": "0.35.1"
  },
  "positions": [
    {
      "id": 1,
      "x": 4271.114990234375,
      "y": -1667.16455078125,
      "action": "",
      "move_mode": "walk",
      "type": "path"
    },
    {
      "id": 2,
      "x": 4331.81787109375,
      "y": -1676.515625,
      "action": "nahida_collect",
      "move_mode": "walk",
      "type": "target"
    },
    {
      "id": 3,
      "x": 4373.380615234375,
      "y": -1693.93505859375,
      "action": "nahida_collect",
      "move_mode": "walk",
      "type": "target"
    }
  ]
}