{
  "info": {
    "name": "赤念果",
    "type": "collect",
    "country": "须弥",
    "author": "½",
    "version": "1.0",
    "description": "需要纳西妲",
    "bgiVersion": "0.35.1"
  },
  "positions": [
    {
      "id": 1,
      "x": 3992.60400390625,
      "y": -1989.955322265625,
      "action": "",
      "move_mode": "walk",
      "type": "path"
    },
    {
      "id": 2,
      "x": 3975.477294921875,
      "y": -2008.89208984375,
      "action": "",
      "move_mode": "walk",
      "type": "path"
    },
    {
      "id": 3,
      "x": 3939.751708984375,
      "y": -2028.358154296875,
      "action": "nahida_collect",
      "move_mode": "walk",
      "type": "target"
    },
    {
      "id": 4,
      "x": 3947.027587890625,
      "y": -2071.035400390625,
      "action": "",
      "move_mode": "walk",
      "type": "path"
    },
    {
      "id": 5,
      "x": 3975.003173828125,
      "y": -2104.529296875,
      "action": "nahida_collect",
      "move_mode": "walk",
      "type": "target"
    }
  ]
}