{
  "info": {
    "name": "赤念果",
    "type": "collect",
    "country": "须弥",
    "author": "½",
    "version": "",
    "description": "需要纳西妲",
    "bgiVersion": "0.35.1"
  },
  "positions": [
    {
      "id": 1,
      "x": 4035.694091796875,
      "y": -2465.2890625,
      "action": "",
      "move_mode": "walk",
      "type": "path"
    },
    {
      "id": 2,
      "x": 4036.123046875,
      "y": -2479.009765625,
      "action": "",
      "move_mode": "walk",
      "type": "path"
    },
    {
      "id": 3,
      "x": 4023.68359375,
      "y": -2526.22607421875,
      "action": "",
      "move_mode": "fly",
      "type": "path"
    },
    {
      "id": 4,
      "x": 4023.736083984375,
      "y": -2526.328125,
      "action": "stop_flying",
      "move_mode": "fly",
      "type": "path"
    },
    {
      "id": 5,
      "x": 4027.32275390625,
      "y": -2526.87255859375,
      "action": "nahida_collect",
      "move_mode": "walk",
      "type": "target"
    },
    {
      "id": 6,
      "x": 4062.615234375,
      "y": -2596.0400390625,
      "action": "",
      "move_mode": "walk",
      "type": "path"
    },
    {
      "id": 7,
      "x": 4064.741455078125,
      "y": -2601.58154296875,
      "action": "nahida_collect",
      "move_mode": "walk",
      "type": "target"
    },
    {
      "id": 8,
      "x": 4035.75537109375,
      "y": -2465.39501953125,
      "action": "",
      "move_mode": "walk",
      "type": "path"
    },
    {
      "id": 9,
      "x": 3929.886962890625,
      "y": -2500.1650390625,
      "action": "nahida_collect",
      "move_mode": "walk",
      "type": "target"
    },
    {
      "id": 10,
      "x": 4035.805908203125,
      "y": -2465.373046875,
      "action": "",
      "move_mode": "walk",
      "type": "path"
    },
    {
      "id": 11,
      "x": 3995.041015625,
      "y": -2399.7626953125,
      "action": "",
      "move_mode": "walk",
      "type": "path"
    },
    {
      "id": 12,
      "x": 3986.953369140625,
      "y": -2359.53466796875,
      "action": "nahida_collect",
      "move_mode": "walk",
      "type": "target"
    }
  ]
}