{
  "info": {
    "name": "赤念果",
    "type": "collect",
    "country": "须弥",
    "author": "½",
    "version": "",
    "description": "需要纳西妲",
    "bgiVersion": "0.35.1"
  },
  "positions": [
    {
      "id": 1,
      "x": 4993.641357421875,
      "y": -2162.185546875,
      "action": "",
      "move_mode": "walk",
      "type": "path"
    },
    {
      "id": 2,
      "x": 5009.273681640625,
      "y": -2163.810546875,
      "action": "",
      "move_mode": "walk",
      "type": "path"
    },
    {
      "id": 3,
      "x": 5022.829345703125,
      "y": -2161.884765625,
      "action": "",
      "move_mode": "fly",
      "type": "path"
    },
    {
      "id": 4,
      "x": 5055.8671875,
      "y": -2141.54150390625,
      "action": "",
      "move_mode": "walk",
      "type": "path"
    },
    {
      "id": 5,
      "x": 5065.012939453125,
      "y": -2132.07080078125,
      "action": "",
      "move_mode": "walk",
      "type": "path"
    },
    {
      "id": 6,
      "x": 5091.162841796875,
      "y": -2117.638671875,
      "action": "nahida_collect",
      "move_mode": "walk",
      "type": "target"
    },
    {
      "id": 7,
      "x": 5076.425537109375,
      "y": -2112.648193359375,
      "action": "",
      "move_mode": "walk",
      "type": "path"
    },
    {
      "id": 8,
      "x": 5008.103271484375,
      "y": -2073.71923828125,
      "action": "",
      "move_mode": "walk",
      "type": "path"
    },
    {
      "id": 9,
      "x": 4999.646484375,
      "y": -2068.3671875,
      "action": "",
      "move_mode": "fly",
      "type": "path"
    },
    {
      "id": 10,
      "x": 4990.285888671875,
      "y": -2057.16943359375,
      "action": "stop_flying",
      "move_mode": "fly",
      "type": "target"
    },
    {
      "id": 11,
      "x": 4967.728759765625,
      "y": -2066.52880859375,
      "action": "",
      "move_mode": "walk",
      "type": "path"
    },
    {
      "id": 12,
      "x": 4920.031005859375,
      "y": -2097.732666015625,
      "action": "",
      "move_mode": "walk",
      "type": "path"
    },
    {
      "id": 13,
      "x": 4873.939697265625,
      "y": -2126.34521484375,
      "action": "",
      "move_mode": "walk",
      "type": "path"
    },
    {
      "id": 14,
      "x": 4862.07763671875,
      "y": -2127.361328125,
      "action": "",
      "move_mode": "walk",
      "type": "target"
    },
    {
      "id": 15,
      "x": 4852.968505859375,
      "y": -2129.333740234375,
      "action": "nahida_collect",
      "move_mode": "walk",
      "type": "target"
    },
    {
      "id": 16,
      "x": 4833.665283203125,
      "y": -2140.728515625,
      "action": "",
      "move_mode": "walk",
      "type": "path"
    },
    {
      "id": 17,
      "x": 4820.499755859375,
      "y": -2148.6845703125,
      "action": "",
      "move_mode": "walk",
      "type": "path"
    },
    {
      "id": 18,
      "x": 4777.534912109375,
      "y": -2130.201171875,
      "action": "",
      "move_mode": "walk",
      "type": "path"
    },
    {
      "id": 19,
      "x": 4731.31640625,
      "y": -2119.252685546875,
      "action": "",
      "move_mode": "walk",
      "type": "path"
    },
    {
      "id": 20,
      "x": 4716.463623046875,
      "y": -2062.585693359375,
      "action": "",
      "move_mode": "walk",
      "type": "path"
    },
    {
      "id": 21,
      "x": 4678.509521484375,
      "y": -2000.857421875,
      "action": "",
      "move_mode": "walk",
      "type": "path"
    },
    {
      "id": 22,
      "x": 4677.547607421875,
      "y": -2000.878173828125,
      "action": "nahida_collect",
      "move_mode": "walk",
      "type": "target"
    }
  ]
}