{
  "info": {
    "name": "赤念果",
    "type": "collect",
    "country": "须弥",
    "author": "½",
    "version": "",
    "description": "需要纳西妲",
    "bgiVersion": "0.35.1"
  },
  "positions": [
    {
      "id": 1,
      "x": 4077.29736328125,
      "y": -2164.6552734375,
      "action": "",
      "move_mode": "walk",
      "type": "path"
    },
    {
      "id": 2,
      "x": 4135.2099609375,
      "y": -2214.5146484375,
      "action": "",
      "move_mode": "walk",
      "type": "path"
    },
    {
      "id": 3,
      "x": 4154.353515625,
      "y": -2228.41259765625,
      "action": "nahida_collect",
      "move_mode": "walk",
      "type": "target"
    },
    {
      "id": 4,
      "x": 4205.636962890625,
      "y": -2232.06640625,
      "action": "",
      "move_mode": "walk",
      "type": "path"
    },
    {
      "id": 5,
      "x": 4207.700439453125,
      "y": -2239.29931640625,
      "action": "nahida_collect",
      "move_mode": "walk",
      "type": "path"
    },
    {
      "id": 6,
      "x": 4232.74609375,
      "y": -2259.1796875,
      "action": "nahida_collect",
      "move_mode": "walk",
      "type": "path"
    },
    {
      "id": 7,
      "x": 4230.9375,
      "y": -2301.251953125,
      "action": "",
      "move_mode": "walk",
      "type": "path"
    },
    {
      "id": 8,
      "x": 4221.429443359375,
      "y": -2304.44140625,
      "action": "",
      "move_mode": "walk",
      "type": "path"
    },
    {
      "id": 9,
      "x": 4214.169921875,
      "y": -2307.8271484375,
      "action": "",
      "move_mode": "walk",
      "type": "target"
    },
    {
      "id": 10,
      "x": 4203.718994140625,
      "y": -2302.1044921875,
      "action": "",
      "move_mode": "walk",
      "type": "target"
    },
    {
      "id": 11,
      "x": 4178.33837890625,
      "y": -2320.11865234375,
      "action": "",
      "move_mode": "walk",
      "type": "path"
    },
    {
      "id": 12,
      "x": 4130.542724609375,
      "y": -2281.94482421875,
      "action": "",
      "move_mode": "walk",
      "type": "path"
    },
    {
      "id": 13,
      "x": 4118.751708984375,
      "y": -2270.2734375,
      "action": "nahida_collect",
      "move_mode": "walk",
      "type": "target"
    },
    {
      "id": 14,
      "x": 4169.214599609375,
      "y": -2283.18896484375,
      "action": "nahida_collect",
      "move_mode": "walk",
      "type": "target"
    }
  ]
}