﻿{
  "info": {
    "name": "4须弥富A路TP刷CD",
    "type": "collect",
    "authors": [
      {
        "name": "汐",
        "links": ""
      }
    ],
    "version": "1.0",
    "description": "",
    "map_name": "Teyvat",
    "bgi_version": "0.45.0",
    "tags": [],
    "last_modified_time": 1754329919194,
    "enable_monster_loot_split": false,
    "map_match_method": ""
  },
  "positions": [
    {
      "id": 1,
      "x": 3133.732421875,
      "y": -1733.98486328125,
      "action": "",
      "move_mode": "walk",
      "action_params": "",
      "type": "teleport"
    }
  ]
}