﻿{
  "info": {
    "name": "5枫丹富A路TP刷CD",
    "type": "collect",
    "authors": [
      {
        "name": "汐",
        "links": ""
      }
    ],
    "version": "1.0",
    "description": "",
    "map_name": "Teyvat",
    "bgi_version": "0.45.0",
    "tags": [],
    "last_modified_time": 1755409118613,
    "enable_monster_loot_split": false,
    "map_match_method": ""
  },
  "positions": [
    {
      "id": 1,
      "x": 4309.12890625,
      "y": 4760.20361328125,
      "action": "",
      "move_mode": "walk",
      "action_params": "",
      "type": "teleport"
    },
    {
      "id": 2,
      "x": 4308.0869140625,
      "y": 4769.07421875,
      "action": "",
      "move_mode": "walk",
      "action_params": "",
      "type": "orientation"
    },
    {
      "id": 3,
      "x": 4308.0869140625,
      "y": 4769.07421875,
      "action": "",
      "move_mode": "dash",
      "action_params": "",
      "type": "path"
    },
    {
      "id": 4,
      "x": 4336.3974609375,
      "y": 4786.85107421875,
      "action": "",
      "move_mode": "dash",
      "action_params": "",
      "type": "path"
    },
    {
      "id": 5,
      "x": 4377.26806640625,
      "y": 4813.4501953125,
      "action": "",
      "move_mode": "dash",
      "action_params": "",
      "type": "path"
    },
    {
      "id": 6,
      "x": 4424.969050206304,
      "y": 4843.905742208224,
      "action": "",
      "move_mode": "dash",
      "action_params": "",
      "type": "path"
    },
    {
      "id": 7,
      "x": 4309.12890625,
      "y": 4760.20361328125,
      "action": "",
      "move_mode": "walk",
      "action_params": "",
      "type": "teleport"
    },
    {
      "id": 8,
      "x": 4274.67578125,
      "y": 4763.36572265625,
      "action": "",
      "move_mode": "run",
      "action_params": "",
      "type": "path"
    },
    {
      "id": 9,
      "x": 4263.67822265625,
      "y": 4730.74853515625,
      "action": "",
      "move_mode": "dash",
      "action_params": "",
      "type": "path"
    },
    {
      "id": 10,
      "x": 4283.94140625,
      "y": 4642.21875,
      "action": "stop_flying",
      "move_mode": "fly",
      "action_params": "",
      "type": "path"
    }
  ]
}