﻿{
  "info": {
    "name": "6纳塔富A路TP刷CD",
    "type": "collect",
    "authors": [
      {
        "name": "汐",
        "links": ""
      }
    ],
    "version": "1.0",
    "description": "",
    "map_name": "Teyvat",
    "bgi_version": "0.45.0",
    "tags": [],
    "last_modified_time": 1754331774056,
    "enable_monster_loot_split": false,
    "map_match_method": ""
  },
  "positions": [
    {
      "id": 1,
      "x": 9711.3037109375,
      "y": -1552.1005859375,
      "action": "",
      "move_mode": "walk",
      "action_params": "",
      "type": "teleport"
    },
    {
      "id": 2,
      "x": 9470.3037109375,
      "y": -1670.8291015625,
      "action": "",
      "move_mode": "walk",
      "action_params": "",
      "type": "teleport"
    },
    {
      "id": 3,
      "x": 9487.90234375,
      "y": -1667.02490234375,
      "action": "stop_flying",
      "move_mode": "fly",
      "action_params": "5300",
      "type": "path"
    },
    {
      "id": 4,
      "x": 9490.603515625,
      "y": -1664.439453125,
      "action": "",
      "move_mode": "walk",
      "action_params": "",
      "type": "path"
    },
    {
      "id": 5,
      "x": 9310.8408203125,
      "y": -1423.21240234375,
      "action": "",
      "move_mode": "walk",
      "action_params": "",
      "type": "teleport"
    },
    {
      "id": 6,
      "x": 9342.341796875,
      "y": -1494.5732421875,
      "action": "",
      "move_mode": "dash",
      "action_params": "",
      "type": "path"
    },
    {
      "id": 7,
      "x": 10117.359375,
      "y": -134.76904296875,
      "action": "",
      "move_mode": "walk",
      "action_params": "",
      "type": "teleport"
    },
    {
      "id": 8,
      "x": 10115.087890625,
      "y": -116.54833984375,
      "type": "path",
      "move_mode": "dash",
      "action": "combat_script",
      "action_params": "attack(0.3),wait(0.5)"
    },
    {
      "id": 9,
      "x": 10072.021484375,
      "y": 22.08056640625,
      "action": "",
      "move_mode": "walk",
      "action_params": "",
      "type": "teleport"
    },
    {
      "id": 10,
      "x": 10063.0107421875,
      "y": 75.552734375,
      "action": "combat_script",
      "move_mode": "run",
      "action_params": "keypress(f),wait(0.2),keypress(f),wait(0.2),keypress(f)",
      "type": "path"
    },
    {
      "id": 11,
      "x": 9968.375,
      "y": 252.1005859375,
      "action": "",
      "move_mode": "walk",
      "action_params": "",
      "type": "teleport"
    },
    {
      "id": 12,
      "x": 9755.689453125,
      "y": -614.931640625,
      "action": "",
      "move_mode": "walk",
      "action_params": "",
      "type": "teleport"
    }
  ]
}