﻿{
  "info": {
    "authors": [
      {
        "links": "",
        "name": "汐"
      }
    ],
    "bgi_version": "0.45.0",
    "description": "",
    "enable_monster_loot_split": false,
    "last_modified_time": 1759305070393,
    "map_match_method": "",
    "map_name": "Teyvat",
    "name": "305【收尾】稻妻-踏鞴砂②-7",
    "tags": [],
    "type": "collect",
    "version": ""
  },
  "positions": [
    {
      "action": "",
      "id": 1,
      "move_mode": "walk",
      "type": "teleport",
      "x": -3156.5380859375,
      "y": -3886.1474609375
    },
    {
      "action": "",
      "id": 2,
      "move_mode": "run",
      "type": "path",
      "x": -3139.6357421875,
      "y": -3873.5673828125
    },
    {
      "action": "",
      "id": 3,
      "move_mode": "run",
      "type": "path",
      "x": -3118.478515625,
      "y": -3801.2685546875
    },
    {
      "action": "",
      "id": 4,
      "move_mode": "run",
      "type": "path",
      "x": -3128.7255859375,
      "y": -3755.45703125
    },
    {
      "action": "combat_script",
      "action_params": "keypress(VK_SPACE),wait(0.5),click",
      "id": 5,
      "move_mode": "fly",
      "type": "path",
      "x": -3152.74609375,
      "y": -3739.8955078125
    },
    {
      "action": "combat_script",
      "action_params": "keypress(f),wait(0.2),keypress(f);万叶 attack(0.08),keydown(E),wait(0.48),keyup(E),attack(0.2);琴 attack(0.08),keydown(E),wait(0.4),moveby(1000,0),wait(0.2),moveby(1000,0),wait(0.2),moveby(1000,0),wait(0.2),moveby(1000,-3500),wait(1.8),keyup(E),wait(0.3),click(middle);",
      "id": 6,
      "move_mode": "climb",
      "type": "target",
      "x": -3149.0771484375,
      "y": -3739.6552734375
    },
    {
      "action": "combat_script",
      "action_params": "keypress(f),wait(0.2),keypress(f),wait(0.2),keypress(f),wait(0.2),keypress(f),wait(0.2),keypress(f),s(0.15);万叶 attack(0.08),keydown(E),wait(0.48),keyup(E),attack(0.2),wait(0.5);琴 attack(0.08),keydown(E),wait(0.4),moveby(1000,0),wait(0.2),moveby(1000,0),wait(0.2),moveby(1000,0),wait(0.2),moveby(1000,-3500),wait(1.8),keyup(E),wait(0.3),click(middle);",
      "id": 7,
      "move_mode": "dash",
      "type": "target",
      "x": -3156.875,
      "y": -3727.2812389334613
    },
    {
      "action": "",
      "action_params": "",
      "id": 8,
      "move_mode": "walk",
      "type": "path",
      "x": -3154.6669921875,
      "y": -3724.9111328125
    },
    {
      "action": "combat_script",
      "action_params": "keypress(f);万叶 attack(0.08),keydown(E),wait(0.7),keyup(E),attack(0.2);琴 attack(0.08),keydown(E),wait(0.4),moveby(1000,0),wait(0.2),moveby(1000,0),wait(0.2),moveby(1000,0),wait(0.2),moveby(1000,-3500),wait(1.8),keyup(E),wait(0.3),click(middle);",
      "id": 9,
      "move_mode": "climb",
      "type": "target",
      "x": -3159.232421875,
      "y": -3724.658203125
    },
    {
      "action": "",
      "action_params": "",
      "id": 10,
      "move_mode": "climb",
      "type": "target",
      "x": -3156.744140625,
      "y": -3719.720703125
    },
    {
      "action": "",
      "id": 11,
      "move_mode": "climb",
      "type": "path",
      "x": -3156.8017578125,
      "y": -3716.939453125
    },
    {
      "action": "",
      "id": 12,
      "move_mode": "climb",
      "type": "path",
      "x": -3160.03125,
      "y": -3715.052734375
    },
    {
      "action": "",
      "id": 13,
      "move_mode": "walk",
      "type": "path",
      "x": -3163.8154296875,
      "y": -3710.796875
    },
    {
      "action": "",
      "id": 14,
      "move_mode": "climb",
      "type": "path",
      "x": -3164.5810546875,
      "y": -3702.015625
    },
    {
      "action": "",
      "action_params": "",
      "id": 15,
      "move_mode": "climb",
      "type": "target",
      "x": -3165.3515625,
      "y": -3706.224609375
    },
    {
      "action": "combat_script",
      "action_params": "keypress(f),wait(0.2),keypress(f),wait(0.2),keypress(f)",
      "id": 16,
      "move_mode": "climb",
      "type": "target",
      "x": -3164.265625,
      "y": -3706.552734375
    },
    {
      "action": "combat_script",
      "action_params": "keypress(f);万叶 attack(0.08),keydown(E),wait(0.7),keyup(E),attack(0.2);琴 attack(0.08),keydown(E),wait(0.4),moveby(1000,0),wait(0.2),moveby(1000,0),wait(0.2),moveby(1000,0),wait(0.2),moveby(1000,-3500),wait(1.8),keyup(E),wait(0.3),click(middle);",
      "id": 17,
      "move_mode": "climb",
      "type": "path",
      "x": -3161.5,
      "y": -3705.124413473397
    },
    {
      "action": "",
      "id": 18,
      "move_mode": "climb",
      "type": "path",
      "x": -3160.15625,
      "y": -3702.09339587073
    },
    {
      "action": "",
      "id": 19,
      "move_mode": "fly",
      "type": "path",
      "x": -3150.34375,
      "y": -3692.937002005714
    },
    {
      "action": "combat_script",
      "action_params": "wait(0.3),j,keypress(f),wait(0.2),keypress(f)",
      "id": 20,
      "move_mode": "fly",
      "type": "path",
      "x": -3108.439453125,
      "y": -3655.1953125
    },
    {
      "action": "",
      "id": 21,
      "move_mode": "run",
      "type": "path",
      "x": -3098,
      "y": -3639.703125
    },
    {
      "action": "",
      "id": 22,
      "move_mode": "climb",
      "type": "target",
      "x": -3092.71875,
      "y": -3637.6563827984755
    },
    {
      "action": "stop_flying",
      "action_params": "",
      "id": 23,
      "move_mode": "fly",
      "type": "path",
      "x": -3116.531210499168,
      "y": -3626.5935681044393
    },
    {
      "action": "",
      "action_params": "",
      "id": 24,
      "move_mode": "climb",
      "type": "path",
      "x": -3117.9140625,
      "y": -3622.01171875
    },
    {
      "action": "combat_script",
      "action_params": "keypress(f),wait(0.2),keypress(f),wait(0.2),keypress(f),wait(0.2),keypress(f),wait(0.2),keypress(f),a(0.2);万叶 attack(0.08),keydown(E),wait(0.51),keyup(E),attack(0.2),wait(0.5);琴 attack(0.08),keydown(E),wait(0.4),moveby(1000,0),wait(0.2),moveby(1000,0),wait(0.2),moveby(1000,0),wait(0.2),moveby(1000,-3500),wait(1.8),keyup(E),wait(0.3),click(middle);",
      "id": 25,
      "move_mode": "climb",
      "type": "target",
      "x": -3117.869140625,
      "y": -3621.6689453125
    },
    {
      "action": "",
      "action_params": "",
      "id": 26,
      "move_mode": "walk",
      "type": "path",
      "x": -3119.0244140625,
      "y": -3619.6064453125
    },
    {
      "action": "",
      "action_params": "",
      "id": 27,
      "move_mode": "walk",
      "type": "path",
      "x": -3120.1877014542297,
      "y": -3613.188652005223
    },
    {
      "action": "",
      "id": 28,
      "move_mode": "run",
      "type": "path",
      "x": -3127.1142578125,
      "y": -3602.75390625
    },
    {
      "action": "",
      "action_params": "",
      "id": 29,
      "move_mode": "run",
      "type": "path",
      "x": -3140.1611328125,
      "y": -3580.916015625
    },
    {
      "action": "combat_script",
      "action_params": "keypress(f),w(0.2),keypress(f),wait(0.2),keypress(f),wait(0.2),keypress(f),wait(0.2),keypress(f),",
      "id": 30,
      "move_mode": "walk",
      "type": "path",
      "x": -3141.8437341996687,
      "y": -3573.2500606318536
    },
    {
      "action": "combat_script",
      "action_params": "keypress(f),w(0.2),keypress(f),wait(0.2),keypress(f),",
      "id": 31,
      "move_mode": "run",
      "type": "path",
      "x": -3145.873046875,
      "y": -3565.845703125
    },
    {
      "action": "",
      "action_params": "",
      "id": 32,
      "move_mode": "run",
      "type": "path",
      "x": -3141.6561611231336,
      "y": -3566.718666631201
    },
    {
      "action": "",
      "id": 33,
      "move_mode": "jump",
      "type": "path",
      "x": -3136.4072265625,
      "y": -3568.052734375
    },
    {
      "action": "combat_script",
      "action_params": "keypress(f),wait(0.2),keypress(f),wait(0.2),keypress(f);万叶 attack(0.08),keydown(E),wait(0.51),keyup(E),attack(0.2),wait(0.5);琴 attack(0.08),keydown(E),wait(0.4),moveby(1000,0),wait(0.2),moveby(1000,0),wait(0.2),moveby(1000,0),wait(0.2),moveby(1000,-3500),wait(1.8),keyup(E),wait(0.3),click(middle);",
      "id": 34,
      "move_mode": "climb",
      "type": "target",
      "x": -3139.1494140625,
      "y": -3570.892578125
    }
  ]
}