﻿{
  "info": {
    "authors": [
      {
        "links": "",
        "name": "汐"
      }
    ],
    "bgi_version": "0.45.0",
    "description": "",
    "enable_monster_loot_split": false,
    "last_modified_time": 1759675219755,
    "map_match_method": "",
    "map_name": "Teyvat",
    "name": "214璃月-轻策庄3",
    "tags": [],
    "type": "collect",
    "version": "1.0"
  },
  "positions": [
    {
      "action": "",
      "action_params": "",
      "id": 1,
      "move_mode": "walk",
      "type": "teleport",
      "x": 546.6943359375,
      "y": 1766.89453125
    },
    {
      "action": "set_time",
      "action_params": "06:00",
      "id": 2,
      "locked": false,
      "move_mode": "run",
      "type": "orientation",
      "x": 525.374976299503,
      "y": 1746.3123787362929
    },
    {
      "action": "",
      "action_params": "",
      "id": 3,
      "move_mode": "run",
      "type": "path",
      "x": 525.374976299503,
      "y": 1746.3123787362929
    },
    {
      "action": "",
      "action_params": "",
      "id": 4,
      "move_mode": "dash",
      "type": "path",
      "x": 519.646484375,
      "y": 1742.8720703125
    },
    {
      "action": "combat_script",
      "action_params": "keypress(f),wait(0.2),keypress(f),wait(0.2),keypress(f),wait(0.2),keypress(f),wait(0.2),keypress(f),wait(0.2),keypress(f),wait(0.2),keypress(f),wait(0.2),keypress(f);万叶 attack(0.08),keydown(E),wait(0.51),keyup(E),attack(0.2),wait(0.5);琴 attack(0.08),keydown(E),wait(0.4),moveby(1000,0),wait(0.2),moveby(1000,0),wait(0.2),moveby(1000,0),wait(0.2),moveby(1000,-3500),wait(1.8),keyup(E),wait(0.3),click(middle);",
      "id": 5,
      "move_mode": "climb",
      "type": "target",
      "x": 517.124990124792,
      "y": 1739.500197053525
    },
    {
      "action": "",
      "action_params": "",
      "id": 6,
      "move_mode": "run",
      "type": "path",
      "x": 527.5938112262847,
      "y": 1733.4685377885107
    },
    {
      "action": "",
      "action_params": "",
      "id": 7,
      "move_mode": "run",
      "type": "path",
      "x": 537.9375177753736,
      "y": 1733.8749317891652
    },
    {
      "action": "stop_flying",
      "action_params": "",
      "id": 8,
      "move_mode": "fly",
      "type": "path",
      "x": 552.5937579001657,
      "y": 1734.343431682768
    },
    {
      "action": "",
      "action_params": "",
      "id": 9,
      "move_mode": "dash",
      "type": "path",
      "x": 588.8671875,
      "y": 1722.88720703125
    },
    {
      "action": "combat_script",
      "action_params": "keypress(f),s(0.25),d(0.15);万叶 attack(0.08),keydown(E),wait(0.8),keyup(E),attack(0.2),wait(1);琴 attack(0.08),keydown(E),wait(0.4),moveby(1000,0),wait(0.2),moveby(1000,0),wait(0.2),moveby(1000,0),wait(0.2),moveby(1000,-3500),wait(1.8),keyup(E),wait(0.3),click(middle);s(0.3),d(0.5)",
      "id": 10,
      "move_mode": "dash",
      "type": "target",
      "x": 622.1337890625,
      "y": 1706.4453125
    },
    {
      "action": "",
      "action_params": "",
      "id": 11,
      "move_mode": "walk",
      "type": "path",
      "x": 632.96875,
      "y": 1709.374944667301
    },
    {
      "action": "",
      "action_params": "",
      "id": 12,
      "move_mode": "dash",
      "type": "path",
      "x": 662.2470703125,
      "y": 1717.68017578125
    },
    {
      "action": "combat_script",
      "action_params": "keypress(f),w(0.2),keypress(f),d(0.2),keypress(VK_SPACE),keypress(f);万叶 attack(0.08),keydown(E),wait(0.7),keyup(E),attack(0.2),wait(0.5);琴 attack(0.08),keydown(E),wait(0.4),moveby(1000,0),wait(0.2),moveby(1000,0),wait(0.2),moveby(1000,0),wait(0.2),moveby(1000,-3500),wait(1.8),keyup(E),wait(0.3),click(middle);",
      "id": 13,
      "move_mode": "climb",
      "type": "target",
      "x": 662.9658203125,
      "y": 1720.5791015625
    }
  ]
}