﻿{
  "info": {
    "authors": [
      {
        "links": "",
        "name": "汐"
      }
    ],
    "bgi_version": "0.45.0",
    "description": "",
    "enable_monster_loot_split": false,
    "last_modified_time": 1758606305518,
    "map_match_method": "",
    "map_name": "Teyvat",
    "name": "216璃月-珉林北4",
    "tags": [],
    "type": "collect",
    "version": ""
  },
  "positions": [
    {
      "action": "",
      "id": 1,
      "move_mode": "walk",
      "type": "teleport",
      "x": 1121.0517578125,
      "y": 1190.40087890625
    },
    {
      "action": "",
      "id": 2,
      "move_mode": "run",
      "type": "path",
      "x": 1126.859375,
      "y": 1206.17333984375
    },
    {
      "action": "",
      "id": 3,
      "move_mode": "run",
      "type": "path",
      "x": 1149.5205078125,
      "y": 1261.96435546875
    },
    {
      "action": "",
      "id": 4,
      "move_mode": "climb",
      "type": "path",
      "x": 1143.5537109375,
      "y": 1266.68212890625
    },
    {
      "action": "combat_script",
      "action_params": "keypress(f),w(0.2),keypress(f),a(0.4),keypress(f),w(0.3),keypress(f);万叶 attack(0.08),keydown(E),wait(0.48),keyup(E),attack(0.2),wait(0.5);琴 attack(0.08),keydown(E),wait(0.4),moveby(1000,0),wait(0.2),moveby(1000,0),wait(0.2),moveby(1000,0),wait(0.2),moveby(1000,-3500),wait(1.8),keyup(E),wait(0.3),click(middle);",
      "id": 5,
      "move_mode": "climb",
      "type": "path",
      "x": 1141.517578125,
      "y": 1274.34228515625
    },
    {
      "action": "",
      "action_params": "",
      "id": 6,
      "move_mode": "climb",
      "type": "path",
      "x": 1140.18743284859,
      "y": 1279.6245907349858
    },
    {
      "action": "combat_script",
      "action_params": "keypress(f);芙宁娜 e,wait(0.2),e;",
      "id": 7,
      "move_mode": "run",
      "type": "path",
      "x": 1123.4375,
      "y": 1290.8752213307926
    },
    {
      "action": "combat_script",
      "action_params": "keypress(x),s(0.3),a(0.3),dash;万叶 attack(0.08),keydown(E),wait(0.7),keyup(E),attack(0.2),wait(0.5);琴 attack(0.08),keydown(E),wait(0.4),moveby(1000,0),wait(0.2),moveby(1000,0),wait(0.2),moveby(1000,0),wait(0.2),moveby(1000,-3500),wait(1.8),keyup(E),wait(0.3),click(middle);",
      "id": 8,
      "move_mode": "climb",
      "type": "target",
      "x": 1115.0312341996687,
      "y": 1284.2187727369455
    },
    {
      "action": "",
      "id": 9,
      "move_mode": "walk",
      "type": "path",
      "x": 1111.8124545740466,
      "y": 1290.5621741037849
    },
    {
      "action": "",
      "id": 10,
      "move_mode": "run",
      "type": "path",
      "x": 1091.9061611231336,
      "y": 1284.0621210509144
    },
    {
      "action": "",
      "id": 11,
      "move_mode": "run",
      "type": "path",
      "x": 1036.33984375,
      "y": 1254.439453125
    },
    {
      "action": "combat_script",
      "action_params": "keypress(f),w(0.2),keypress(f),w(0.2),keypress(f),s(0.6)",
      "id": 12,
      "move_mode": "climb",
      "type": "target",
      "x": 1030.96875,
      "y": 1251.937444667301
    },
    {
      "action": "",
      "action_params": "",
      "id": 13,
      "move_mode": "climb",
      "type": "path",
      "x": 1032.857421875,
      "y": 1254.53369140625
    },
    {
      "action": "combat_script",
      "action_params": "keypress(f),w(0.3),keypress(f),s(0.5)",
      "id": 14,
      "move_mode": "climb",
      "type": "target",
      "x": 1030.5,
      "y": 1257.1561282680632
    }
  ]
}