﻿{
  "info": {
    "authors": [
      {
        "links": "",
        "name": "汐"
      }
    ],
    "bgi_version": "0.45.0",
    "description": "",
    "enable_monster_loot_split": false,
    "last_modified_time": 1759304866174,
    "map_match_method": "",
    "map_name": "Teyvat",
    "name": "218璃月-奥藏山右下2",
    "tags": [],
    "type": "collect",
    "version": ""
  },
  "positions": [
    {
      "action": "",
      "id": 1,
      "move_mode": "walk",
      "type": "teleport",
      "x": 1451.4638671875,
      "y": 1028.59423828125
    },
    {
      "action": "",
      "id": 2,
      "move_mode": "run",
      "type": "path",
      "x": 1495.75,
      "y": 1049.0636287870457
    },
    {
      "action": "combat_script",
      "action_params": "keypress(f);万叶 attack(0.08),keydown(E),wait(0.51),keyup(E),attack(0.2),wait(0.5);琴 attack(0.08),keydown(E),wait(0.4),moveby(1000,0),wait(0.2),moveby(1000,0),wait(0.2),moveby(1000,0),wait(0.2),moveby(1000,-3500),wait(1.8),keyup(E),wait(0.3),click(middle);",
      "id": 3,
      "move_mode": "climb",
      "type": "target",
      "x": 1496.7099609375,
      "y": 1049.634765625
    },
    {
      "action": "",
      "id": 4,
      "move_mode": "walk",
      "type": "path",
      "x": 1496.275390625,
      "y": 1046.14794921875
    },
    {
      "action": "",
      "action_params": "",
      "id": 5,
      "move_mode": "run",
      "type": "path",
      "x": 1511.7099609375,
      "y": 1038.0947265625
    },
    {
      "action": "combat_script",
      "action_params": "keypress(f);万叶 attack(0.08),keydown(E),wait(0.51),keyup(E),attack(0.2),wait(0.5);琴 attack(0.08),keydown(E),wait(0.4),moveby(1000,0),wait(0.2),moveby(1000,0),wait(0.2),moveby(1000,0),wait(0.2),moveby(1000,-3500),wait(1.8),keyup(E),wait(0.3),click(middle);",
      "id": 6,
      "move_mode": "climb",
      "type": "target",
      "x": 1510.0439453125,
      "y": 1043.40380859375
    }
  ]
}