﻿{
  "info": {
    "authors": [
      {
        "links": "",
        "name": "汐"
      }
    ],
    "bgi_version": "0.45.0",
    "description": "",
    "enable_monster_loot_split": false,
    "last_modified_time": 1759308399366,
    "map_match_method": "",
    "map_name": "Teyvat",
    "name": "401须弥-须弥城5",
    "tags": [],
    "type": "collect",
    "version": ""
  },
  "positions": [
    {
      "action": "",
      "id": 1,
      "move_mode": "walk",
      "type": "teleport",
      "x": 2786.98974609375,
      "y": -503.11328125
    },
    {
      "action": "",
      "action_params": "",
      "id": 2,
      "move_mode": "run",
      "type": "path",
      "x": 2755.4521484375,
      "y": -497.287109375
    },
    {
      "action": "combat_script",
      "action_params": "keypress(f),w(0.2),keypress(f);万叶 attack(0.08),keydown(E),wait(0.51),keyup(E),attack(0.2),wait(0.5);琴 attack(0.08),keydown(E),wait(0.4),moveby(1000,0),wait(0.2),moveby(1000,0),wait(0.2),moveby(1000,0),wait(0.2),moveby(1000,-3500),wait(1.8),keyup(E),wait(0.3),click(middle);",
      "id": 3,
      "move_mode": "climb",
      "type": "target",
      "x": 2751.71484375,
      "y": -497.24267578125
    },
    {
      "action": "",
      "action_params": "",
      "id": 4,
      "move_mode": "walk",
      "type": "teleport",
      "x": 2694.0654296875,
      "y": -416.4150390625
    },
    {
      "action": "",
      "action_params": "",
      "id": 5,
      "move_mode": "run",
      "type": "path",
      "x": 2705.2353515625,
      "y": -414.3623046875
    },
    {
      "action": "stop_flying",
      "action_params": "",
      "id": 6,
      "move_mode": "fly",
      "type": "path",
      "x": 2719.357421875,
      "y": -413.69287109375
    },
    {
      "action": "combat_script",
      "action_params": "keypress(f),wait(0.2),keypress(f),wait(0.2),keypress(f),d(0.2);万叶 attack(0.08),keydown(E),wait(0.51),keyup(E),attack(0.2);琴 attack(0.08),keydown(E),wait(0.4),moveby(1000,0),wait(0.2),moveby(1000,0),wait(0.2),moveby(1000,0),wait(0.2),moveby(1000,-3500),wait(1.8),keyup(E),wait(0.3),click(middle);",
      "id": 7,
      "move_mode": "dash",
      "type": "target",
      "x": 2729.4267578125,
      "y": -415.9755859375
    },
    {
      "action": "",
      "id": 8,
      "move_mode": "walk",
      "type": "teleport",
      "x": 2877.02099609375,
      "y": -292.10693359375
    },
    {
      "action": "combat_script",
      "action_params": "keypress(f),w(0.2),keypress(f);万叶 attack(0.08),keydown(E),wait(0.51),keyup(E),attack(0.2),wait(0.5);琴 attack(0.08),keydown(E),wait(0.4),moveby(1000,0),wait(0.2),moveby(1000,0),wait(0.2),moveby(1000,0),wait(0.2),moveby(1000,-3500),wait(1.8),keyup(E),wait(0.3),click(middle);",
      "id": 9,
      "move_mode": "run",
      "type": "target",
      "x": 2864.701171875,
      "y": -302.3623046875
    },
    {
      "action": "",
      "id": 10,
      "move_mode": "walk",
      "type": "path",
      "x": 2862.1875,
      "y": -299.15567453993754
    },
    {
      "action": "",
      "id": 11,
      "move_mode": "run",
      "type": "path",
      "x": 2838.09375,
      "y": -291.7492474753026
    },
    {
      "action": "",
      "action_params": "",
      "id": 12,
      "move_mode": "run",
      "type": "path",
      "x": 2812.4677734375,
      "y": -297.35205078125
    },
    {
      "action": "",
      "action_params": "",
      "id": 13,
      "move_mode": "dash",
      "type": "target",
      "x": 2787.5107421875,
      "y": -283.02734375
    },
    {
      "action": "combat_script",
      "action_params": "w(0.2),dash,wait(0.2);万叶 attack(0.08),keydown(E),wait(0.51),keyup(E),attack(0.2),wait(0.5);琴 attack(0.08),keydown(E),wait(0.4),moveby(1000,0),wait(0.2),moveby(1000,0),wait(0.2),moveby(1000,0),wait(0.2),moveby(1000,-3500),wait(1.8),keyup(E),wait(0.3),click(middle);",
      "id": 14,
      "move_mode": "walk",
      "type": "orientation",
      "x": 2786.78125,
      "y": -284.080078125
    },
    {
      "action": "",
      "id": 15,
      "move_mode": "walk",
      "type": "teleport",
      "x": 2877.02099609375,
      "y": -292.10693359375
    },
    {
      "action": "",
      "action_params": "",
      "id": 16,
      "move_mode": "run",
      "type": "path",
      "x": 2888.5623854475944,
      "y": -286.49933304960723
    },
    {
      "action": "combat_script",
      "action_params": "w(0.5),dash,w(0.5)",
      "id": 17,
      "move_mode": "run",
      "type": "orientation",
      "x": 2902.6484375,
      "y": -281.61865234375
    },
    {
      "action": "",
      "action_params": "",
      "id": 18,
      "move_mode": "run",
      "type": "path",
      "x": 2902.6484375,
      "y": -281.61865234375
    },
    {
      "action": "",
      "action_params": "",
      "id": 19,
      "move_mode": "run",
      "type": "path",
      "x": 2954.908203125,
      "y": -271.97705078125
    },
    {
      "action": "combat_script",
      "action_params": "keypress(t),wait(0.2),keypress(t)",
      "id": 20,
      "move_mode": "walk",
      "type": "orientation",
      "x": 2988.5546875,
      "y": -275.0009765625
    },
    {
      "action": "",
      "action_params": "",
      "id": 21,
      "move_mode": "dash",
      "type": "path",
      "x": 3009.25017380365,
      "y": -242.87583368799005
    },
    {
      "action": "combat_script",
      "action_params": "keypress(f),wait(0.2),keypress(f),wait(0.2),keypress(f),wait(0.2),keypress(f),d(0.15);万叶 attack(0.08),keydown(E),wait(0.51),keyup(E),attack(0.2),wait(0.5);琴 attack(0.08),keydown(E),wait(0.4),moveby(1000,0),wait(0.2),moveby(1000,0),wait(0.2),moveby(1000,0),wait(0.2),moveby(1000,-3500),wait(1.8),keyup(E),wait(0.3),click(middle);",
      "id": 22,
      "move_mode": "climb",
      "type": "target",
      "x": 3012.4140625,
      "y": -245.23046875
    }
  ]
}