﻿{
  "info": {
    "authors": [
      {
        "links": "",
        "name": "汐"
      }
    ],
    "bgi_version": "0.45.0",
    "description": "",
    "enable_monster_loot_split": false,
    "last_modified_time": 1758607453597,
    "map_match_method": "",
    "map_name": "Teyvat",
    "name": "406须弥-卡萨扎莱宫南2",
    "tags": [],
    "type": "collect",
    "version": ""
  },
  "positions": [
    {
      "action": "",
      "id": 1,
      "move_mode": "walk",
      "type": "teleport",
      "x": 2531.99609375,
      "y": -144.71728515625
    },
    {
      "action": "",
      "id": 2,
      "move_mode": "run",
      "type": "path",
      "x": 2587.1318359375,
      "y": -124.6181640625
    },
    {
      "action": "",
      "id": 3,
      "move_mode": "walk",
      "type": "path",
      "x": 2594.72607421875,
      "y": -119.916015625
    },
    {
      "action": "combat_script",
      "action_params": "keypress(f),w(0.3),keypress(f),w(0.3),keypress(f)",
      "id": 4,
      "move_mode": "climb",
      "type": "target",
      "x": 2595.1875,
      "y": -119.6875
    },
    {
      "action": "combat_script",
      "action_params": "keypress(f);万叶 attack(0.08),keydown(E),wait(0.51),keyup(E),attack(0.2),wait(0.5);琴 attack(0.08),keydown(E),wait(0.4),moveby(1000,0),wait(0.2),moveby(1000,0),wait(0.2),moveby(1000,0),wait(0.2),moveby(1000,-3500),wait(1.8),keyup(E),wait(0.3),click(middle);芙宁娜 e;",
      "id": 5,
      "move_mode": "walk",
      "type": "target",
      "x": 2596.5,
      "y": -116.90605080228579
    },
    {
      "action": "",
      "action_params": "",
      "id": 6,
      "move_mode": "walk",
      "type": "path",
      "x": 2597.375003950083,
      "y": -120.93643894255729
    },
    {
      "action": "",
      "id": 7,
      "move_mode": "dash",
      "type": "path",
      "x": 2643.7502528053083,
      "y": -137.49949978720542
    },
    {
      "action": "combat_script",
      "action_params": "w(0.3),keypress(f);万叶 attack(0.08),keydown(E),wait(0.7),keyup(E),attack(0.2),wait(0.5);琴 attack(0.08),keydown(E),wait(0.4),moveby(1000,0),wait(0.2),moveby(1000,0),wait(0.2),moveby(1000,0),wait(0.2),moveby(1000,-3500),wait(1.8),keyup(E),wait(0.3),click(middle);",
      "id": 8,
      "move_mode": "dash",
      "type": "target",
      "x": 2652.8359375,
      "y": -146.64208984375
    },
    {
      "action": "",
      "action_params": "",
      "id": 9,
      "move_mode": "walk",
      "type": "path",
      "x": 2655.576171875,
      "y": -147.93994140625
    },
    {
      "action": "",
      "action_params": "",
      "id": 10,
      "move_mode": "walk",
      "type": "path",
      "x": 2649.9794921875,
      "y": -146.8349609375
    }
  ]
}