﻿{
  "info": {
    "authors": [
      {
        "links": "",
        "name": "汐"
      }
    ],
    "bgi_version": "0.45.0",
    "description": "",
    "enable_monster_loot_split": false,
    "last_modified_time": 1758607992878,
    "map_match_method": "",
    "map_name": "Teyvat",
    "name": "505枫丹-科学院左沙滩2",
    "tags": [],
    "type": "collect",
    "version": "1.0"
  },
  "positions": [
    {
      "action": "",
      "id": 1,
      "move_mode": "walk",
      "type": "teleport",
      "x": 4498.15283203125,
      "y": 4710.76953125
    },
    {
      "action": "",
      "action_params": "",
      "id": 2,
      "move_mode": "run",
      "type": "path",
      "x": 4457.119140625,
      "y": 4627.5830078125
    },
    {
      "action": "",
      "id": 3,
      "move_mode": "dash",
      "type": "path",
      "x": 4444.562402381372,
      "y": 4576.2502245108335
    },
    {
      "action": "combat_script",
      "action_params": "keypress(f),a(0.4);万叶 attack(0.08),keydown(E),wait(0.51),keyup(E),attack(0.2),wait(0.5);琴 attack(0.08),keydown(E),wait(0.4),moveby(1000,0),wait(0.2),moveby(1000,0),wait(0.2),moveby(1000,0),wait(0.2),moveby(1000,-3500),wait(1.8),keyup(E),wait(0.3),click(middle);",
      "id": 4,
      "move_mode": "climb",
      "type": "target",
      "x": 4444.21533203125,
      "y": 4573.728515625
    },
    {
      "action": "",
      "action_params": "",
      "id": 5,
      "move_mode": "dash",
      "type": "path",
      "x": 4434.15380859375,
      "y": 4575.814453125
    },
    {
      "action": "",
      "action_params": "",
      "id": 6,
      "move_mode": "fly",
      "type": "path",
      "x": 4426,
      "y": 4579.187588532317
    },
    {
      "action": "",
      "action_params": "",
      "id": 7,
      "move_mode": "fly",
      "type": "path",
      "x": 4426.4375,
      "y": 4584.437168003809
    },
    {
      "action": "combat_script",
      "action_params": "keypress(x),keypress(f),wait(0.2),keypress(x),keypress(f);万叶 attack(0.08),keydown(E),wait(0.51),keyup(E),attack(0.2),wait(0.5);琴 attack(0.08),keydown(E),wait(0.4),moveby(1000,0),wait(0.2),moveby(1000,0),wait(0.2),moveby(1000,0),wait(0.2),moveby(1000,-3500),wait(1.8),keyup(E),wait(0.3),click(middle);",
      "id": 8,
      "move_mode": "dash",
      "type": "target",
      "x": 4429.09375,
      "y": 4582.999922534222
    }
  ]
}