﻿{
  "info": {
    "authors": [
      {
        "links": "",
        "name": "汐"
      }
    ],
    "bgi_version": "0.45.0",
    "description": "",
    "enable_monster_loot_split": false,
    "last_modified_time": 1760028465679,
    "map_match_method": "",
    "map_name": "Teyvat",
    "name": "620纳塔-悠悠集市南9",
    "tags": [],
    "type": "collect",
    "version": "1.0"
  },
  "positions": [
    {
      "action": "force_tp",
      "action_params": "",
      "id": 1,
      "move_mode": "walk",
      "type": "teleport",
      "x": 13914.6923828125,
      "y": 323.134765625
    },
    {
      "action": "combat_script",
      "action_params": "keypress(f),wait(0.2),keypress(f)",
      "id": 2,
      "move_mode": "dash",
      "type": "path",
      "x": 13830.224609375,
      "y": 306.21142578125
    },
    {
      "action": "",
      "action_params": "",
      "id": 3,
      "move_mode": "dash",
      "type": "target",
      "x": 13804.71875,
      "y": 289.7498782680632
    },
    {
      "action": "",
      "action_params": "",
      "id": 4,
      "move_mode": "dash",
      "type": "path",
      "x": 13816.802734375,
      "y": 294.0283203125
    },
    {
      "action": "combat_script",
      "action_params": "keypress(t),wait(0.2),keypress(t),wait(0.4),",
      "id": 5,
      "move_mode": "dash",
      "type": "orientation",
      "x": 13827.6875,
      "y": 299.5644587775214
    },
    {
      "action": "combat_script",
      "action_params": "keydown(w),wait(0.5),moveby(0,-1300),keypress(e),wait(1.7),keypress(e),wait(1.83),keypress(e),wait(0.3),keypress(e),wait(0.5),keyup(w)",
      "id": 6,
      "move_mode": "dash",
      "type": "orientation",
      "x": 13835.780821416001,
      "y": 219.12534863315977
    },
    {
      "action": "combat_script",
      "action_params": "wait(0.3),keydown(Q),keypress(f),wait(0.8),keypress(f),keyup(Q),wait(0.1),j,keypress(f),wait(0.2),keypress(f),wait(0.2),keypress(f)",
      "id": 7,
      "move_mode": "climb",
      "type": "target",
      "x": 13829,
      "y": 219.24582791454486
    },
    {
      "action": "stop_flying",
      "action_params": "",
      "id": 8,
      "move_mode": "fly",
      "type": "path",
      "x": 13825.218710499172,
      "y": 228.40610599934735
    },
    {
      "action": "",
      "action_params": "",
      "id": 9,
      "move_mode": "climb",
      "type": "target",
      "x": 13824.90625,
      "y": 229.0625
    },
    {
      "action": "combat_script",
      "action_params": "w(0.1);万叶 attack(0.08),keydown(E),wait(0.48),keyup(E),attack(0.2);琴 attack(0.08),keydown(E),wait(0.4),moveby(1000,0),wait(0.2),moveby(1000,0),wait(0.2),moveby(1000,0),wait(0.2),moveby(1000,-3500),wait(1.8),keyup(E),wait(0.3),click(middle);",
      "id": 10,
      "locked": false,
      "move_mode": "climb",
      "type": "orientation",
      "x": 13823.724609375,
      "y": 225.51123046875
    },
    {
      "action": "",
      "action_params": "",
      "id": 11,
      "move_mode": "climb",
      "type": "path",
      "x": 13823.724609375,
      "y": 225.51123046875
    },
    {
      "action": "combat_script",
      "action_params": "keydown(w),wait(0.1),dash,wait(0.3),attack(0.22),j,wait(0.35),keyup(w),wait(0.25),j",
      "id": 12,
      "move_mode": "walk",
      "type": "orientation",
      "x": 13822.25,
      "y": 225.74994466730186
    },
    {
      "action": "combat_script",
      "action_params": "keypress(f),s(0.1);万叶 attack(0.08),keydown(E),wait(0.7),keyup(E),attack(0.2);琴 attack(0.08),keydown(E),wait(0.4),moveby(1000,0),wait(0.2),moveby(1000,0),wait(0.2),moveby(1000,0),wait(0.2),moveby(1000,-3500),wait(1.8),keyup(E),wait(0.3),click(middle);",
      "id": 13,
      "move_mode": "climb",
      "type": "target",
      "x": 13821.5537109375,
      "y": 225.93603515625
    },
    {
      "action": "",
      "action_params": "",
      "id": 14,
      "move_mode": "dash",
      "type": "path",
      "x": 13833.2890625,
      "y": 231.04736328125
    },
    {
      "action": "",
      "action_params": "",
      "id": 15,
      "move_mode": "dash",
      "type": "path",
      "x": 13859.625,
      "y": 219.7455733841325
    },
    {
      "action": "",
      "action_params": "",
      "id": 16,
      "move_mode": "jump",
      "type": "path",
      "x": 13866.15625,
      "y": 214.12552012736433
    },
    {
      "action": "combat_script",
      "action_params": "keypress(f);万叶 attack(0.08),keydown(E),wait(0.7),keyup(E),attack(0.2);琴 attack(0.08),keydown(E),wait(0.4),moveby(1000,0),wait(0.2),moveby(1000,0),wait(0.2),moveby(1000,0),wait(0.2),moveby(1000,-3500),wait(1.8),keyup(E),wait(0.3),click(middle);",
      "id": 17,
      "move_mode": "climb",
      "type": "target",
      "x": 13866.2470703125,
      "y": 216.49560546875
    },
    {
      "action": "",
      "action_params": "",
      "id": 18,
      "move_mode": "jump",
      "type": "path",
      "x": 13863.0224609375,
      "y": 223.3603515625
    },
    {
      "action": "",
      "action_params": "",
      "id": 19,
      "move_mode": "dash",
      "type": "path",
      "x": 13875.34375,
      "y": 237.6557741387942
    },
    {
      "action": "",
      "action_params": "",
      "id": 20,
      "move_mode": "dash",
      "type": "path",
      "x": 13886.279296875,
      "y": 251.5009765625
    },
    {
      "action": "combat_script",
      "action_params": "keypress(f),wait(0.2),keypress(f),wait(0.2),keypress(f),wait(0.2),keypress(f),wait(0.2),keypress(f),d(0.2);万叶 attack(0.08),keydown(E),wait(0.7),keyup(E),attack(0.2);琴 attack(0.08),keydown(E),wait(0.4),moveby(1000,0),wait(0.2),moveby(1000,0),wait(0.2),moveby(1000,0),wait(0.2),moveby(1000,-3500),wait(1.8),keyup(E),wait(0.3),click(middle);",
      "id": 21,
      "move_mode": "climb",
      "type": "target",
      "x": 13891.3388671875,
      "y": 248.4775390625
    },
    {
      "action": "combat_script",
      "action_params": "moveby(0,4000),wait(0.2),keypress(t),wait(0.2),keypress(t),wait(0.2),keypress(t)",
      "id": 22,
      "move_mode": "climb",
      "type": "path",
      "x": 13881.4833984375,
      "y": 252.0751953125
    },
    {
      "action": "combat_script",
      "action_params": "keydown(VK_SPACE),wait(1),keyup(VK_SPACE),wait(0.2),keypress(e),wait(0.7),keypress(e),wait(1.7),keypress(e),wait(1.1),moveby(0,-1800),",
      "id": 23,
      "move_mode": "walk",
      "type": "orientation",
      "x": 13878.6337890625,
      "y": 243.90576171875
    },
    {
      "action": "",
      "action_params": "",
      "id": 24,
      "move_mode": "dash",
      "type": "path",
      "x": 13848.4462890625,
      "y": 179.9833984375
    },
    {
      "action": "combat_script",
      "action_params": "keypress(e),wait(0.2),keypress(e),wait(1.1),keypress(e),wait(0.2),keypress(e)",
      "id": 25,
      "move_mode": "walk",
      "type": "orientation",
      "x": 13821.5419921875,
      "y": 126.47265625
    },
    {
      "action": "combat_script",
      "action_params": "keydown(w),wait(0.4),keypress(e),wait(1.1),keypress(e),wait(0.5),keyup(w)",
      "id": 26,
      "move_mode": "dash",
      "type": "orientation",
      "x": 13783.15625,
      "y": 105.71695722057393
    },
    {
      "action": "",
      "action_params": "",
      "id": 27,
      "move_mode": "dash",
      "type": "path",
      "x": 13783.1875,
      "y": 105.77947935365319
    },
    {
      "action": "combat_script",
      "action_params": "click(middle),keydown(Q),keypress(f),wait(0.8),keypress(f),keyup(Q),wait(0.1),j,keypress(f),s(0.2),attack(0.08);万叶 attack(0.08),keydown(E),wait(0.48),keyup(E),attack(0.2);琴 attack(0.08),keydown(E),wait(0.4),moveby(1000,0),wait(0.2),moveby(1000,0),wait(0.2),moveby(1000,0),wait(0.2),moveby(1000,-3500),wait(1.8),keyup(E),wait(0.3),click(middle);",
      "id": 28,
      "move_mode": "climb",
      "type": "target",
      "x": 13778.0009765625,
      "y": 102.361328125
    },
    {
      "action": "",
      "action_params": "",
      "id": 29,
      "move_mode": "dash",
      "type": "target",
      "x": 13783.759765625,
      "y": 94.4052734375
    },
    {
      "action": "combat_script",
      "action_params": "keypress(f);万叶 attack(0.08),keydown(E),wait(0.8),keyup(E),attack(0.2);琴 attack(0.08),keydown(E),wait(0.4),moveby(1000,0),wait(0.2),moveby(1000,0),wait(0.2),moveby(1000,0),wait(0.2),moveby(1000,-3500),wait(1.8),keyup(E),wait(0.3),click(middle);",
      "id": 30,
      "move_mode": "climb",
      "type": "target",
      "x": 13781.828125,
      "y": 92.900390625
    },
    {
      "action": "stop_flying",
      "action_params": "1500",
      "id": 31,
      "move_mode": "fly",
      "type": "path",
      "x": 13814.431640625,
      "y": 66.58984375
    },
    {
      "action": "combat_script",
      "action_params": "keypress(f);万叶 attack(0.08),keydown(E),wait(0.7),keyup(E),attack(0.2);琴 attack(0.08),keydown(E),wait(0.4),moveby(1000,0),wait(0.2),moveby(1000,0),wait(0.2),moveby(1000,0),wait(0.2),moveby(1000,-3500),wait(1.8),keyup(E),wait(0.3),click(middle);",
      "id": 32,
      "move_mode": "dash",
      "type": "target",
      "x": 13822.240234375,
      "y": 71.39501953125
    }
  ]
}