﻿{
  "info": {
    "authors": [
      {
        "links": "",
        "name": "汐"
      }
    ],
    "bgi_version": "0.45.0",
    "description": "",
    "enable_monster_loot_split": false,
    "last_modified_time": 1760029744060,
    "map_match_method": "",
    "map_name": "Teyvat",
    "name": "625纳塔-悠悠集市南4",
    "tags": [],
    "type": "collect",
    "version": "1.0"
  },
  "positions": [
    {
      "action": "",
      "action_params": "",
      "id": 1,
      "move_mode": "walk",
      "type": "teleport",
      "x": 13914.5927734375,
      "y": 323.52294921875
    },
    {
      "action": "",
      "action_params": "",
      "id": 2,
      "move_mode": "run",
      "type": "path",
      "x": 13895.7451171875,
      "y": 359.9638671875
    },
    {
      "action": "combat_script",
      "action_params": "w(0.3),dash,w(0.5),wait(0.5)",
      "id": 3,
      "move_mode": "walk",
      "type": "orientation",
      "x": 13887.9853515625,
      "y": 374.078125
    },
    {
      "action": "",
      "action_params": "",
      "id": 4,
      "move_mode": "walk",
      "type": "path",
      "x": 13887.9853515625,
      "y": 374.078125
    },
    {
      "action": "",
      "action_params": "",
      "id": 5,
      "move_mode": "fly",
      "type": "path",
      "x": 13881.6337890625,
      "y": 380.84619140625
    },
    {
      "action": "",
      "action_params": "",
      "id": 6,
      "move_mode": "climb",
      "type": "path",
      "x": 13883.46484375,
      "y": 384.09765625
    },
    {
      "action": "",
      "action_params": "",
      "id": 7,
      "move_mode": "climb",
      "type": "target",
      "x": 13882.7099609375,
      "y": 387.443359375
    },
    {
      "action": "",
      "action_params": "",
      "id": 8,
      "move_mode": "climb",
      "type": "target",
      "x": 13882.583984375,
      "y": 388.18310546875
    },
    {
      "action": "combat_script",
      "action_params": "keypress(f),w(0.5),keypress(f),j,wait(1.1),keydown(w),keydown(d),wait(0.25),j,wait(0.6),keyup(w),keyup(d),attack(0.2)",
      "id": 9,
      "locked": false,
      "move_mode": "climb",
      "type": "orientation",
      "x": 13882.1494140625,
      "y": 391.84814453125
    },
    {
      "action": "combat_script",
      "action_params": "keypress(f);万叶 attack(0.08),keydown(E),wait(0.48),keyup(E),attack(0.2),wait(1);琴 attack(0.08),keydown(E),wait(0.4),moveby(1000,0),wait(0.2),moveby(1000,0),wait(0.2),moveby(1000,0),wait(0.2),moveby(1000,-3500),wait(1.8),keyup(E),wait(0.3),click(middle);",
      "id": 10,
      "move_mode": "climb",
      "type": "path",
      "x": 13882.1494140625,
      "y": 391.84814453125
    },
    {
      "action": "",
      "action_params": "",
      "id": 11,
      "move_mode": "dash",
      "type": "path",
      "x": 13865.1650390625,
      "y": 409.9541015625
    },
    {
      "action": "combat_script",
      "action_params": "keypress(f);万叶 attack(0.08),keydown(E),wait(0.7),keyup(E),attack(0.2);琴 attack(0.08),keydown(E),wait(0.4),moveby(1000,0),wait(0.2),moveby(1000,0),wait(0.2),moveby(1000,0),wait(0.2),moveby(1000,-3500),wait(1.8),keyup(E),wait(0.3),click(middle);",
      "id": 12,
      "move_mode": "climb",
      "type": "target",
      "x": 13863.3876953125,
      "y": 412.00244140625
    },
    {
      "action": "",
      "action_params": "",
      "id": 13,
      "move_mode": "jump",
      "type": "path",
      "x": 13865.708984375,
      "y": 402.630859375
    },
    {
      "action": "",
      "action_params": "",
      "id": 14,
      "move_mode": "dash",
      "type": "path",
      "x": 13888.1142578125,
      "y": 396.62060546875
    },
    {
      "action": "",
      "action_params": "",
      "id": 15,
      "move_mode": "jump",
      "type": "path",
      "x": 13894.4765625,
      "y": 393.87744140625
    },
    {
      "action": "combat_script",
      "action_params": "keypress(f);万叶 attack(0.08),keydown(E),wait(0.48),keyup(E),attack(0.2);琴 attack(0.08),keydown(E),wait(0.4),moveby(1000,0),wait(0.2),moveby(1000,0),wait(0.2),moveby(1000,0),wait(0.2),moveby(1000,-3500),wait(1.8),keyup(E),wait(0.3),click(middle);",
      "id": 16,
      "move_mode": "dash",
      "type": "target",
      "x": 13898.8271484375,
      "y": 392.51904296875
    },
    {
      "action": "",
      "action_params": "",
      "id": 17,
      "move_mode": "walk",
      "type": "path",
      "x": 13901.625035550747,
      "y": 392.5624696840732
    },
    {
      "action": "",
      "action_params": "",
      "id": 18,
      "move_mode": "run",
      "type": "path",
      "x": 13907.732421875,
      "y": 382.28466796875
    },
    {
      "action": "combat_script",
      "action_params": "keypress(f),s(0.2);万叶 attack(0.08),keydown(E),wait(0.7),keyup(E),attack(0.2);琴 attack(0.08),keydown(E),wait(0.4),moveby(1000,0),wait(0.2),moveby(1000,0),wait(0.2),moveby(1000,0),wait(0.2),moveby(1000,-3500),wait(1.8),keyup(E),wait(0.3),click(middle);",
      "id": 19,
      "move_mode": "climb",
      "type": "target",
      "x": 13910.318359375,
      "y": 385.5830078125
    }
  ]
}