﻿{
  "info": {
    "authors": [
      {
        "links": "",
        "name": "汐"
      }
    ],
    "bgi_version": "0.45.0",
    "description": "",
    "enable_monster_loot_split": false,
    "last_modified_time": 1758787829441,
    "map_match_method": "",
    "map_name": "Teyvat",
    "name": "628纳塔-悠悠集市西岸2",
    "tags": [],
    "type": "collect",
    "version": "1.0"
  },
  "positions": [
    {
      "action": "",
      "action_params": "",
      "id": 1,
      "move_mode": "walk",
      "type": "teleport",
      "x": 14151.890625,
      "y": 424.2080078125
    },
    {
      "action": "combat_script",
      "action_params": "wait(0.3)",
      "id": 2,
      "move_mode": "climb",
      "type": "orientation",
      "x": 14150.4580078125,
      "y": 415.72509765625
    },
    {
      "action": "",
      "action_params": "",
      "id": 3,
      "move_mode": "climb",
      "type": "path",
      "x": 14150.4580078125,
      "y": 415.72509765625
    },
    {
      "action": "combat_script",
      "action_params": "keypress(t),wait(0.2),keypress(t),wait(0.4)",
      "id": 4,
      "move_mode": "walk",
      "type": "orientation",
      "x": 14156.3115234375,
      "y": 415.49609375
    },
    {
      "action": "combat_script",
      "action_params": "keydown(w),wait(0.3),keypress(e),wait(1.7),moveby(0,-2100),keypress(e),wait(1),keyup(w),",
      "id": 5,
      "move_mode": "run",
      "type": "orientation",
      "x": 14175.083984375,
      "y": 348.166015625
    },
    {
      "action": "",
      "action_params": "",
      "id": 6,
      "move_mode": "dash",
      "type": "path",
      "x": 14175.083984375,
      "y": 348.166015625
    },
    {
      "action": "combat_script",
      "action_params": "keypress(e),wait(0.2),keypress(e),wait(0.6),click(middle)",
      "id": 7,
      "move_mode": "walk",
      "type": "orientation",
      "x": 14180.2421875,
      "y": 317.1640625
    },
    {
      "action": "",
      "action_params": "",
      "id": 8,
      "move_mode": "walk",
      "type": "orientation",
      "x": 14175.482421875,
      "y": 313.48876953125
    },
    {
      "action": "combat_script",
      "action_params": "keypress(f),keydown(Q),keypress(f),wait(0.8),keypress(f),keyup(Q),wait(0.1),j,",
      "id": 9,
      "move_mode": "climb",
      "type": "path",
      "x": 14175.482421875,
      "y": 313.48876953125
    },
    {
      "action": "combat_script",
      "action_params": "keypress(f),s(0.1);万叶 attack(0.08),keydown(E),wait(0.48),keyup(E),attack(0.2);琴 attack(0.08),keydown(E),wait(0.4),moveby(1000,0),wait(0.2),moveby(1000,0),wait(0.2),moveby(1000,0),wait(0.2),moveby(1000,-3500),wait(1.8),keyup(E),wait(0.3),click(middle);",
      "id": 10,
      "move_mode": "climb",
      "type": "target",
      "x": 14170.1015625,
      "y": 312.95703125
    },
    {
      "action": "",
      "action_params": "",
      "id": 11,
      "move_mode": "climb",
      "type": "path",
      "x": 14172.1201171875,
      "y": 314.79638671875
    },
    {
      "action": "",
      "action_params": "",
      "id": 12,
      "move_mode": "climb",
      "type": "target",
      "x": 14177.48046875,
      "y": 314.33740234375
    },
    {
      "action": "combat_script",
      "action_params": "attack(0.3),wait(0.8);万叶 attack(0.08),keydown(E),wait(0.7),keyup(E),attack(0.2);琴 attack(0.08),keydown(E),wait(0.4),moveby(1000,0),wait(0.2),moveby(1000,0),wait(0.2),moveby(1000,0),wait(0.2),moveby(1000,-3500),wait(1.8),keyup(E),wait(0.3),click(middle);",
      "id": 13,
      "move_mode": "dash",
      "type": "path",
      "x": 14181.8359375,
      "y": 313.7197265625
    },
    {
      "action": "set_time",
      "action_params": "06:00",
      "id": 14,
      "move_mode": "dash",
      "type": "orientation",
      "x": 14181.8359375,
      "y": 313.7197265625
    }
  ]
}