﻿{
  "info": {
    "authors": [
      {
        "links": "",
        "name": "汐"
      }
    ],
    "bgi_version": "0.45.0",
    "description": "",
    "enable_monster_loot_split": false,
    "last_modified_time": 1758609137639,
    "map_match_method": "",
    "map_name": "Teyvat",
    "name": "631纳塔-悠悠集市西北5",
    "tags": [],
    "type": "collect",
    "version": "1.0"
  },
  "positions": [
    {
      "action": "force_tp",
      "action_params": "",
      "id": 1,
      "move_mode": "walk",
      "type": "teleport",
      "x": 14166.5849609375,
      "y": 628.50048828125
    },
    {
      "action": "",
      "action_params": "",
      "id": 2,
      "move_mode": "dash",
      "type": "path",
      "x": 14168.552734375,
      "y": 641.0205078125
    },
    {
      "action": "combat_script",
      "action_params": "keypress(f),wait(0.2),keypress(f);万叶 attack(0.08),keydown(E),wait(0.7),keyup(E),attack(0.2);琴 attack(0.08),keydown(E),wait(0.4),moveby(1000,0),wait(0.2),moveby(1000,0),wait(0.2),moveby(1000,0),wait(0.2),moveby(1000,-3500),wait(1.8),keyup(E),wait(0.3),click(middle);",
      "id": 3,
      "move_mode": "climb",
      "type": "target",
      "x": 14170.41796875,
      "y": 640.36083984375
    },
    {
      "action": "combat_script",
      "action_params": "keypress(t),wait(0.2),keypress(t),wait(0.4)",
      "id": 4,
      "move_mode": "dash",
      "type": "path",
      "x": 14165.124885447594,
      "y": 637.5627576853785
    },
    {
      "action": "combat_script",
      "action_params": "moveby(0,-2500),keydown(VK_SPACE),wait(1),keyup(VK_SPACE),wait(0.2),keypress(e),wait(0.2),keypress(e),keypress(f),wait(0.2),keypress(f)",
      "id": 5,
      "move_mode": "walk",
      "type": "orientation",
      "x": 14143.6845703125,
      "y": 635.10595703125
    },
    {
      "action": "combat_script",
      "action_params": "w(0.3),keypress(e),wait(0.7),click(middle)",
      "id": 6,
      "move_mode": "walk",
      "type": "orientation",
      "x": 14182.5029296875,
      "y": 605.7568359375
    },
    {
      "action": "combat_script",
      "action_params": "keydown(Q),keypress(f),wait(0.8),keypress(f),keyup(Q),wait(0.1),j,keypress(f)",
      "id": 7,
      "move_mode": "dash",
      "type": "path",
      "x": 14182.5029296875,
      "y": 605.7568359375
    },
    {
      "action": "combat_script",
      "action_params": "keypress(f),s(0.2);万叶 attack(0.08),keydown(E),wait(0.7),keyup(E),attack(0.2);琴 attack(0.08),keydown(E),wait(0.4),moveby(1000,0),wait(0.2),moveby(1000,0),wait(0.2),moveby(1000,0),wait(0.2),moveby(1000,-3500),wait(1.8),keyup(E),wait(0.3),click(middle);",
      "id": 8,
      "move_mode": "dash",
      "type": "target",
      "x": 14184.037109375,
      "y": 604.5595703125
    },
    {
      "action": "",
      "action_params": "",
      "id": 9,
      "move_mode": "dash",
      "type": "path",
      "x": 14189.70703125,
      "y": 574.076171875
    },
    {
      "action": "",
      "action_params": "",
      "id": 10,
      "move_mode": "dash",
      "type": "path",
      "x": 14206.6943359375,
      "y": 550.5009765625
    },
    {
      "action": "combat_script",
      "action_params": "keypress(f),s(0.1);万叶 attack(0.08),keydown(E),wait(0.7),keyup(E),attack(0.2);琴 attack(0.08),keydown(E),wait(0.4),moveby(1000,0),wait(0.2),moveby(1000,0),wait(0.2),moveby(1000,0),wait(0.2),moveby(1000,-3500),wait(1.8),keyup(E),wait(0.3),click(middle);",
      "id": 11,
      "move_mode": "dash",
      "type": "target",
      "x": 14208.7255859375,
      "y": 539.75
    },
    {
      "action": "force_tp",
      "action_params": "",
      "id": 12,
      "move_mode": "walk",
      "type": "teleport",
      "x": 14166.5849609375,
      "y": 628.50048828125
    },
    {
      "action": "",
      "action_params": "",
      "id": 13,
      "move_mode": "dash",
      "type": "path",
      "x": 14235.29296875,
      "y": 634.63671875
    },
    {
      "action": "combat_script",
      "action_params": "keypress(f);万叶 attack(0.08),keydown(E),wait(0.7),keyup(E),attack(0.2);琴 attack(0.08),keydown(E),wait(0.4),moveby(1000,0),wait(0.2),moveby(1000,0),wait(0.2),moveby(1000,0),wait(0.2),moveby(1000,-3500),wait(1.8),keyup(E),wait(0.3),click(middle);",
      "id": 14,
      "move_mode": "dash",
      "type": "target",
      "x": 14244.630859375,
      "y": 641.46923828125
    }
  ]
}