﻿{
  "info": {
    "authors": [
      {
        "links": "",
        "name": "汐"
      }
    ],
    "bgi_version": "0.45.0",
    "description": "",
    "enable_monster_loot_split": false,
    "last_modified_time": 1758609412330,
    "map_match_method": "",
    "map_name": "Teyvat",
    "name": "635纳塔-呼呼丘3",
    "tags": [],
    "type": "collect",
    "version": "1.0"
  },
  "positions": [
    {
      "action": "",
      "action_params": "",
      "id": 1,
      "move_mode": "walk",
      "type": "teleport",
      "x": 14115.37109375,
      "y": 764.6962890625
    },
    {
      "action": "",
      "action_params": "",
      "id": 2,
      "move_mode": "walk",
      "type": "path",
      "x": 14111.5869140625,
      "y": 771.314453125
    },
    {
      "action": "",
      "action_params": "",
      "id": 3,
      "move_mode": "dash",
      "type": "path",
      "x": 14085.6826171875,
      "y": 758.3203125
    },
    {
      "action": "",
      "action_params": "",
      "id": 4,
      "move_mode": "jump",
      "type": "path",
      "x": 14077.4892578125,
      "y": 754.5830078125
    },
    {
      "action": "combat_script",
      "action_params": "keypress(f),s(0.1);万叶 attack(0.08),keydown(E),wait(0.7),keyup(E),attack(0.2);琴 attack(0.08),keydown(E),wait(0.4),moveby(1000,0),wait(0.2),moveby(1000,0),wait(0.2),moveby(1000,0),wait(0.2),moveby(1000,-3500),wait(1.8),keyup(E),wait(0.3),click(middle);",
      "id": 5,
      "move_mode": "climb",
      "type": "target",
      "x": 14074.220703125,
      "y": 760.62353515625
    },
    {
      "action": "",
      "action_params": "",
      "id": 6,
      "move_mode": "walk",
      "type": "path",
      "x": 14074.7998046875,
      "y": 760.107421875
    },
    {
      "action": "",
      "action_params": "",
      "id": 7,
      "move_mode": "walk",
      "type": "teleport",
      "x": 14115.37109375,
      "y": 764.6962890625
    },
    {
      "action": "",
      "action_params": "",
      "id": 8,
      "move_mode": "dash",
      "type": "path",
      "x": 14113.3544921875,
      "y": 747.5927734375
    },
    {
      "action": "",
      "action_params": "",
      "id": 9,
      "move_mode": "dash",
      "type": "path",
      "x": 14105.40625197504,
      "y": 747.7495831560045
    },
    {
      "action": "combat_script",
      "action_params": "keypress(f);万叶 attack(0.08),keydown(E),wait(0.7),keyup(E),attack(0.2);琴 attack(0.08),keydown(E),wait(0.4),moveby(1000,0),wait(0.2),moveby(1000,0),wait(0.2),moveby(1000,0),wait(0.2),moveby(1000,-3500),wait(1.8),keyup(E),wait(0.3),click(middle);",
      "id": 10,
      "move_mode": "climb",
      "type": "target",
      "x": 14105.1806640625,
      "y": 748.380859375
    },
    {
      "action": "",
      "action_params": "",
      "id": 11,
      "move_mode": "dash",
      "type": "path",
      "x": 14078.406170998342,
      "y": 713.5306891553519
    },
    {
      "action": "",
      "action_params": "",
      "id": 12,
      "move_mode": "dash",
      "type": "path",
      "x": 14063.9580078125,
      "y": 709.916015625
    },
    {
      "action": "",
      "action_params": "",
      "id": 13,
      "move_mode": "climb",
      "type": "target",
      "x": 14063.4296875,
      "y": 709.73486328125
    }
  ]
}