﻿{
  "info": {
    "authors": [
      {
        "links": "",
        "name": "汐"
      }
    ],
    "bgi_version": "0.45.0",
    "description": "",
    "enable_monster_loot_split": false,
    "last_modified_time": 1760726080180,
    "map_match_method": "",
    "map_name": "Teyvat",
    "name": "638纳塔-浪浪湾8",
    "tags": [],
    "type": "collect",
    "version": "1.0"
  },
  "positions": [
    {
      "action": "force_tp",
      "action_params": "",
      "id": 1,
      "move_mode": "walk",
      "type": "teleport",
      "x": 14432.2265625,
      "y": 793.11572265625
    },
    {
      "action": "",
      "action_params": "",
      "id": 2,
      "move_mode": "dash",
      "type": "path",
      "x": 14431.9765625,
      "y": 798.27783203125
    },
    {
      "action": "",
      "action_params": "",
      "id": 3,
      "move_mode": "dash",
      "type": "path",
      "x": 14416.6923828125,
      "y": 803.376953125
    },
    {
      "action": "",
      "action_params": "",
      "id": 4,
      "move_mode": "dash",
      "type": "path",
      "x": 14402.029296875,
      "y": 800.56005859375
    },
    {
      "action": "",
      "action_params": "",
      "id": 5,
      "move_mode": "dash",
      "type": "path",
      "x": 14395.48046875,
      "y": 812.322265625
    },
    {
      "action": "combat_script",
      "action_params": "keypress(f);万叶 attack(0.08),keydown(E),wait(0.7),keyup(E),attack(0.2);琴 attack(0.08),keydown(E),wait(0.4),moveby(1000,0),wait(0.2),moveby(1000,0),wait(0.2),moveby(1000,0),wait(0.2),moveby(1000,-3500),wait(1.8),keyup(E),wait(0.3),click(middle);芙宁娜 e;",
      "id": 6,
      "move_mode": "climb",
      "type": "target",
      "x": 14394.96484375,
      "y": 807.56787109375
    },
    {
      "action": "force_tp",
      "action_params": "",
      "id": 7,
      "move_mode": "walk",
      "type": "teleport",
      "x": 14432.2265625,
      "y": 793.11572265625
    },
    {
      "action": "",
      "action_params": "",
      "id": 8,
      "move_mode": "fly",
      "type": "path",
      "x": 14475.0634765625,
      "y": 823.6826171875
    },
    {
      "action": "",
      "action_params": "",
      "id": 9,
      "move_mode": "dash",
      "type": "target",
      "x": 14500.5009765625,
      "y": 852.5205078125
    },
    {
      "action": "",
      "action_params": "",
      "id": 10,
      "move_mode": "climb",
      "type": "path",
      "x": 14501.9287109375,
      "y": 854.05224609375
    },
    {
      "action": "combat_script",
      "action_params": "keypress(f),a(0.1);万叶 attack(0.08),keydown(E),wait(0.48),keyup(E),attack(0.2),wait(1.5);琴 attack(0.08),keydown(E),wait(0.4),moveby(1000,0),wait(0.2),moveby(1000,0),wait(0.2),moveby(1000,0),wait(0.2),moveby(1000,-3500),wait(1.8),keyup(E),wait(0.3),click(middle);",
      "id": 11,
      "move_mode": "climb",
      "type": "target",
      "x": 14501.9287109375,
      "y": 854.05224609375
    },
    {
      "action": "combat_script",
      "action_params": "keypress(f);万叶 attack(0.08),keydown(E),wait(0.7),keyup(E),attack(0.2);琴 attack(0.08),keydown(E),wait(0.4),moveby(1000,0),wait(0.2),moveby(1000,0),wait(0.2),moveby(1000,0),wait(0.2),moveby(1000,-3500),wait(1.8),keyup(E),wait(0.3),click(middle);",
      "id": 12,
      "move_mode": "climb",
      "type": "target",
      "x": 14508.189453125,
      "y": 857.6298828125
    },
    {
      "action": "combat_script",
      "action_params": "w(0.3),keypress(t),w(0.2),keypress(t),w(0.2),keypress(t)",
      "id": 13,
      "move_mode": "walk",
      "type": "orientation",
      "x": 14508.416015625,
      "y": 849.396484375
    },
    {
      "action": "",
      "action_params": "",
      "id": 14,
      "move_mode": "dash",
      "type": "path",
      "x": 14524.7333984375,
      "y": 880.90576171875
    },
    {
      "action": "combat_script",
      "action_params": "wait(0.3),keydown(Q),keypress(f),wait(0.8),keypress(f),keyup(Q),wait(0.1),j,keypress(f),wait(0.2),keypress(f);万叶 attack(0.08),keydown(E),wait(0.7),keyup(E),attack(0.2);琴 attack(0.08),keydown(E),wait(0.4),moveby(1000,0),wait(0.2),moveby(1000,0),wait(0.2),moveby(1000,0),wait(0.2),moveby(1000,-3500),wait(1.8),keyup(E),wait(0.3),click(middle);wait(0.3),moveby(0,4000),wait(0.2),keypress(t),wait(0.2),keypress(t),wait(0.2),keypress(t),wait(0.8),click(middle)",
      "id": 15,
      "move_mode": "climb",
      "type": "target",
      "x": 14524.7333984375,
      "y": 880.90576171875
    },
    {
      "action": "combat_script",
      "action_params": "keydown(w),j,wait(0.3),keypress(e),wait(1.7),keypress(e),wait(0.5),keyup(w)",
      "id": 16,
      "move_mode": "walk",
      "type": "orientation",
      "x": 14538.24950228955,
      "y": 958.1283044360343
    },
    {
      "action": "",
      "action_params": "",
      "id": 17,
      "move_mode": "dash",
      "type": "path",
      "x": 14539.330078125,
      "y": 961.44482421875
    },
    {
      "action": "combat_script",
      "action_params": "keypress(x),wait(0.3),keydown(Q),keypress(f),wait(0.8),keypress(f),keyup(Q),wait(0.1),j,keypress(f);万叶 attack(0.08),keydown(E),wait(0.48),keyup(E),attack(0.2);琴 attack(0.08),keydown(E),wait(0.4),moveby(1000,0),wait(0.2),moveby(1000,0),wait(0.2),moveby(1000,0),wait(0.2),moveby(1000,-3500),wait(1.8),keyup(E),wait(0.3),click(middle);wait(2)",
      "id": 18,
      "move_mode": "climb",
      "type": "target",
      "x": 14539.330078125,
      "y": 961.44482421875
    },
    {
      "action": "",
      "action_params": "",
      "id": 19,
      "move_mode": "run",
      "type": "path",
      "x": 14529.16796875,
      "y": 970.17333984375
    },
    {
      "action": "combat_script",
      "action_params": "keypress(f),wait(0.2),keypress(f),d(0.2);万叶 attack(0.08),keydown(E),wait(0.48),keyup(E),attack(0.2);琴 attack(0.08),keydown(E),wait(0.4),moveby(1000,0),wait(0.2),moveby(1000,0),wait(0.2),moveby(1000,0),wait(0.2),moveby(1000,-3500),wait(1.8),keyup(E),wait(0.3),click(middle);",
      "id": 20,
      "move_mode": "dash",
      "type": "target",
      "x": 14531.6259765625,
      "y": 983.86767578125
    },
    {
      "action": "",
      "action_params": "",
      "id": 21,
      "move_mode": "dash",
      "type": "path",
      "x": 14548.9248046875,
      "y": 988.1572265625
    },
    {
      "action": "combat_script",
      "action_params": "keypress(f);万叶 attack(0.08),keydown(E),wait(0.8),keyup(E),attack(0.2);琴 attack(0.08),keydown(E),wait(0.4),moveby(1000,0),wait(0.2),moveby(1000,0),wait(0.2),moveby(1000,0),wait(0.2),moveby(1000,-3500),wait(1.8),keyup(E),wait(0.3),click(middle);",
      "id": 22,
      "move_mode": "climb",
      "type": "target",
      "x": 14548.599609375,
      "y": 986.6435546875
    }
  ]
}