﻿{
  "info": {
    "authors": [
      {
        "links": "",
        "name": "汐"
      }
    ],
    "bgi_version": "0.45.0",
    "description": "",
    "enable_monster_loot_split": false,
    "last_modified_time": 1759392252855,
    "map_match_method": "",
    "map_name": "Teyvat",
    "name": "702挪德卡莱-蓝珀湖2",
    "tags": [],
    "type": "collect",
    "version": "1.0"
  },
  "positions": [
    {
      "action": "",
      "action_params": "",
      "id": 1,
      "move_mode": "walk",
      "type": "teleport",
      "x": 9096.5595703125,
      "y": 2296.3349609375
    },
    {
      "action": "combat_script",
      "action_params": "wait(1);万叶 attack(0.08),keydown(E),wait(0.7),keyup(E),attack(0.2);琴 attack(0.08),keydown(E),wait(0.4),moveby(1000,0),wait(0.2),moveby(1000,0),wait(0.2),moveby(1000,0),wait(0.2),moveby(1000,-3500),wait(1.8),keyup(E),wait(0.3),click(middle);",
      "id": 2,
      "move_mode": "dash",
      "type": "target",
      "x": 9128.9306640625,
      "y": 2291.4267578125
    },
    {
      "action": "",
      "action_params": "",
      "id": 3,
      "move_mode": "jump",
      "type": "path",
      "x": 9135.328125,
      "y": 2300.90087890625
    },
    {
      "action": "",
      "action_params": "",
      "id": 4,
      "move_mode": "dash",
      "type": "path",
      "x": 9151.7451171875,
      "y": 2308.1416015625
    },
    {
      "action": "",
      "action_params": "",
      "id": 5,
      "move_mode": "dash",
      "type": "path",
      "x": 9181.0888671875,
      "y": 2290.4921875
    },
    {
      "action": "combat_script",
      "action_params": "keypress(f);万叶 attack(0.08),keydown(E),wait(0.7),keyup(E),attack(0.2);琴 attack(0.08),keydown(E),wait(0.4),moveby(1000,0),wait(0.2),moveby(1000,0),wait(0.2),moveby(1000,0),wait(0.2),moveby(1000,-3500),wait(1.8),keyup(E),wait(0.3),click(middle);",
      "id": 6,
      "move_mode": "climb",
      "type": "target",
      "x": 9184.90234375,
      "y": 2289.353271484375
    }
  ]
}