﻿{
  "info": {
    "authors": [
      {
        "links": "",
        "name": "汐"
      }
    ],
    "bgi_version": "0.45.0",
    "description": "",
    "enable_monster_loot_split": false,
    "last_modified_time": 1759519807879,
    "map_match_method": "",
    "map_name": "Teyvat",
    "name": "704挪德卡莱-月矩力设计局神像4",
    "tags": [],
    "type": "collect",
    "version": "1.0"
  },
  "positions": [
    {
      "action": "",
      "action_params": "",
      "id": 1,
      "move_mode": "walk",
      "type": "teleport",
      "x": 9552.8408203125,
      "y": 3091.95849609375
    },
    {
      "action": "combat_script",
      "action_params": "attack(0.3)",
      "id": 2,
      "move_mode": "dash",
      "type": "path",
      "x": 9573.5341796875,
      "y": 3100.27783203125
    },
    {
      "action": "",
      "action_params": "",
      "id": 3,
      "move_mode": "dash",
      "type": "path",
      "x": 9584.9931640625,
      "y": 3109.8525390625
    },
    {
      "action": "combat_script",
      "action_params": "keypress(f),wait(0.2),keypress(f),wait(0.2),keypress(f);万叶 attack(0.08),keydown(E),wait(0.7),keyup(E),attack(0.2);琴 attack(0.08),keydown(E),wait(0.4),moveby(1000,0),wait(0.2),moveby(1000,0),wait(0.2),moveby(1000,0),wait(0.2),moveby(1000,-3500),wait(1.8),keyup(E),wait(0.3),click(middle);",
      "id": 4,
      "move_mode": "climb",
      "type": "target",
      "x": 9590.173828125,
      "y": 3112.5771484375
    },
    {
      "action": "",
      "action_params": "",
      "id": 5,
      "move_mode": "walk",
      "type": "teleport",
      "x": 9552.8408203125,
      "y": 3091.95849609375
    },
    {
      "action": "combat_script",
      "action_params": "keypress(f);万叶 attack(0.08),keydown(E),wait(0.7),keyup(E),attack(0.2);琴 attack(0.08),keydown(E),wait(0.4),moveby(1000,0),wait(0.2),moveby(1000,0),wait(0.2),moveby(1000,0),wait(0.2),moveby(1000,-3500),wait(1.8),keyup(E),wait(0.3),click(middle);",
      "id": 6,
      "move_mode": "dash",
      "type": "target",
      "x": 9539.626953125,
      "y": 3102.94140625
    },
    {
      "action": "",
      "action_params": "",
      "id": 7,
      "move_mode": "dash",
      "type": "path",
      "x": 9552.9296875,
      "y": 3118.173828125
    },
    {
      "action": "",
      "action_params": "",
      "id": 8,
      "move_mode": "climb",
      "type": "target",
      "x": 9552.138671875,
      "y": 3120.014404296875
    },
    {
      "action": "",
      "action_params": "",
      "id": 9,
      "move_mode": "walk",
      "type": "path",
      "x": 9550.1796875,
      "y": 3117.169677734375
    },
    {
      "action": "",
      "action_params": "",
      "id": 10,
      "move_mode": "run",
      "type": "path",
      "x": 9516.451171875,
      "y": 3121.815185546875
    },
    {
      "action": "",
      "action_params": "",
      "id": 11,
      "move_mode": "jump",
      "type": "path",
      "x": 9512.25,
      "y": 3125.2503430627294
    },
    {
      "action": "",
      "action_params": "",
      "id": 12,
      "move_mode": "jump",
      "type": "path",
      "x": 9508.4228515625,
      "y": 3115.627197265625
    },
    {
      "action": "combat_script",
      "action_params": "keypress(f);万叶 attack(0.08),keydown(E),wait(0.7),keyup(E),attack(0.2);琴 attack(0.08),keydown(E),wait(0.4),moveby(1000,0),wait(0.2),moveby(1000,0),wait(0.2),moveby(1000,0),wait(0.2),moveby(1000,-3500),wait(1.8),keyup(E),wait(0.3),click(middle);",
      "id": 13,
      "move_mode": "climb",
      "type": "target",
      "x": 9507.37890625,
      "y": 3114.21484375
    }
  ]
}