﻿{
  "info": {
    "authors": [
      {
        "links": "",
        "name": "汐"
      }
    ],
    "bgi_version": "0.45.0",
    "description": "",
    "enable_monster_loot_split": false,
    "last_modified_time": 1760208554363,
    "map_match_method": "",
    "map_name": "Teyvat",
    "name": "705挪德卡莱-月矩力设计局东1",
    "tags": [],
    "type": "collect",
    "version": "1.0"
  },
  "positions": [
    {
      "action": "",
      "action_params": "",
      "id": 1,
      "locked": false,
      "move_mode": "walk",
      "type": "teleport",
      "x": 9594.0966796875,
      "y": 3398.0751953125
    },
    {
      "action": "combat_script",
      "action_params": "keypress(f),wait(0.2),keypress(f),wait(0.2),keypress(f);万叶 attack(0.08),keydown(E),wait(0.7),keyup(E),attack(0.2);琴 attack(0.08),keydown(E),wait(0.4),moveby(1000,0),wait(0.2),moveby(1000,0),wait(0.2),moveby(1000,0),wait(0.2),moveby(1000,-3500),wait(1.8),keyup(E),wait(0.3),click(middle);",
      "id": 2,
      "move_mode": "dash",
      "type": "target",
      "x": 9574.9794921875,
      "y": 3345.4736328125
    },
    {
      "action": "",
      "action_params": "",
      "id": 3,
      "move_mode": "walk",
      "type": "teleport",
      "x": 9594.0966796875,
      "y": 3398.0751953125
    }
  ]
}