{
  "info": {
    "name": "地面矿区火龙蜥（1）",
    "type": "collect",
    "author": "下流山汉",
    "version": "1.0",
    "description": "",
    "bgiVersion": "0.35.1"
  },
  "positions": [
    {
      "id": 1,
      "action": "",
      "move_mode": "walk",
      "type": "teleport",
      "x": 1701.4697265625,
      "y": -582.3466796875,
      "action_params": ""
    },
    {
      "id": 2,
      "x": 1707.8544921875,
      "y": -574.1630859375,
      "type": "path",
      "move_mode": "walk",
      "action": "",
      "action_params": ""
    },
    {
      "id": 3,
      "x": 1722.4814453125,
      "y": -568.65380859375,
      "type": "path",
      "move_mode": "walk",
      "action": "",
      "action_params": ""
    },
    {
      "id": 4,
      "x": 1731.4794921875,
      "y": -561.025390625,
      "type": "path",
      "move_mode": "walk",
      "action": "",
      "action_params": ""
    },
    {
      "id": 5,
      "x": 1742.802734375,
      "y": -552.5283203125,
      "type": "path",
      "move_mode": "walk",
      "action": "fight",
      "action_params": ""
    },
    {
      "id": 6,
      "x": 1755.0537109375,
      "y": -549.908203125,
      "type": "path",
      "move_mode": "walk",
      "action": "",
      "action_params": ""
    },
    {
      "id": 7,
      "x": 1767.7421875,
      "y": -545.2861328125,
      "type": "path",
      "move_mode": "walk",
      "action": "",
      "action_params": ""
    },
    {
      "id": 8,
      "x": 1778.3291015625,
      "y": -548.76025390625,
      "type": "path",
      "move_mode": "walk",
      "action": "fight",
      "action_params": ""
    }
  ]
}