{
  "info": {
    "name": "南天门两下冰右火（2）",
    "type": "collect",
    "author": "下流山汉",
    "version": "1.0",
    "description": "",
    "bgiVersion": "0.35.1"
  },
  "positions": [
    {
      "id": 1,
      "action": "",
      "move_mode": "walk",
      "type": "teleport",
      "x": 1665.896484375,
      "y": 386.56884765625,
      "action_params": ""
    },
    {
      "id": 2,
      "x": 1687.1640625,
      "y": 342.4970703125,
      "type": "path",
      "move_mode": "walk",
      "action": "",
      "action_params": ""
    },
    {
      "id": 3,
      "x": 1705.1025390625,
      "y": 293.91015625,
      "type": "path",
      "move_mode": "walk",
      "action": "",
      "action_params": ""
    },
    {
      "id": 4,
      "x": 1687.4609375,
      "y": 265.10986328125,
      "type": "path",
      "move_mode": "walk",
      "action": "fight",
      "action_params": ""
    },
    {
      "id": 5,
      "x": 1665.91796875,
      "y": 386.5830078125,
      "type": "teleport",
      "move_mode": "walk",
      "action": "",
      "action_params": ""
    },
    {
      "id": 6,
      "x": 1639.263671875,
      "y": 380.95263671875,
      "type": "path",
      "move_mode": "walk",
      "action": "",
      "action_params": ""
    },
    {
      "id": 7,
      "x": 1641.4306640625,
      "y": 368.86279296875,
      "type": "path",
      "move_mode": "walk",
      "action": "",
      "action_params": ""
    },
    {
      "id": 8,
      "x": 1646.13671875,
      "y": 361.60400390625,
      "type": "path",
      "move_mode": "walk",
      "action": "",
      "action_params": ""
    },
    {
      "id": 9,
      "x": 1637.43359375,
      "y": 351.89892578125,
      "type": "path",
      "move_mode": "walk",
      "action": "",
      "action_params": ""
    },
    {
      "id": 10,
      "x": 1631.234375,
      "y": 357.7939453125,
      "type": "path",
      "move_mode": "climb",
      "action": "",
      "action_params": ""
    },
    {
      "id": 11,
      "x": 1624.4912109375,
      "y": 356.330078125,
      "type": "path",
      "move_mode": "climb",
      "action": "",
      "action_params": ""
    },
    {
      "id": 12,
      "x": 1598.8779296875,
      "y": 379.0498046875,
      "type": "path",
      "move_mode": "walk",
      "action": "fight",
      "action_params": ""
    }
  ]
}