{
  "info": {
    "name": "绝云间下雷龙蜥（1）",
    "type": "collect",
    "author": "下流山汉",
    "version": "1.0",
    "description": "",
    "bgiVersion": "0.35.1"
  },
  "positions": [
    {
      "id": 1,
      "action": "",
      "move_mode": "walk",
      "type": "teleport",
      "x": 1389,
      "y": 516.43798828125,
      "action_params": ""
    },
    {
      "id": 2,
      "x": 1335.2099609375,
      "y": 508.796875,
      "type": "path",
      "move_mode": "walk",
      "action": "",
      "action_params": ""
    },
    {
      "id": 3,
      "x": 1308.982421875,
      "y": 501.4033203125,
      "type": "path",
      "move_mode": "walk",
      "action": "",
      "action_params": ""
    },
    {
      "id": 4,
      "x": 1298.4677734375,
      "y": 496.138671875,
      "type": "path",
      "move_mode": "walk",
      "action": "",
      "action_params": ""
    },
    {
      "id": 5,
      "x": 1204.78125,
      "y": 504.52392578125,
      "type": "path",
      "move_mode": "fly",
      "action": "stop_flying",
      "action_params": "",
      "locked": false
    },
    {
      "id": 6,
      "x": 1204.78125,
      "y": 504.52392578125,
      "type": "path",
      "move_mode": "walk",
      "action": "fight",
      "action_params": ""
    }
  ]
}