{
  "info": {
    "name": "奥藏山左火岩龙蜥（1）",
    "type": "collect",
    "author": "下流山汉",
    "version": "1.0",
    "description": "",
    "bgiVersion": "0.35.1"
  },
  "positions": [
    {
      "id": 1,
      "action": "",
      "move_mode": "walk",
      "type": "teleport",
      "x": 1604.45703125,
      "y": 1039.69970703125,
      "action_params": ""
    },
    {
      "id": 2,
      "x": 1654.955078125,
      "y": 1043.7041015625,
      "type": "path",
      "move_mode": "fly",
      "action": "stop_flying",
      "action_params": ""
    },
    {
      "id": 3,
      "x": 1643.890625,
      "y": 1068.8046875,
      "type": "path",
      "move_mode": "walk",
      "action": "",
      "action_params": ""
    },
    {
      "id": 4,
      "x": 1632.78515625,
      "y": 1101.84326171875,
      "type": "path",
      "move_mode": "walk",
      "action": "fight",
      "action_params": ""
    }
  ]
}