{
  "info": {
    "name": "奥藏山右雷上水（1）",
    "type": "collect",
    "author": "下流山汉",
    "version": "1.0",
    "description": "",
    "bgiVersion": "0.35.1"
  },
  "positions": [
    {
      "id": 1,
      "action": "",
      "move_mode": "walk",
      "type": "teleport",
      "x": 1604.4033203125,
      "y": 1039.65185546875,
      "action_params": ""
    },
    {
      "id": 2,
      "x": 1593.5595703125,
      "y": 1036.74658203125,
      "type": "path",
      "move_mode": "walk",
      "action": "",
      "action_params": ""
    },
    {
      "id": 3,
      "x": 1562.8193359375,
      "y": 1028.52734375,
      "type": "path",
      "move_mode": "fly",
      "action": "",
      "action_params": ""
    },
    {
      "id": 4,
      "x": 1438.4951171875,
      "y": 1095.361328125,
      "type": "path",
      "move_mode": "fly",
      "action": "stop_flying",
      "action_params": ""
    },
    {
      "id": 5,
      "x": 1431.4482421875,
      "y": 1137.78857421875,
      "type": "path",
      "move_mode": "walk",
      "action": "",
      "action_params": ""
    },
    {
      "id": 6,
      "x": 1442.0732421875,
      "y": 1155.9404296875,
      "type": "path",
      "move_mode": "walk",
      "action": "fight",
      "action_params": ""
    },
    {
      "id": 7,
      "x": 1448.87890625,
      "y": 1172.60791015625,
      "type": "path",
      "move_mode": "walk",
      "action": "",
      "action_params": ""
    },
    {
      "id": 8,
      "x": 1474.8525390625,
      "y": 1193.68017578125,
      "type": "path",
      "move_mode": "walk",
      "action": "",
      "action_params": ""
    },
    {
      "id": 9,
      "x": 1483.720703125,
      "y": 1201.0390625,
      "type": "path",
      "move_mode": "walk",
      "action": "",
      "action_params": ""
    },
    {
      "id": 10,
      "x": 1506.419921875,
      "y": 1232.396484375,
      "type": "path",
      "move_mode": "fly",
      "action": "stop_flying",
      "action_params": ""
    },
    {
      "id": 11,
      "x": 1515.3779296875,
      "y": 1247.71533203125,
      "type": "path",
      "move_mode": "walk",
      "action": "",
      "action_params": ""
    },
    {
      "id": 12,
      "x": 1564.0986328125,
      "y": 1281.55322265625,
      "type": "path",
      "move_mode": "walk",
      "action": "fight",
      "action_params": ""
    }
  ]
}