{
  "info": {
    "name": "赤璋城垣水岩龙蜥（1）",
    "type": "collect",
    "author": "下流山汉",
    "version": "1.0",
    "description": "",
    "bgiVersion": "0.35.1"
  },
  "positions": [
    {
      "id": 1,
      "action": "",
      "move_mode": "walk",
      "type": "teleport",
      "x": 2053.755859375,
      "y": 1799.57421875,
      "action_params": ""
    },
    {
      "id": 2,
      "x": 2030.2568359375,
      "y": 1774.27099609375,
      "type": "path",
      "move_mode": "walk",
      "action": "",
      "action_params": ""
    },
    {
      "id": 3,
      "x": 2045.7041015625,
      "y": 1747.8515625,
      "type": "path",
      "move_mode": "walk",
      "action": "",
      "action_params": ""
    },
    {
      "id": 4,
      "x": 2060.6552734375,
      "y": 1705.47119140625,
      "type": "path",
      "move_mode": "fly",
      "action": "stop_flying",
      "action_params": ""
    },
    {
      "id": 5,
      "x": 2083.48046875,
      "y": 1711.13427734375,
      "type": "path",
      "move_mode": "walk",
      "action": "",
      "action_params": ""
    },
    {
      "id": 6,
      "x": 2106.9072265625,
      "y": 1715.99072265625,
      "type": "path",
      "move_mode": "walk",
      "action": "fight",
      "action_params": ""
    }
  ]
}