{
  "info": {
    "name": "b星荧洞窟冰丘丘王（1）",
    "type": "collect",
    "author": "111",
    "version": "1.0",
    "description": "",
    "bgiVersion": "0.35.1"
  },
  "positions": [
    {
      "id": 1,
      "action": "",
      "move_mode": "walk",
      "type": "teleport",
      "x": -1006.9326171875,
      "y": 859.462890625,
      "action_params": ""
    },
    {
      "id": 2,
      "x": -963.3173828125,
      "y": 845.24853515625,
      "type": "path",
      "move_mode": "walk",
      "action": "",
      "action_params": ""
    },
    {
      "id": 3,
      "x": -938.2841796875,
      "y": 832.78271484375,
      "type": "path",
      "move_mode": "walk",
      "action": "",
      "action_params": ""
    },
    {
      "id": 4,
      "x": -925.5390625,
      "y": 814.77001953125,
      "type": "path",
      "move_mode": "walk",
      "action": "fight",
      "action_params": ""
    }
  ]
}