{
  "info": {
    "name": "b3明蕴镇岩丘丘王（1）",
    "type": "collect",
    "author": "下流山汉",
    "version": "1.0",
    "description": "",
    "bgiVersion": "0.35.1"
  },
  "positions": [
    {
      "id": 1,
      "action": "",
      "move_mode": "walk",
      "type": "teleport",
      "x": -416.126953125,
      "y": 729.05517578125,
      "action_params": ""
    },
    {
      "id": 2,
      "x": -414.275390625,
      "y": 709.62841796875,
      "type": "path",
      "move_mode": "walk",
      "action": "",
      "action_params": ""
    },
    {
      "id": 3,
      "x": -437.1689453125,
      "y": 685.21630859375,
      "type": "path",
      "move_mode": "walk",
      "action": "",
      "action_params": ""
    },
    {
      "id": 4,
      "x": -454.8701171875,
      "y": 656.783203125,
      "type": "path",
      "move_mode": "walk",
      "action": "",
      "action_params": ""
    },
    {
      "id": 5,
      "x": -468.939453125,
      "y": 627.64453125,
      "type": "path",
      "move_mode": "walk",
      "action": "",
      "action_params": ""
    },
    {
      "id": 6,
      "x": -482.7265625,
      "y": 630.4970703125,
      "type": "path",
      "move_mode": "walk",
      "action": "fight",
      "action_params": ""
    }
  ]
}