{
  "info": {
    "name": "b绝云间右上岩丘丘王（1）",
    "type": "collect",
    "author": "下流山汉",
    "version": "1.0",
    "description": "",
    "bgiVersion": "0.35.1"
  },
  "positions": [
    {
      "id": 1,
      "action": "",
      "move_mode": "walk",
      "type": "teleport",
      "x": 1045.583984375,
      "y": 950.6435546875,
      "action_params": ""
    },
    {
      "id": 2,
      "x": 970.7216796875,
      "y": 962.40673828125,
      "type": "path",
      "move_mode": "fly",
      "action": "stop_flying",
      "action_params": ""
    },
    {
      "id": 3,
      "x": 933.78515625,
      "y": 967.9765625,
      "type": "path",
      "move_mode": "walk",
      "action": "",
      "action_params": ""
    },
    {
      "id": 4,
      "x": 931.0791015625,
      "y": 975.55712890625,
      "type": "path",
      "move_mode": "walk",
      "action": "fight",
      "action_params": ""
    }
  ]
}