{
  "info": {
    "name": "b薄荷岛岩丘丘王（1）",
    "type": "collect",
    "author": "下流山汉",
    "version": "1.0",
    "description": "",
    "bgiVersion": "0.35.1"
  },
  "positions": [
    {
      "id": 1,
      "action": "",
      "move_mode": "walk",
      "type": "teleport",
      "x": 1271.1259765625,
      "y": 1563.9716796875,
      "action_params": ""
    },
    {
      "id": 2,
      "x": 1250.2392578125,
      "y": 1597.314453125,
      "type": "path",
      "move_mode": "walk",
      "action": "fight",
      "action_params": ""
    }
  ]
}