{
  "info": {
    "name": "b琉璃峰岩丘丘王（1）",
    "type": "collect",
    "author": "下流山汉",
    "version": "1.0",
    "description": "",
    "bgiVersion": "0.35.1"
  },
  "positions": [
    {
      "id": 1,
      "x": 1759.5205078125,
      "y": -874.17236328125,
      "action": "",
      "move_mode": "walk",
      "action_params": "",
      "type": "teleport"
    },
    {
      "id": 2,
      "x": 1740.7294921875,
      "y": -875.56884765625,
      "type": "target",
      "move_mode": "walk",
      "action": "",
      "action_params": ""
    },
    {
      "id": 3,
      "x": 1715.908203125,
      "y": -870.30615234375,
      "action": "stop_flying",
      "move_mode": "fly",
      "action_params": "",
      "type": "path"
    },
    {
      "id": 4,
      "x": 1702.1630859375,
      "y": -871.66064453125,
      "type": "target",
      "move_mode": "walk",
      "action": "",
      "action_params": ""
    },
    {
      "id": 5,
      "x": 1699.69140625,
      "y": -874.87158203125,
      "action": "",
      "move_mode": "fly",
      "action_params": "",
      "type": "path"
    },
    {
      "id": 6,
      "x": 1680.8515625,
      "y": -896.1962890625,
      "action": "",
      "move_mode": "fly",
      "action_params": "",
      "type": "path"
    },
    {
      "id": 7,
      "x": 1682.291015625,
      "y": -915.32568359375,
      "type": "target",
      "move_mode": "walk",
      "action": "",
      "action_params": ""
    },
    {
      "id": 8,
      "x": 1670.134765625,
      "y": -927.42822265625,
      "action": "",
      "move_mode": "fly",
      "action_params": "",
      "type": "path"
    },
    {
      "id": 9,
      "x": 1691.2763671875,
      "y": -935.15673828125,
      "action": "",
      "move_mode": "walk",
      "action_params": "",
      "type": "path"
    },
    {
      "id": 10,
      "x": 1689.578125,
      "y": -945.4375,
      "type": "target",
      "move_mode": "walk",
      "action": "",
      "action_params": ""
    },
    {
      "id": 11,
      "x": 1708.1044921875,
      "y": -954.2275390625,
      "action": "",
      "move_mode": "fly",
      "action_params": "",
      "type": "path"
    },
    {
      "id": 12,
      "x": 1726.3896484375,
      "y": -982.142578125,
      "action": "",
      "move_mode": "walk",
      "action_params": "",
      "type": "path"
    },
    {
      "id": 13,
      "x": 1737.2626953125,
      "y": -1002.91845703125,
      "type": "target",
      "move_mode": "walk",
      "action": "",
      "action_params": ""
    },
    {
      "id": 14,
      "x": 1743.5712890625,
      "y": -1013.0244140625,
      "action": "",
      "move_mode": "fly",
      "action_params": "",
      "type": "path"
    },
    {
      "id": 15,
      "x": 1685.7021484375,
      "y": -1018.771484375,
      "action": "",
      "move_mode": "walk",
      "action_params": "",
      "type": "path"
    },
    {
      "id": 16,
      "x": 1654.2685546875,
      "y": -1020.26416015625,
      "action": "",
      "move_mode": "walk",
      "action_params": "",
      "type": "path"
    },
    {
      "id": 17,
      "x": 1636.646484375,
      "y": -1009.416015625,
      "action": "fight",
      "move_mode": "walk",
      "action_params": "",
      "type": "path"
    }
  ]
}