{
  "info": {
    "name": "荼诃之座双王争霸（2）",
    "type": "collect",
    "author": "下流山汉",
    "version": "1.0",
    "description": "",
    "bgiVersion": "0.35.1"
  },
  "positions": [
    {
      "id": 1,
      "action": "",
      "move_mode": "walk",
      "type": "teleport",
      "x": 3546.9658203125,
      "y": -1993.76708984375,
      "action_params": ""
    },
    {
      "id": 2,
      "x": 3577.2646484375,
      "y": -1996.251953125,
      "type": "path",
      "move_mode": "walk",
      "action": "",
      "action_params": ""
    },
    {
      "id": 3,
      "x": 3584.7236328125,
      "y": -1993.10498046875,
      "type": "path",
      "move_mode": "walk",
      "action": "",
      "action_params": ""
    },
    {
      "id": 4,
      "x": 3601.353515625,
      "y": -2011.8212890625,
      "type": "path",
      "move_mode": "walk",
      "action": "fight",
      "action_params": ""
    }
  ]
}