{
  "info": {
    "name": "b厄里那斯下岩丘丘王（1）",
    "type": "collect",
    "author": "下流山汉",
    "version": "1.0",
    "description": "",
    "bgiVersion": "0.35.1"
  },
  "positions": [
    {
      "id": 1,
      "action": "",
      "move_mode": "walk",
      "type": "teleport",
      "x": 5117.50146484375,
      "y": 2543.388427734375,
      "action_params": ""
    },
    {
      "id": 2,
      "x": 5078.2109375,
      "y": 2517.265869140625,
      "type": "path",
      "move_mode": "run",
      "action": "",
      "action_params": ""
    },
    {
      "id": 3,
      "x": 5028.845703125,
      "y": 2449.666259765625,
      "type": "path",
      "move_mode": "run",
      "action": "",
      "action_params": ""
    },
    {
      "id": 4,
      "x": 4998.86328125,
      "y": 2449.636474609375,
      "type": "path",
      "move_mode": "run",
      "action": "",
      "action_params": ""
    },
    {
      "id": 5,
      "x": 4968.701171875,
      "y": 2465.95849609375,
      "type": "path",
      "move_mode": "walk",
      "action": "fight",
      "action_params": ""
    }
  ]
}