{
  "info": {
    "name": "厄里那斯上岩丘丘王（1）",
    "type": "collect",
    "author": "下流山汉",
    "version": "1.0",
    "description": "",
    "bgiVersion": "0.35.1"
  },
  "positions": [
    {
      "id": 1,
      "action": "",
      "move_mode": "walk",
      "type": "teleport",
      "x": 5113.60595703125,
      "y": 2998.217529296875,
      "action_params": ""
    },
    {
      "id": 2,
      "x": 5059.30322265625,
      "y": 3041.30126953125,
      "type": "path",
      "move_mode": "walk",
      "action": "",
      "action_params": ""
    },
    {
      "id": 3,
      "x": 5043.42919921875,
      "y": 3023.501708984375,
      "type": "path",
      "move_mode": "walk",
      "action": "",
      "action_params": ""
    },
    {
      "id": 4,
      "x": 5006.0166015625,
      "y": 3022.881103515625,
      "type": "path",
      "move_mode": "fly",
      "action": "stop_flying",
      "action_params": ""
    },
    {
      "id": 5,
      "x": 4985.91845703125,
      "y": 3005.5830078125,
      "type": "path",
      "move_mode": "walk",
      "action": "",
      "action_params": ""
    },
    {
      "id": 6,
      "x": 4970.83203125,
      "y": 3002.07958984375,
      "type": "path",
      "move_mode": "walk",
      "action": "fight",
      "action_params": ""
    }
  ]
}