{
  "info": {
    "name": "卡布狄斯岩丘丘王（1）",
    "type": "collect",
    "author": "下流山汉",
    "version": "1.0",
    "description": "",
    "bgiVersion": "0.35.1"
  },
  "positions": [
    {
      "id": 1,
      "action": "",
      "move_mode": "walk",
      "type": "teleport",
      "x": 3383.1533203125,
      "y": 2692.32421875,
      "action_params": ""
    },
    {
      "id": 2,
      "x": 3294.95703125,
      "y": 2634.3056640625,
      "type": "path",
      "move_mode": "fly",
      "action": "stop_flying",
      "action_params": ""
    },
    {
      "id": 3,
      "x": 3281.3388671875,
      "y": 2607.394775390625,
      "type": "path",
      "move_mode": "walk",
      "action": "fight",
      "action_params": ""
    }
  ]
}