{
  "info": {
    "name": "幽林雾道左下岩丘丘王（1）",
    "type": "collect",
    "author": "下流山汉",
    "version": "1.0",
    "description": "",
    "bgiVersion": "0.35.1"
  },
  "positions": [
    {
      "id": 1,
      "action": "",
      "move_mode": "walk",
      "type": "teleport",
      "x": 3367.140625,
      "y": 3294.224365234375,
      "action_params": ""
    },
    {
      "id": 2,
      "x": 3376.3427734375,
      "y": 3294.484130859375,
      "type": "path",
      "move_mode": "walk",
      "action": "",
      "action_params": ""
    },
    {
      "id": 3,
      "x": 3430.8291015625,
      "y": 3245.347900390625,
      "type": "path",
      "move_mode": "walk",
      "action": "",
      "action_params": ""
    },
    {
      "id": 4,
      "x": 3451.9248046875,
      "y": 3200.4169921875,
      "type": "path",
      "move_mode": "walk",
      "action": "fight",
      "action_params": ""
    }
  ]
}