{
  "info": {
    "name": "中央实验室岩丘丘王（1）",
    "type": "collect",
    "author": "下流山汉",
    "version": "1.0",
    "description": "",
    "bgiVersion": "0.35.1"
  },
  "positions": [
    {
      "id": 1,
      "action": "",
      "move_mode": "walk",
      "type": "teleport",
      "x": 3636.0419921875,
      "y": 4796.072265625,
      "action_params": ""
    },
    {
      "id": 2,
      "x": 3692.2646484375,
      "y": 4793.5537109375,
      "type": "path",
      "move_mode": "walk",
      "action": "",
      "action_params": ""
    },
    {
      "id": 3,
      "x": 3724.3408203125,
      "y": 4806.67724609375,
      "type": "path",
      "move_mode": "walk",
      "action": "fight",
      "action_params": ""
    }
  ]
}