{
  "info": {
    "name": "九条阵屋左上雷丘丘王（1）",
    "type": "collect",
    "author": "下流山汉",
    "version": "1.0",
    "description": "",
    "bgiVersion": "0.35.1"
  },
  "positions": [
    {
      "id": 1,
      "action": "",
      "move_mode": "walk",
      "type": "teleport",
      "x": -3234.283203125,
      "y": -3155.427734375,
      "action_params": ""
    },
    {
      "id": 2,
      "x": -3240.41015625,
      "y": -3039.0712890625,
      "type": "path",
      "move_mode": "walk",
      "action": "",
      "action_params": ""
    },
    {
      "id": 3,
      "x": -3256.62109375,
      "y": -3014.4814453125,
      "type": "path",
      "move_mode": "walk",
      "action": "",
      "action_params": ""
    },
    {
      "id": 4,
      "x": -3269.580078125,
      "y": -2979.8505859375,
      "type": "path",
      "move_mode": "walk",
      "action": "",
      "action_params": ""
    },
    {
      "id": 5,
      "x": -3302.6923828125,
      "y": -2943.5771484375,
      "type": "path",
      "move_mode": "walk",
      "action": "fight",
      "action_params": ""
    }
  ]
}