{
  "info": {
    "name": "踏鞴沙雷丘丘王（1）",
    "type": "collect",
    "author": "下流山汉",
    "version": "1.0",
    "description": "",
    "bgiVersion": "0.35.1"
  },
  "positions": [
    {
      "id": 1,
      "x": -3156.6015625,
      "y": -3886.1201171875,
      "type": "teleport",
      "move_mode": "walk",
      "action": "",
      "action_params": ""
    },
    {
      "id": 2,
      "x": -3132.884765625,
      "y": -3878.9892578125,
      "type": "path",
      "move_mode": "walk",
      "action": "",
      "action_params": ""
    },
    {
      "id": 3,
      "x": -3059.0712890625,
      "y": -3894.306640625,
      "type": "path",
      "move_mode": "fly",
      "action": "stop_flying",
      "action_params": ""
    },
    {
      "id": 4,
      "x": -3037.7890625,
      "y": -3887.751953125,
      "type": "path",
      "move_mode": "walk",
      "action": "",
      "action_params": ""
    },
    {
      "id": 5,
      "x": -3011.5517578125,
      "y": -3886.3642578125,
      "type": "path",
      "move_mode": "walk",
      "action": "",
      "action_params": ""
    },
    {
      "id": 6,
      "x": -2984.947265625,
      "y": -3872.7822265625,
      "type": "path",
      "move_mode": "walk",
      "action": "",
      "action_params": ""
    },
    {
      "id": 7,
      "x": -2967.9833984375,
      "y": -3863.7861328125,
      "type": "path",
      "move_mode": "walk",
      "action": "",
      "action_params": ""
    },
    {
      "id": 8,
      "x": -2956.8896484375,
      "y": -3860.251953125,
      "type": "path",
      "move_mode": "fly",
      "action": "stop_flying",
      "action_params": "",
      "locked": false
    },
    {
      "id": 9,
      "x": -2965.7392578125,
      "y": -3861.5576171875,
      "type": "path",
      "move_mode": "walk",
      "action": "fight",
      "action_params": ""
    }
  ]
}