{
  "info": {
    "name": "鹤观随机雷丘丘王（1）",
    "type": "collect",
    "author": "下流山汉",
    "version": "1.0",
    "description": "",
    "bgiVersion": "0.35.1"
  },
  "positions": [
    {
      "id": 1,
      "action": "",
      "move_mode": "walk",
      "type": "teleport",
      "x": -2612.3505859375,
      "y": -6508.2646484375,
      "action_params": "",
      "locked": false
    },
    {
      "id": 2,
      "x": -2632.2841796875,
      "y": -6503.2490234375,
      "type": "path",
      "move_mode": "walk",
      "action": "",
      "action_params": ""
    },
    {
      "id": 3,
      "x": -2680.2802734375,
      "y": -6495.181640625,
      "type": "path",
      "move_mode": "fly",
      "action": "stop_flying",
      "action_params": "",
      "locked": false
    },
    {
      "id": 4,
      "x": -2680.2802734375,
      "y": -6495.181640625,
      "type": "path",
      "move_mode": "walk",
      "action": "fight",
      "action_params": ""
    },
    {
      "id": 5,
      "x": -2725.544921875,
      "y": -6468.8671875,
      "type": "path",
      "move_mode": "walk",
      "action": "",
      "action_params": ""
    },
    {
      "id": 6,
      "x": -2778.587890625,
      "y": -6468.060546875,
      "type": "path",
      "move_mode": "walk",
      "action": "fight",
      "action_params": ""
    },
    {
      "id": 7,
      "action": "",
      "move_mode": "walk",
      "type": "teleport",
      "x": -2612.3505859375,
      "y": -6508.2646484375,
      "action_params": ""
    },
    {
      "id": 8,
      "x": -2624.62109375,
      "y": -6514.7392578125,
      "type": "path",
      "move_mode": "walk",
      "action": "",
      "action_params": ""
    },
    {
      "id": 9,
      "x": -2687.7236328125,
      "y": -6595.8759765625,
      "type": "path",
      "move_mode": "fly",
      "action": "stop_flying",
      "action_params": ""
    },
    {
      "id": 10,
      "x": -2704.2060546875,
      "y": -6597.6201171875,
      "type": "path",
      "move_mode": "walk",
      "action": "fight",
      "action_params": ""
    }
  ]
}