{
  "info": {
    "name": "望泷村雷丘丘王（1）",
    "type": "collect",
    "author": "下流山汉",
    "version": "1.0",
    "description": "",
    "bgiVersion": "0.35.1"
  },
  "positions": [
    {
      "id": 1,
      "action": "",
      "move_mode": "walk",
      "type": "teleport",
      "x": -757.947265625,
      "y": -3815.1611328125,
      "action_params": ""
    },
    {
      "id": 2,
      "x": -872.2919921875,
      "y": -3886.2099609375,
      "type": "path",
      "move_mode": "fly",
      "action": "stop_flying",
      "action_params": "",
      "locked": false
    },
    {
      "id": 3,
      "x": -872.2919921875,
      "y": -3886.2099609375,
      "type": "path",
      "move_mode": "walk",
      "action": "fight",
      "action_params": ""
    }
  ]
}