﻿{
  "info": {
    "name": "2璃月层岩额外激活CD",
    "type": "collect",
    "version": "1.0",
    "description": "",
    "map_name": "TheChasm",
    "bgi_version": "0.45.0",
    "tags": [],
    "last_modified_time": 1754329465430,
    "authors": [
      {
        "name": "汐",
        "links": ""
      }
    ],
    "enable_monster_loot_split": false,
    "map_match_method": ""
  },
  "positions": [
    {
      "id": 1,
      "x": 333.72998046875,
      "y": 975.7076416015625,
      "action": "",
      "move_mode": "walk",
      "action_params": "",
      "type": "teleport"
    }
  ]
}