﻿{
  "info": {
    "authors": [
      {
        "links": "",
        "name": "汐"
      }
    ],
    "bgi_version": "0.45.0",
    "description": "",
    "enable_monster_loot_split": false,
    "last_modified_time": 1758714451222,
    "map_match_method": "",
    "map_name": "Teyvat",
    "name": "1P枫丹-科学院工坊TP刷CD",
    "tags": [],
    "type": "collect",
    "version": "1.0"
  },
  "positions": [
    {
      "action": "",
      "action_params": "",
      "id": 1,
      "move_mode": "walk",
      "type": "teleport",
      "x": 4429.1826171875,
      "y": 5097.20703125
    },
    {
      "action": "",
      "action_params": "",
      "id": 2,
      "move_mode": "dash",
      "type": "path",
      "x": 4432.203125,
      "y": 5046.1982421875
    },
    {
      "action": "",
      "action_params": "",
      "id": 3,
      "move_mode": "dash",
      "type": "path",
      "x": 4446.23828125,
      "y": 4972.1025390625
    },
    {
      "action": "combat_script",
      "action_params": "wait(1)",
      "id": 4,
      "move_mode": "dash",
      "type": "path",
      "x": 4425.44140625,
      "y": 4940.6064453125
    }
  ]
}