﻿{
  "info": {
    "authors": [
      {
        "links": "",
        "name": "汐"
      }
    ],
    "bgi_version": "0.45.0",
    "description": "",
    "enable_monster_loot_split": false,
    "last_modified_time": 1760766528596,
    "map_match_method": "",
    "map_name": "Teyvat",
    "name": "3P须弥-智障厅TP刷CD",
    "tags": [],
    "type": "collect",
    "version": "1.0"
  },
  "positions": [
    {
      "action": "",
      "action_params": "",
      "id": 1,
      "move_mode": "walk",
      "type": "teleport",
      "x": 5384.2529296875,
      "y": -2456.419921875
    },
    {
      "action": "combat_script",
      "action_params": "wait(1)",
      "id": 2,
      "move_mode": "walk",
      "type": "orientation",
      "x": 5347.8359375,
      "y": -2418.6884765625
    },
    {
      "action": "stop_flying",
      "action_params": "",
      "id": 3,
      "move_mode": "fly",
      "type": "path",
      "x": 5347.8359375,
      "y": -2418.6884765625
    },
    {
      "action": "combat_script",
      "action_params": "dash",
      "id": 4,
      "move_mode": "dash",
      "type": "path",
      "x": 5347.126953125,
      "y": -2315.349609375
    }
  ]
}