﻿{
  "info": {
    "name": "202璃月-渌华池3",
    "type": "collect",
    "authors": [
      {
        "name": "汐",
        "links": ""
      }
    ],
    "version": "1.0",
    "description": "",
    "map_name": "Teyvat",
    "bgi_version": "0.45.0",
    "tags": [],
    "last_modified_time": 1755368278676,
    "enable_monster_loot_split": false,
    "map_match_method": ""
  },
  "positions": [
    {
      "id": 1,
      "x": 489.3623046875,
      "y": 222.2685546875,
      "action": "",
      "move_mode": "walk",
      "type": "teleport"
    },
    {
      "id": 2,
      "x": 438.9375,
      "y": 228.62524346387272,
      "action": "log_output",
      "move_mode": "fly",
      "action_params": "\n富A路线预计(双风buff+迪希雅)78分钟162个调查点≈10W经验\n富B路线预计(双风buff+迪希雅)55分钟135个调查点≈8.3W经验\n超详解析请看JS里README说明书",
      "type": "orientation"
    },
    {
      "id": 3,
      "x": 438.9375,
      "y": 228.62524346387272,
      "action": "",
      "move_mode": "fly",
      "type": "path"
    },
    {
      "id": 4,
      "x": 427.3125,
      "y": 230.3439049315557,
      "action": "",
      "move_mode": "dash",
      "type": "path"
    },
    {
      "id": 5,
      "x": 424.234375,
      "y": 231.55224609375,
      "action": "combat_script",
      "move_mode": "climb",
      "action_params": "keypress(f),wait(0.2),keypress(f),wait(0.2),keypress(f),",
      "type": "target"
    },
    {
      "id": 6,
      "x": 423.9062796256221,
      "y": 234.56230294647503,
      "action": "combat_script",
      "move_mode": "climb",
      "action_params": "keypress(f),wait(0.2),keypress(f),wait(0.2),keypress(f),",
      "type": "target"
    },
    {
      "id": 7,
      "x": 426.7041015625,
      "y": 232.0400390625,
      "action": "combat_script",
      "move_mode": "walk",
      "action_params": "keypress(f);万叶 attack(0.08),keydown(E),wait(0.51),keyup(E),attack(0.2),wait(0.5);琴 attack(0.08),keydown(E),wait(0.4),moveby(1000,0),wait(0.2),moveby(1000,0),wait(0.2),moveby(1000,0),wait(0.2),moveby(1000,-3500),wait(1.8),keyup(E),wait(0.3),click(middle);",
      "type": "path",
      "locked": false
    },
    {
      "id": 8,
      "x": 426.7041015625,
      "y": 232.0400390625,
      "action": "set_time",
      "move_mode": "walk",
      "action_params": "06:00",
      "type": "orientation"
    }
  ]
}