﻿{
  "info": {
    "name": "206璃月-绝云间3",
    "type": "collect",
    "author": "汐",
    "version": "",
    "description": "",
    "map_name": "Teyvat",
    "bgi_version": "0.45.0",
    "tags": [],
    "last_modified_time": 1751976578625,
    "enable_monster_loot_split": false
  },
  "positions": [
    {
      "id": 1,
      "x": 1182.685546875,
      "y": 626.04638671875,
      "action": "",
      "move_mode": "walk",
      "type": "teleport"
    },
    {
      "id": 2,
      "x": 1182.685546875,
      "y": 626.04638671875,
      "action": "",
      "move_mode": "walk",
      "type": "teleport"
    },
    {
      "id": 3,
      "x": 1188.5419921875,
      "y": 620.3544921875,
      "action": "",
      "move_mode": "run",
      "type": "path"
    },
    {
      "id": 4,
      "x": 1171.875,
      "y": 574.1242032091441,
      "action": "",
      "move_mode": "run",
      "type": "path"
    },
    {
      "id": 5,
      "x": 1170.3876953125,
      "y": 569.671875,
      "type": "path",
      "move_mode": "dash",
      "action": "",
      "action_params": "",
      "locked": false
    },
    {
      "id": 6,
      "x": 1170.3876953125,
      "y": 569.671875,
      "type": "target",
      "move_mode": "climb",
      "action": "combat_script",
      "action_params": "keypress(f),wait(0.2),keypress(f),wait(0.2),keypress(f),wait(0.2),keypress(f),wait(0.2),keypress(f),wait(0.2),keypress(f),s(0.15);万叶 attack(0.08),keydown(E),wait(0.51),keyup(E),attack(0.2),wait(0.8);琴 attack(0.08),keydown(E),wait(0.4),moveby(1000,0),wait(0.2),moveby(1000,0),wait(0.2),moveby(1000,0),wait(0.2),moveby(1000,-3500),wait(1.8),keyup(E),wait(0.3),click(middle);"
    },
    {
      "id": 7,
      "x": 1162.531293450913,
      "y": 563.9059771566581,
      "action": "",
      "move_mode": "jump",
      "action_params": "",
      "type": "path"
    },
    {
      "id": 8,
      "x": 1159.61328125,
      "y": 557.107421875,
      "action": "combat_script",
      "move_mode": "climb",
      "action_params": "keypress(f),wait(0.2),keypress(f),wait(0.2),keypress(f);万叶 attack(0.08),keydown(E),wait(0.51),keyup(E),attack(0.2),wait(0.5);琴 attack(0.08),keydown(E),wait(0.4),moveby(1000,0),wait(0.2),moveby(1000,0),wait(0.2),moveby(1000,0),wait(0.2),moveby(1000,-3500),wait(1.8),keyup(E),wait(0.3),click(middle);",
      "type": "target"
    },
    {
      "id": 9,
      "x": 1158.5,
      "y": 554.6549884144779,
      "action": "",
      "move_mode": "walk",
      "type": "path"
    },
    {
      "id": 10,
      "x": 1147.169921875,
      "y": 561.39208984375,
      "action": "",
      "move_mode": "dash",
      "type": "target"
    },
    {
      "id": 11,
      "x": 1143.7186808735478,
      "y": 561.8749317891643,
      "action": "combat_script",
      "move_mode": "walk",
      "action_params": "a(0.8),keypress(f);万叶 attack(0.08),keydown(E),wait(0.51),keyup(E),attack(0.2),wait(0.5);琴 attack(0.08),keydown(E),wait(0.4),moveby(1000,0),wait(0.2),moveby(1000,0),wait(0.2),moveby(1000,0),wait(0.2),moveby(1000,-3500),wait(1.8),keyup(E),wait(0.3),click(middle);",
      "type": "path"
    }
  ]
}