﻿{
  "info": {
    "name": "301稻妻-菫色之庭副本4",
    "type": "collect",
    "authors": [
      {
        "name": "汐",
        "links": ""
      }
    ],
    "version": "",
    "description": "",
    "map_name": "Teyvat",
    "bgi_version": "0.45.0",
    "tags": [],
    "last_modified_time": 1752918743245,
    "enable_monster_loot_split": false
  },
  "positions": [
    {
      "id": 1,
      "x": -3931.2216796875,
      "y": -3202.7919921875,
      "action": "",
      "move_mode": "walk",
      "type": "teleport"
    },
    {
      "id": 2,
      "x": -3927.9912109375,
      "y": -3210.150390625,
      "action": "",
      "move_mode": "run",
      "action_params": "",
      "type": "path"
    },
    {
      "id": 3,
      "x": -3933.6259765625,
      "y": -3215.984375,
      "action": "",
      "move_mode": "jump",
      "action_params": "",
      "type": "path"
    },
    {
      "id": 4,
      "x": -3939.384765625,
      "y": -3218.8779296875,
      "action": "combat_script",
      "move_mode": "dash",
      "action_params": "keypress(f),attack(0.22),keypress(f),j,wait(0.8),keypress(f),keypress(f),w(0.1),keypress(f),attack(0.22),keypress(f),j,wait(0.8),keypress(f),keypress(f),w(0.1),keypress(f),attack(0.22),j,wait(0.8),keypress(f)",
      "type": "path"
    },
    {
      "id": 5,
      "x": -3940.1689453125,
      "y": -3219.16796875,
      "type": "target",
      "move_mode": "climb",
      "action": "combat_script",
      "action_params": "keypress(f),wait(0.2),keypress(f),wait(0.2),keypress(f);万叶 attack(0.08),keydown(E),wait(0.48),keyup(E),attack(0.2);琴 attack(0.08),keydown(E),wait(0.4),moveby(1000,0),wait(0.2),moveby(1000,0),wait(0.2),moveby(1000,0),wait(0.2),moveby(1000,-3500),wait(1.8),keyup(E),wait(0.3),click(middle);"
    },
    {
      "id": 6,
      "x": -3947.531109772055,
      "y": -3209.655340522193,
      "action": "",
      "move_mode": "dash",
      "action_params": "",
      "type": "path"
    },
    {
      "id": 7,
      "x": -3955.84378950083,
      "y": -3199.281492527416,
      "action": "combat_script",
      "move_mode": "run",
      "action_params": "迪希雅 attack(0.08),e,attack(0.08),e;玛薇卡 attack(0.08),e;砂糖 e;早柚 charge(2);珐露珊 q;琳妮特 q;蓝砚 charge,attack(0.08),charge;流浪者 e,attack(0.2);爱可菲 e;芙宁娜 attack(0.2);",
      "type": "path"
    },
    {
      "id": 8,
      "x": -3958.9072265625,
      "y": -3198.037109375,
      "action": "combat_script",
      "move_mode": "climb",
      "action_params": "keypress(f),attack(0.2),keypress(f),wait(0.2),keypress(f);万叶 attack(0.08),keydown(E),wait(0.7),keyup(E),attack(0.2),wait(0.5);琴 attack(0.08),keydown(E),wait(0.4),moveby(1000,0),wait(0.2),moveby(1000,0),wait(0.2),moveby(1000,0),wait(0.2),moveby(1000,-3500),wait(1.8),keyup(E),wait(0.3),click(middle);",
      "type": "target"
    },
    {
      "id": 9,
      "x": -3956.0263671875,
      "y": -3196.255859375,
      "action": "",
      "move_mode": "walk",
      "action_params": "",
      "type": "path"
    },
    {
      "id": 10,
      "x": -3958.625,
      "y": -3194.937356134984,
      "action": "",
      "move_mode": "walk",
      "action_params": "",
      "type": "target"
    },
    {
      "id": 11,
      "x": -3956.78125,
      "y": -3209.5308294714923,
      "action": "",
      "move_mode": "dash",
      "action_params": "",
      "type": "path"
    },
    {
      "id": 12,
      "x": -3942.7177734375,
      "y": -3233.16796875,
      "action": "",
      "move_mode": "dash",
      "action_params": "",
      "type": "path"
    },
    {
      "id": 13,
      "x": -3930.874980249586,
      "y": -3259.5312348420375,
      "action": "",
      "move_mode": "dash",
      "action_params": "",
      "type": "path"
    },
    {
      "id": 14,
      "x": -3928.8437243244607,
      "y": -3264.8444321083552,
      "action": "",
      "move_mode": "fly",
      "action_params": "",
      "type": "path"
    },
    {
      "id": 15,
      "x": -3927.462890625,
      "y": -3269.36328125,
      "action": "combat_script",
      "move_mode": "walk",
      "action_params": "attack(0.5),keypress(f),wait(0.2),keypress(f)",
      "type": "path"
    },
    {
      "id": 16,
      "x": -3928.8750019750423,
      "y": -3269.718477156657,
      "action": "combat_script",
      "move_mode": "climb",
      "action_params": "keypress(f),wait(0.2),keypress(f),wait(0.2),keypress(f);万叶 attack(0.08),keydown(E),wait(0.7),keyup(E),attack(0.2),wait(0.5);琴 attack(0.08),keydown(E),wait(0.4),moveby(1000,0),wait(0.2),moveby(1000,0),wait(0.2),moveby(1000,0),wait(0.2),moveby(1000,-3500),wait(1.8),keyup(E),wait(0.3),click(middle);",
      "type": "target"
    },
    {
      "id": 17,
      "x": -3949.755859375,
      "y": -3266.130859375,
      "action": "combat_script",
      "move_mode": "dash",
      "action_params": "keypress(f);芙宁娜 e;",
      "type": "path"
    },
    {
      "id": 18,
      "x": -3986.44921875,
      "y": -3238.53515625,
      "action": "",
      "move_mode": "dash",
      "action_params": "",
      "type": "path"
    },
    {
      "id": 19,
      "x": -3988.970703125,
      "y": -3228.0615234375,
      "action": "combat_script",
      "move_mode": "dash",
      "action_params": "keypress(f),attack(0.2),keypress(f),wait(0.2),keypress(f);万叶 attack(0.08),keydown(E),wait(0.7),keyup(E),attack(0.2),wait(0.5);琴 attack(0.08),keydown(E),wait(0.4),moveby(1000,0),wait(0.2),moveby(1000,0),wait(0.2),moveby(1000,0),wait(0.2),moveby(1000,-3500),wait(1.8),keyup(E),wait(0.3),click(middle);",
      "type": "target"
    },
    {
      "id": 20,
      "x": -3988.908203125,
      "y": -3226.37109375,
      "action": "",
      "move_mode": "walk",
      "action_params": "",
      "type": "path"
    },
    {
      "id": 21,
      "x": -3993.1563586272805,
      "y": -3227.8435226305483,
      "action": "combat_script",
      "move_mode": "walk",
      "action_params": "w(1.3)",
      "type": "orientation"
    }
  ]
}