﻿{
  "info": {
    "name": "302稻妻-九条阵屋2",
    "type": "collect",
    "authors": [
      {
        "name": "汐",
        "links": ""
      }
    ],
    "version": "",
    "description": "",
    "map_name": "Teyvat",
    "bgi_version": "0.45.0",
    "tags": [],
    "last_modified_time": 1752905335525,
    "enable_monster_loot_split": false
  },
  "positions": [
    {
      "id": 1,
      "x": -3437.0322265625,
      "y": -3319.720703125,
      "action": "",
      "move_mode": "walk",
      "type": "teleport"
    },
    {
      "id": 2,
      "x": -3456.57421875,
      "y": -3323.9150390625,
      "action": "",
      "move_mode": "run",
      "action_params": "",
      "type": "path"
    },
    {
      "id": 3,
      "x": -3487.28125,
      "y": -3324.343484403049,
      "action": "",
      "move_mode": "dash",
      "action_params": "",
      "type": "path"
    },
    {
      "id": 4,
      "x": -3499.771484375,
      "y": -3331.505859375,
      "action": "stop_flying",
      "move_mode": "fly",
      "action_params": "0.5",
      "type": "path"
    },
    {
      "id": 5,
      "x": -3536.0625,
      "y": -3344.5006639923795,
      "action": "",
      "move_mode": "dash",
      "action_params": "",
      "type": "path"
    },
    {
      "id": 6,
      "x": -3539.46875,
      "y": -3345.5000442661585,
      "action": "combat_script",
      "move_mode": "climb",
      "action_params": "keypress(f),wait(0.2),keypress(f),wait(0.2),keypress(f)",
      "type": "target"
    },
    {
      "id": 7,
      "x": -3537.6416015625,
      "y": -3343.54296875,
      "action": "combat_script",
      "move_mode": "climb",
      "action_params": "keypress(f),wait(0.2),keypress(f),wait(0.2),keypress(f);万叶 attack(0.08),keydown(E),wait(0.51),keyup(E),attack(0.2),wait(0.5);琴 attack(0.08),keydown(E),wait(0.4),moveby(1000,0),wait(0.2),moveby(1000,0),wait(0.2),moveby(1000,0),wait(0.2),moveby(1000,-3500),wait(1.8),keyup(E),wait(0.3),click(middle);",
      "type": "target"
    },
    {
      "id": 8,
      "x": -3541.4541015625,
      "y": -3343.9228515625,
      "action": "set_time",
      "move_mode": "walk",
      "action_params": "06:00",
      "type": "path"
    }
  ]
}