﻿{
  "info": {
    "name": "417须弥-千壑沙地露营地2",
    "type": "collect",
    "authors": [
      {
        "name": "汐",
        "links": ""
      }
    ],
    "version": "",
    "description": "",
    "map_name": "Teyvat",
    "bgi_version": "0.45.0",
    "tags": [],
    "last_modified_time": 1753123851065,
    "enable_monster_loot_split": false
  },
  "positions": [
    {
      "id": 1,
      "x": 5063.70263671875,
      "y": -1587.78515625,
      "action": "",
      "move_mode": "walk",
      "type": "teleport"
    },
    {
      "id": 2,
      "x": 5061.875280455889,
      "y": -1570.1250303159268,
      "action": "",
      "move_mode": "run",
      "action_params": "",
      "type": "path"
    },
    {
      "id": 3,
      "x": 5060.94921875,
      "y": -1562.26318359375,
      "action": "stop_flying",
      "move_mode": "fly",
      "action_params": "2000",
      "type": "path"
    },
    {
      "id": 4,
      "x": 5062.658203125,
      "y": -1577.85498046875,
      "action": "",
      "move_mode": "dash",
      "action_params": "",
      "type": "path"
    },
    {
      "id": 5,
      "x": 5064.80029296875,
      "y": -1580.1044921875,
      "action": "combat_script",
      "move_mode": "climb",
      "action_params": "keypress(f),wait(0.2),keypress(f),wait(0.2),keypress(f),d(0.3),keypress(f);万叶 attack(0.08),keydown(E),wait(0.51),keyup(E),attack(0.2),wait(0.5);琴 attack(0.08),keydown(E),wait(0.4),moveby(1000,0),wait(0.2),moveby(1000,0),wait(0.2),moveby(1000,0),wait(0.2),moveby(1000,-3500),wait(1.8),keyup(E),wait(0.3),click(middle);",
      "type": "target"
    },
    {
      "id": 6,
      "x": 5064.80029296875,
      "y": -1580.1044921875,
      "action": "",
      "move_mode": "climb",
      "action_params": "",
      "type": "target"
    },
    {
      "id": 7,
      "x": 5065.32080078125,
      "y": -1579.23681640625,
      "action": "",
      "move_mode": "walk",
      "action_params": "",
      "type": "path"
    },
    {
      "id": 8,
      "x": 5119.218759875207,
      "y": -1572.7506138975205,
      "action": "",
      "move_mode": "dash",
      "type": "path"
    },
    {
      "id": 9,
      "x": 5120.406297400995,
      "y": -1570.187424210183,
      "action": "",
      "move_mode": "climb",
      "type": "target"
    },
    {
      "id": 10,
      "x": 5122.73681640625,
      "y": -1568.61767578125,
      "action": "combat_script",
      "move_mode": "walk",
      "action_params": "keypress(x),wait(0.2),keypress(x);万叶 attack(0.08),keydown(E),wait(0.51),keyup(E),attack(0.2),wait(0.5);琴 attack(0.08),keydown(E),wait(0.4),moveby(1000,0),wait(0.2),moveby(1000,0),wait(0.2),moveby(1000,0),wait(0.2),moveby(1000,-3500),wait(1.8),keyup(E),wait(0.3),click(middle);attack(2)",
      "type": "path"
    }
  ]
}