﻿{
  "info": {
    "name": "512枫丹-歌剧院右下2",
    "type": "collect",
    "version": "1.0",
    "description": "",
    "map_name": "Teyvat",
    "bgi_version": "0.45.0",
    "authors": [
      {
        "name": "汐",
        "links": ""
      }
    ],
    "tags": [],
    "last_modified_time": 1753721263579,
    "enable_monster_loot_split": false
  },
  "positions": [
    {
      "id": 1,
      "x": 3595.5517578125,
      "y": 3254.333251953125,
      "action": "",
      "move_mode": "walk",
      "type": "teleport"
    },
    {
      "id": 2,
      "x": 3618.656212474212,
      "y": 3272.375075789818,
      "action": "",
      "move_mode": "dash",
      "action_params": "",
      "type": "path"
    },
    {
      "id": 3,
      "x": 3614.84375,
      "y": 3277.156305332699,
      "action": "combat_script",
      "move_mode": "climb",
      "action_params": "keypress(f),wait(0.2),keypress(f),wait(0.2),keypress(f);万叶 attack(0.08),keydown(E),wait(0.51),keyup(E),attack(0.2),wait(0.5);琴 attack(0.08),keydown(E),wait(0.4),moveby(1000,0),wait(0.2),moveby(1000,0),wait(0.2),moveby(1000,0),wait(0.2),moveby(1000,-3500),wait(1.8),keyup(E),wait(0.3),click(middle);",
      "type": "target"
    },
    {
      "id": 4,
      "x": 3586.4443359375,
      "y": 3288.72314453125,
      "action": "combat_script",
      "move_mode": "dash",
      "action_params": "keypress(f),w(0.2),keypress(f),wait(0.1),keypress(f);迪希雅 attack(0.08),e;",
      "type": "path"
    },
    {
      "id": 5,
      "x": 3584.98828125,
      "y": 3289.309326171875,
      "action": "combat_script",
      "move_mode": "climb",
      "action_params": "keypress(f),wait(0.2),keypress(f);万叶 attack(0.08),keydown(E),wait(0.51),keyup(E),attack(0.2),wait(0.5);琴 attack(0.08),keydown(E),wait(0.4),moveby(1000,0),wait(0.2),moveby(1000,0),wait(0.2),moveby(1000,0),wait(0.2),moveby(1000,-3500),wait(1.8),keyup(E),wait(0.3),click(middle);",
      "type": "target",
      "locked": false
    },
    {
      "id": 6,
      "x": 3584.98828125,
      "y": 3289.309326171875,
      "action": "combat_script",
      "move_mode": "climb",
      "action_params": "keypress(f),wait(0.2),keypress(f),wait(0.2),keypress(f),wait(0.2),keypress(f)",
      "type": "target"
    }
  ]
}