﻿{
  "info": {
    "name": "522枫丹-水仙十字结社书馆2",
    "type": "collect",
    "authors": [
      {
        "name": "汐",
        "links": ""
      }
    ],
    "version": "1.0",
    "description": "",
    "map_name": "Teyvat",
    "bgi_version": "0.45.0",
    "tags": [],
    "last_modified_time": 1755538672020,
    "enable_monster_loot_split": false,
    "map_match_method": ""
  },
  "positions": [
    {
      "id": 1,
      "x": 4176.091796875,
      "y": 3281.184326171875,
      "action": "",
      "move_mode": "walk",
      "action_params": "",
      "type": "teleport"
    },
    {
      "id": 2,
      "x": 4176.46044921875,
      "y": 3264.501220703125,
      "action": "",
      "move_mode": "dash",
      "action_params": "",
      "type": "orientation",
      "locked": false
    },
    {
      "id": 3,
      "x": 4176.46044921875,
      "y": 3264.501220703125,
      "action": "",
      "move_mode": "dash",
      "action_params": "",
      "type": "target"
    },
    {
      "id": 4,
      "x": 4161.9462890625,
      "y": 3261.338623046875,
      "action": "combat_script",
      "move_mode": "dash",
      "action_params": "w(0.15),j,keypress(f),wait(0.2),keypress(f),wait(0.2),keypress(f),wait(0.2),keypress(f),wait(0.2),keypress(f),j,keypress(f),wait(0.2),keypress(f),wait(0.2),keypress(f),wait(0.2),keypress(f),wait(0.2),keypress(f),s(0.15);万叶 attack(0.08),keydown(E),wait(0.7),keyup(E),attack(0.2);琴 attack(0.08),keydown(E),wait(0.4),moveby(1000,0),wait(0.2),moveby(1000,0),wait(0.2),moveby(1000,0),wait(0.2),moveby(1000,-3500),wait(1.8),keyup(E),wait(0.3),click(middle);",
      "type": "target"
    },
    {
      "id": 5,
      "x": 4171.83642578125,
      "y": 3264.119140625,
      "action": "",
      "move_mode": "walk",
      "action_params": "",
      "type": "orientation"
    },
    {
      "id": 6,
      "x": 4171.83642578125,
      "y": 3264.119140625,
      "action": "",
      "move_mode": "dash",
      "action_params": "",
      "type": "path"
    },
    {
      "id": 7,
      "x": 4194.8759765625,
      "y": 3238.830810546875,
      "action": "",
      "move_mode": "run",
      "action_params": "",
      "type": "path"
    },
    {
      "id": 8,
      "x": 4201.57275390625,
      "y": 3233.929443359375,
      "action": "",
      "move_mode": "climb",
      "action_params": "",
      "type": "path"
    },
    {
      "id": 9,
      "x": 4199.11962890625,
      "y": 3232.133056640625,
      "action": "combat_script",
      "move_mode": "climb",
      "action_params": "j,keypress(f),wait(0.2),keypress(f),wait(0.2),keypress(f),wait(0.2),keypress(f),wait(0.2),keypress(f),j,keypress(f),wait(0.2),keypress(f),wait(0.2),keypress(f),wait(0.2),keypress(f),wait(0.2),keypress(f),a(0.15);万叶 attack(0.08),keydown(E),wait(0.7),keyup(E),attack(0.2);琴 attack(0.08),keydown(E),wait(0.4),moveby(1000,0),wait(0.2),moveby(1000,0),wait(0.2),moveby(1000,0),wait(0.2),moveby(1000,-3500),wait(1.8),keyup(E),wait(0.3),click(middle);",
      "type": "target"
    }
  ]
}