﻿{
  "info": {
    "name": "605纳塔-流泉之众4",
    "type": "collect",
    "authors": [
      {
        "name": "汐",
        "links": ""
      }
    ],
    "version": "",
    "description": "",
    "map_name": "Teyvat",
    "bgi_version": "0.45.0",
    "tags": [],
    "last_modified_time": 1752760607218,
    "enable_monster_loot_split": false
  },
  "positions": [
    {
      "id": 1,
      "x": 8918.939453125,
      "y": -2679.103515625,
      "action": "",
      "move_mode": "walk",
      "type": "teleport"
    },
    {
      "id": 2,
      "x": 8956.560546875,
      "y": -2684.478515625,
      "action": "combat_script",
      "move_mode": "dash",
      "action_params": "keypress(f),wait(0.2),keypress(f),wait(0.2),keypress(f);万叶 attack(0.08),keydown(E),wait(0.7),keyup(E),attack(0.2),wait(0.5);琴 attack(0.08),keydown(E),wait(0.4),moveby(1000,0),wait(0.2),moveby(1000,0),wait(0.2),moveby(1000,0),wait(0.2),moveby(1000,-3500),wait(1.8),keyup(E),wait(0.3),click(middle);",
      "type": "target"
    },
    {
      "id": 3,
      "x": 8985.650390625,
      "y": -2691.57421875,
      "action": "",
      "move_mode": "dash",
      "type": "path"
    },
    {
      "id": 4,
      "x": 8994.60546875,
      "y": -2709.45703125,
      "action": "",
      "move_mode": "run",
      "type": "path"
    },
    {
      "id": 5,
      "x": 8985.96484375,
      "y": -2733.546875,
      "action": "",
      "move_mode": "run",
      "type": "path"
    },
    {
      "id": 6,
      "x": 8985.3251953125,
      "y": -2756.3505859375,
      "action": "",
      "move_mode": "run",
      "type": "path"
    },
    {
      "id": 7,
      "x": 9033.1875,
      "y": -2792.7813274657783,
      "action": "",
      "move_mode": "run",
      "type": "path"
    },
    {
      "id": 8,
      "x": 9045.0625,
      "y": -2798.2815266634916,
      "action": "",
      "move_mode": "walk",
      "action_params": "",
      "type": "path"
    },
    {
      "id": 9,
      "x": 9051.4375,
      "y": -2795.93679174146,
      "action": "",
      "move_mode": "jump",
      "type": "path"
    },
    {
      "id": 10,
      "x": 9053.2548828125,
      "y": -2795.486328125,
      "action": "",
      "move_mode": "climb",
      "action_params": "",
      "type": "path"
    },
    {
      "id": 11,
      "x": 9053.812519750414,
      "y": -2797.187530315927,
      "action": "combat_script",
      "move_mode": "climb",
      "action_params": "keypress(f),wait(0.2),keypress(f),wait(0.2),keypress(f);万叶 attack(0.08),keydown(E),wait(0.48),keyup(E),attack(0.2),wait(0.5);琴 attack(0.08),keydown(E),wait(0.4),moveby(1000,0),wait(0.2),moveby(1000,0),wait(0.2),moveby(1000,0),wait(0.2),moveby(1000,-3500),wait(1.8),keyup(E),wait(0.3),click(middle);",
      "type": "target"
    },
    {
      "id": 12,
      "x": 9055.9375,
      "y": -2799.6876549315566,
      "action": "",
      "move_mode": "walk",
      "action_params": "",
      "type": "path"
    },
    {
      "id": 13,
      "x": 9060.6494140625,
      "y": -2792.595703125,
      "action": "combat_script",
      "move_mode": "dash",
      "action_params": "keypress(f),wait(0.2),keypress(f),wait(0.2),keypress(f),",
      "type": "target"
    },
    {
      "id": 14,
      "x": 9068.6044921875,
      "y": -2798.8125,
      "action": "combat_script",
      "move_mode": "dash",
      "action_params": "keypress(f),wait(0.2),keypress(f),wait(0.2),keypress(f),a(0.2);万叶 attack(0.08),keydown(E),wait(0.51),keyup(E),attack(0.2),wait(0.5);琴 attack(0.08),keydown(E),wait(0.4),moveby(1000,0),wait(0.2),moveby(1000,0),wait(0.2),moveby(1000,0),wait(0.2),moveby(1000,-3500),wait(1.8),keyup(E),wait(0.3),click(middle);",
      "type": "target"
    }
  ]
}