﻿{
  "info": {
    "name": "619纳塔-悠悠神像5",
    "type": "collect",
    "authors": [
      {
        "name": "汐",
        "links": ""
      }
    ],
    "version": "1.0",
    "description": "",
    "map_name": "Teyvat",
    "bgi_version": "0.45.0",
    "tags": [],
    "last_modified_time": 1755670231189,
    "enable_monster_loot_split": false,
    "map_match_method": ""
  },
  "positions": [
    {
      "id": 1,
      "x": 13597.9814453125,
      "y": -160.8505859375,
      "action": "force_tp",
      "move_mode": "walk",
      "action_params": "",
      "type": "teleport"
    },
    {
      "id": 2,
      "x": 13614.017578125,
      "y": -200.4189453125,
      "action": "combat_script",
      "move_mode": "dash",
      "action_params": "keypress(f),wait(0.2),keypress(f),wait(0.2),keypress(f),s(0.1);万叶 attack(0.08),keydown(E),wait(0.7),keyup(E),attack(0.2);琴 attack(0.08),keydown(E),wait(0.4),moveby(1000,0),wait(0.2),moveby(1000,0),wait(0.2),moveby(1000,0),wait(0.2),moveby(1000,-3500),wait(1.8),keyup(E),wait(0.3),click(middle);",
      "type": "target"
    },
    {
      "id": 3,
      "x": 13613.28131912645,
      "y": -199.18716652480362,
      "action": "combat_script",
      "move_mode": "climb",
      "action_params": "keypress(t),wait(0.2),keypress(t),wait(0.3)",
      "type": "path"
    },
    {
      "id": 4,
      "x": 13664.125,
      "y": -105.62701411021953,
      "action": "combat_script",
      "move_mode": "walk",
      "action_params": "keydown(w),wait(0.3),keypress(e),wait(1.7),keypress(e),wait(0.5),keyup(w)",
      "type": "orientation"
    },
    {
      "id": 5,
      "x": 13664.125,
      "y": -105.62524346387272,
      "action": "",
      "move_mode": "dash",
      "action_params": "",
      "type": "path"
    },
    {
      "id": 6,
      "x": 13668.318359375,
      "y": -97.94140625,
      "action": "combat_script",
      "move_mode": "climb",
      "action_params": "keydown(Q),keypress(f),wait(0.8),keypress(f),keyup(Q),wait(0.1),j,keypress(f),wait(0.2),keypress(f),attack(0.08);万叶 attack(0.08),keydown(E),wait(0.7),keyup(E),attack(0.2);琴 attack(0.08),keydown(E),wait(0.4),moveby(1000,0),wait(0.2),moveby(1000,0),wait(0.2),moveby(1000,0),wait(0.2),moveby(1000,-3500),wait(1.8),keyup(E),wait(0.3),click(middle);",
      "type": "target"
    },
    {
      "id": 7,
      "x": 13624.71875,
      "y": -89.62169110463947,
      "action": "",
      "move_mode": "dash",
      "action_params": "",
      "type": "path"
    },
    {
      "id": 8,
      "x": 13616.2763671875,
      "y": -93.8681640625,
      "action": "combat_script",
      "move_mode": "dash",
      "action_params": "keypress(f),wait(0.2),keypress(f),wait(0.2),keypress(f),wait(0.2),keypress(f),wait(0.2),keypress(f);万叶 attack(0.08),keydown(E),wait(0.7),keyup(E),attack(0.2);琴 attack(0.08),keydown(E),wait(0.4),moveby(1000,0),wait(0.2),moveby(1000,0),wait(0.2),moveby(1000,0),wait(0.2),moveby(1000,-3500),wait(1.8),keyup(E),wait(0.3),click(middle);",
      "type": "target"
    },
    {
      "id": 9,
      "x": 13613.876953125,
      "y": -95.0947265625,
      "action": "combat_script",
      "move_mode": "climb",
      "action_params": "keypress(t),wait(0.2),keypress(t)",
      "type": "path"
    },
    {
      "id": 10,
      "x": 13604.9990234375,
      "y": -76.3427734375,
      "action": "",
      "move_mode": "jump",
      "action_params": "",
      "type": "path"
    },
    {
      "id": 11,
      "x": 13611.708984375,
      "y": -8.74609375,
      "action": "combat_script",
      "move_mode": "walk",
      "action_params": "keydown(w),wait(0.3),keypress(e),wait(1.2),keypress(e),wait(0.5),keyup(w)",
      "type": "orientation"
    },
    {
      "id": 12,
      "x": 13611.708984375,
      "y": -8.74609375,
      "action": "",
      "move_mode": "dash",
      "action_params": "",
      "type": "path"
    },
    {
      "id": 13,
      "x": 13594.2900390625,
      "y": 46.9453125,
      "action": "combat_script",
      "move_mode": "dash",
      "action_params": "wait(0.5),keydown(Q),keypress(f),wait(0.8),keypress(f),keyup(Q),wait(0.1),j,keypress(f)",
      "type": "path"
    },
    {
      "id": 14,
      "x": 13591.6005859375,
      "y": 44.15966796875,
      "action": "combat_script",
      "move_mode": "climb",
      "action_params": "keypress(f),wait(0.2),keypress(f),wait(0.2),keypress(f);万叶 attack(0.08),keydown(E),wait(0.7),keyup(E),attack(0.2);琴 attack(0.08),keydown(E),wait(0.4),moveby(1000,0),wait(0.2),moveby(1000,0),wait(0.2),moveby(1000,0),wait(0.2),moveby(1000,-3500),wait(1.8),keyup(E),wait(0.3),click(middle);",
      "type": "target"
    },
    {
      "id": 15,
      "x": 13589.406287525788,
      "y": 58.12540926501333,
      "action": "",
      "move_mode": "dash",
      "action_params": "",
      "type": "path"
    },
    {
      "id": 16,
      "x": 13585.562464449253,
      "y": 62.124916631200904,
      "action": "combat_script",
      "move_mode": "climb",
      "action_params": "keypress(f),wait(0.2),keypress(f),wait(0.2),keypress(f),wait(0.2),keypress(f),a(0.2),keypress(f);万叶 attack(0.08),keydown(E),wait(0.7),keyup(E),attack(0.2);琴 attack(0.08),keydown(E),wait(0.4),moveby(1000,0),wait(0.2),moveby(1000,0),wait(0.2),moveby(1000,0),wait(0.2),moveby(1000,-3500),wait(1.8),keyup(E),wait(0.3),click(middle);",
      "type": "target"
    },
    {
      "id": 17,
      "x": 13583.531344801992,
      "y": 64.1248484203652,
      "action": "",
      "move_mode": "walk",
      "action_params": "",
      "type": "path"
    }
  ]
}