﻿{
  "info": {
    "name": "623纳塔-悠悠集市东海岸6",
    "type": "collect",
    "authors": [
      {
        "name": "汐",
        "links": ""
      }
    ],
    "version": "1.0",
    "description": "",
    "map_name": "Teyvat",
    "bgi_version": "0.45.0",
    "tags": [],
    "last_modified_time": 1755543480834,
    "enable_monster_loot_split": false,
    "map_match_method": ""
  },
  "positions": [
    {
      "id": 1,
      "x": 13616.580078125,
      "y": 380.3837890625,
      "action": "force_tp",
      "move_mode": "walk",
      "action_params": "",
      "type": "teleport"
    },
    {
      "id": 2,
      "x": 13619.939453125,
      "y": 378.26953125,
      "action": "combat_script",
      "move_mode": "dash",
      "action_params": "keypress(f),wait(0.2),keypress(f),wait(0.2),keypress(f)",
      "type": "target"
    },
    {
      "id": 3,
      "x": 13623.4345703125,
      "y": 378.97607421875,
      "action": "",
      "move_mode": "climb",
      "action_params": "",
      "type": "path"
    },
    {
      "id": 4,
      "x": 13622.390625,
      "y": 376.11572265625,
      "action": "combat_script",
      "move_mode": "climb",
      "action_params": "keypress(f),wait(0.2),keypress(f),wait(0.2),keypress(f),wait(0.2),keypress(f),wait(0.2),keypress(f),s(0.1);万叶 attack(0.08),keydown(E),wait(0.48),keyup(E),attack(0.2);琴 attack(0.08),keydown(E),wait(0.4),moveby(1000,0),wait(0.2),moveby(1000,0),wait(0.2),moveby(1000,0),wait(0.2),moveby(1000,-3500),wait(1.8),keyup(E),wait(0.3),click(middle);",
      "type": "target"
    },
    {
      "id": 5,
      "x": 13616.58984375,
      "y": 388.3095703125,
      "action": "combat_script",
      "move_mode": "dash",
      "action_params": "keypress(f),wait(0.2),keypress(f),wait(0.2),keypress(f),wait(0.2),keypress(f),wait(0.2),keypress(f),d(0.1);万叶 attack(0.08),keydown(E),wait(0.7),keyup(E),attack(0.2);琴 attack(0.08),keydown(E),wait(0.4),moveby(1000,0),wait(0.2),moveby(1000,0),wait(0.2),moveby(1000,0),wait(0.2),moveby(1000,-3500),wait(1.8),keyup(E),wait(0.3),click(middle);",
      "type": "target"
    },
    {
      "id": 6,
      "x": 13620.232421875,
      "y": 382.67041015625,
      "action": "combat_script",
      "move_mode": "run",
      "action_params": "keypress(t),wait(0.2),keypress(t)",
      "type": "path"
    },
    {
      "id": 7,
      "x": 13660.500229104811,
      "y": 415.6221199869424,
      "action": "",
      "move_mode": "dash",
      "action_params": "",
      "type": "path"
    },
    {
      "id": 8,
      "x": 13668.125007900166,
      "y": 497.96875757898215,
      "action": "combat_script",
      "move_mode": "walk",
      "action_params": "keydown(w),wait(0.3),keypress(e),wait(1.2),keypress(e),wait(0.5),keyup(w)",
      "type": "orientation"
    },
    {
      "id": 9,
      "x": 13668.124389712186,
      "y": 498.18022417753855,
      "action": "",
      "move_mode": "dash",
      "action_params": "",
      "type": "path"
    },
    {
      "id": 10,
      "x": 13637.968661123134,
      "y": 548.1252955802875,
      "action": "combat_script",
      "move_mode": "walk",
      "action_params": "keydown(VK_SPACE),wait(1),keydown(w),keyup(VK_SPACE),wait(0.2),keypress(e),wait(1.3),keypress(e),wait(0.5),keyup(w)",
      "type": "orientation"
    },
    {
      "id": 11,
      "x": 13637.968661123134,
      "y": 548.1252955802875,
      "action": "",
      "move_mode": "dash",
      "action_params": "",
      "type": "path"
    },
    {
      "id": 12,
      "x": 13635.025390625,
      "y": 545.0986328125,
      "action": "combat_script",
      "move_mode": "climb",
      "action_params": "keydown(Q),keypress(f),wait(0.8),keypress(f),keyup(Q),wait(0.1),j,keypress(f),wait(0.2),keypress(f),wait(0.2),keypress(f),s(0.15);万叶 attack(0.08),keydown(E),wait(0.7),keyup(E),attack(0.2);琴 attack(0.08),keydown(E),wait(0.4),moveby(1000,0),wait(0.2),moveby(1000,0),wait(0.2),moveby(1000,0),wait(0.2),moveby(1000,-3500),wait(1.8),keyup(E),wait(0.3),click(middle);",
      "type": "target"
    },
    {
      "id": 13,
      "x": 13636.187472349418,
      "y": 553.5615374693198,
      "action": "",
      "move_mode": "dash",
      "action_params": "",
      "type": "path"
    },
    {
      "id": 14,
      "x": 13634.4951171875,
      "y": 562.6181640625,
      "action": "combat_script",
      "move_mode": "dash",
      "action_params": "keypress(f),wait(0.2),keypress(f),wait(0.2),keypress(f),wait(0.2),keypress(f),wait(0.2),keypress(f),a(0.1);万叶 attack(0.08),keydown(E),wait(0.7),keyup(E),attack(0.2);琴 attack(0.08),keydown(E),wait(0.4),moveby(1000,0),wait(0.2),moveby(1000,0),wait(0.2),moveby(1000,0),wait(0.2),moveby(1000,-3500),wait(1.8),keyup(E),wait(0.3),click(middle);",
      "type": "target"
    },
    {
      "id": 15,
      "x": 13632.830078125,
      "y": 569.265625,
      "action": "",
      "move_mode": "dash",
      "action_params": "",
      "type": "path"
    },
    {
      "id": 16,
      "x": 13627.654296875,
      "y": 562.6103515625,
      "action": "",
      "move_mode": "walk",
      "action_params": "",
      "type": "orientation"
    },
    {
      "id": 17,
      "x": 13628.109375,
      "y": 563.55419921875,
      "type": "target",
      "move_mode": "climb",
      "action": "combat_script",
      "action_params": "keypress(f),wait(0.2),keypress(f),wait(0.2),keypress(f);万叶 attack(0.08),keydown(E),wait(0.7),keyup(E),attack(0.2);琴 attack(0.08),keydown(E),wait(0.4),moveby(1000,0),wait(0.2),moveby(1000,0),wait(0.2),moveby(1000,0),wait(0.2),moveby(1000,-3500),wait(1.8),keyup(E),wait(0.3),click(middle);"
    },
    {
      "id": 18,
      "x": 13627.654296875,
      "y": 562.6103515625,
      "action": "set_time",
      "move_mode": "run",
      "action_params": "06:00",
      "type": "orientation"
    }
  ]
}