﻿{
  "info": {
    "name": "640纳塔-浪浪湾北2",
    "type": "collect",
    "authors": [
      {
        "name": "汐",
        "links": ""
      }
    ],
    "version": "1.0",
    "description": "",
    "map_name": "Teyvat",
    "bgi_version": "0.45.0",
    "tags": [],
    "last_modified_time": 1755784625182,
    "enable_monster_loot_split": false,
    "map_match_method": ""
  },
  "positions": [
    {
      "id": 1,
      "x": 14641.3232421875,
      "y": 996.869140625,
      "action": "force_tp",
      "move_mode": "walk",
      "action_params": "",
      "type": "teleport"
    },
    {
      "id": 2,
      "x": 14643.361328125,
      "y": 1021.77392578125,
      "action": "stop_flying",
      "move_mode": "fly",
      "action_params": "2500",
      "type": "path"
    },
    {
      "id": 3,
      "x": 14622.1875,
      "y": 1069.1255533269832,
      "action": "",
      "move_mode": "dash",
      "action_params": "",
      "type": "path"
    },
    {
      "id": 4,
      "x": 14627.96875,
      "y": 1073.0309844030471,
      "action": "combat_script",
      "move_mode": "dash",
      "action_params": "keypress(f),wait(0.2),keypress(f),a(0.2),keypress(f),wait(0.2),keypress(f),w(0.2),keypress(f),s(0.1);万叶 attack(0.08),keydown(E),wait(0.7),keyup(E),attack(0.2);琴 attack(0.08),keydown(E),wait(0.4),moveby(1000,0),wait(0.2),moveby(1000,0),wait(0.2),moveby(1000,0),wait(0.2),moveby(1000,-3500),wait(1.8),keyup(E),wait(0.3),click(middle);",
      "type": "target"
    },
    {
      "id": 5,
      "x": 14600.5,
      "y": 1056.094192661587,
      "action": "",
      "move_mode": "dash",
      "action_params": "",
      "type": "path"
    },
    {
      "id": 6,
      "x": 14598.185546875,
      "y": 1053.48876953125,
      "action": "combat_script",
      "move_mode": "climb",
      "action_params": "keypress(f),wait(0.2),keypress(f),wait(0.2),keypress(f),wait(0.2),keypress(f),wait(0.2),keypress(f);万叶 attack(0.08),keydown(E),wait(0.7),keyup(E),attack(0.2);琴 attack(0.08),keydown(E),wait(0.4),moveby(1000,0),wait(0.2),moveby(1000,0),wait(0.2),moveby(1000,0),wait(0.2),moveby(1000,-3500),wait(1.8),keyup(E),wait(0.3),click(middle);",
      "type": "target"
    }
  ]
}