{
  "info": {
    "name": "沉玉谷（8）",
    "type": "collect",
    "author": "下流山汉",
    "version": "1.0",
    "description": "",
    "bgiVersion": "0.35.1"
  },
  "positions": [
    {
      "id": 1,
      "x": 1977.25390625,
      "y": 2341.053466796875,
      "action": "",
      "move_mode": "walk",
      "action_params": "",
      "type": "teleport",
      "locked": false
    },
    {
      "id": 2,
      "x": 1973.7939453125,
      "y": 2330.095947265625,
      "action": "",
      "move_mode": "run",
      "action_params": "",
      "type": "path",
      "locked": false
    },
    {
      "id": 3,
      "x": 1930.017578125,
      "y": 2321.2939453125,
      "action": "",
      "move_mode": "walk",
      "action_params": "",
      "type": "path",
      "locked": false
    },
    {
      "id": 4,
      "x": 1873.158203125,
      "y": 2302.678955078125,
      "action": "",
      "move_mode": "run",
      "action_params": "",
      "type": "path",
      "locked": false
    },
    {
      "id": 5,
      "x": 1854.0224609375,
      "y": 2293.254150390625,
      "action": "stop_flying",
      "move_mode": "fly",
      "action_params": "",
      "type": "path",
      "locked": false
    },
    {
      "id": 6,
      "x": 1854.0224609375,
      "y": 2293.254150390625,
      "action": "fight",
      "move_mode": "walk",
      "action_params": "",
      "type": "path",
      "locked": false
    },
    {
      "id": 7,
      "x": 1725.36328125,
      "y": 2114.9775390625,
      "action": "",
      "move_mode": "walk",
      "action_params": "",
      "type": "teleport",
      "locked": false
    },
    {
      "id": 8,
      "x": 1718.1376953125,
      "y": 2148.396728515625,
      "action": "",
      "move_mode": "run",
      "action_params": "",
      "type": "path",
      "locked": false
    },
    {
      "id": 9,
      "x": 1736.9169921875,
      "y": 2180.550048828125,
      "action": "",
      "move_mode": "run",
      "action_params": "",
      "type": "path",
      "locked": false
    },
    {
      "id": 10,
      "x": 1737.1611328125,
      "y": 2171.16064453125,
      "action": "fight",
      "move_mode": "run",
      "action_params": "",
      "type": "path",
      "locked": false
    },
    {
      "id": 11,
      "x": 1691.3466796875,
      "y": 1829.23486328125,
      "action": "",
      "move_mode": "walk",
      "action_params": "",
      "type": "teleport",
      "locked": false
    },
    {
      "id": 12,
      "x": 1698.7470703125,
      "y": 1828.35546875,
      "action": "",
      "move_mode": "walk",
      "action_params": "",
      "type": "path",
      "locked": false
    },
    {
      "id": 13,
      "x": 1847.5859375,
      "y": 1902.22119140625,
      "action": "stop_flying",
      "move_mode": "fly",
      "action_params": "",
      "type": "path",
      "locked": false
    },
    {
      "id": 14,
      "x": 1852.431640625,
      "y": 1904.23828125,
      "action": "fight",
      "move_mode": "walk",
      "action_params": "",
      "type": "path",
      "locked": false
    },
    {
      "id": 15,
      "x": 1468.1552734375,
      "y": 1997.97021484375,
      "action": "",
      "move_mode": "walk",
      "action_params": "",
      "type": "teleport",
      "locked": false
    },
    {
      "id": 16,
      "x": 1462.8017578125,
      "y": 1973.05029296875,
      "action": "",
      "move_mode": "walk",
      "action_params": "",
      "type": "path",
      "locked": false
    },
    {
      "id": 17,
      "x": 1460.86328125,
      "y": 1949.4619140625,
      "action": "",
      "move_mode": "fly",
      "action_params": "",
      "type": "path",
      "locked": false
    },
    {
      "id": 18,
      "x": 1453.982421875,
      "y": 1935.03125,
      "action": "",
      "move_mode": "fly",
      "action_params": "",
      "type": "path",
      "locked": false
    },
    {
      "id": 19,
      "x": 1447.1279296875,
      "y": 1927.8828125,
      "action": "",
      "move_mode": "fly",
      "action_params": "",
      "type": "path",
      "locked": false
    },
    {
      "id": 20,
      "x": 1443.5537109375,
      "y": 1918.19482421875,
      "action": "fight",
      "move_mode": "run",
      "action_params": "",
      "type": "path",
      "locked": false
    },
    {
      "id": 21,
      "x": 1863.615234375,
      "y": 1590.98828125,
      "action": "",
      "move_mode": "walk",
      "action_params": "",
      "type": "teleport",
      "locked": false
    },
    {
      "id": 22,
      "x": 1879.6611328125,
      "y": 1565.1064453125,
      "action": "",
      "move_mode": "run",
      "action_params": "",
      "type": "path",
      "locked": false
    },
    {
      "id": 23,
      "x": 1862.8779296875,
      "y": 1551.37548828125,
      "action": "",
      "move_mode": "run",
      "action_params": "",
      "type": "path",
      "locked": false
    },
    {
      "id": 24,
      "x": 1850.7802734375,
      "y": 1545.37890625,
      "action": "fight",
      "move_mode": "run",
      "action_params": "",
      "type": "path",
      "locked": false
    },
    {
      "id": 25,
      "x": 1828.341796875,
      "y": 1547.77197265625,
      "action": "",
      "move_mode": "walk",
      "action_params": "",
      "type": "path",
      "locked": false
    },
    {
      "id": 26,
      "x": 1786.658203125,
      "y": 1525.5966796875,
      "action": "",
      "move_mode": "walk",
      "action_params": "",
      "type": "path",
      "locked": false
    },
    {
      "id": 27,
      "x": 1763.6201171875,
      "y": 1504.62060546875,
      "action": "",
      "move_mode": "run",
      "action_params": "",
      "type": "path",
      "locked": false
    },
    {
      "id": 28,
      "x": 1727.162109375,
      "y": 1498.26806640625,
      "action": "fight",
      "move_mode": "run",
      "action_params": "",
      "type": "path",
      "locked": false
    },
    {
      "id": 29,
      "x": 1904.50390625,
      "y": 1196.96240234375,
      "action": "",
      "move_mode": "walk",
      "action_params": "",
      "type": "teleport",
      "locked": true
    },
    {
      "id": 30,
      "x": 1886.39453125,
      "y": 1203.412109375,
      "action": "combat_script",
      "move_mode": "fly",
      "action_params": "keypress(VK_SPACE),wait(3),click",
      "type": "path",
      "locked": false
    },
    {
      "id": 31,
      "x": 1879.5673828125,
      "y": 1191.8759765625,
      "action": "",
      "move_mode": "run",
      "action_params": "",
      "type": "path",
      "locked": false
    },
    {
      "id": 32,
      "x": 1862.2060546875,
      "y": 1152.63671875,
      "action": "",
      "move_mode": "run",
      "action_params": "",
      "type": "path",
      "locked": false
    },
    {
      "id": 33,
      "x": 1883.64453125,
      "y": 1121.267578125,
      "action": "",
      "move_mode": "run",
      "action_params": "",
      "type": "path",
      "locked": false
    },
    {
      "id": 34,
      "x": 1913.908203125,
      "y": 1119.34033203125,
      "action": "fight",
      "move_mode": "run",
      "action_params": "",
      "type": "path",
      "locked": false
    }
  ]
}