{
  "info": {
    "name": "铁穆山②（3）",
    "type": "collect",
    "author": "下流山汉",
    "version": "1.0",
    "description": "",
    "bgiVersion": "0.35.1"
  },
  "positions": [
    {
      "id": 1,
      "action": "",
      "move_mode": "walk",
      "type": "teleport",
      "x": 6187.78662109375,
      "y": 479.52587890625,
      "action_params": "",
      "locked": false
    },
    {
      "id": 2,
      "x": 6199.30029296875,
      "y": 480.6181640625,
      "type": "path",
      "move_mode": "fly",
      "action": "stop_flying",
      "action_params": "",
      "locked": false
    },
    {
      "id": 3,
      "x": 6266.50732421875,
      "y": 481.35400390625,
      "type": "path",
      "move_mode": "walk",
      "action": "",
      "action_params": "",
      "locked": false
    },
    {
      "id": 4,
      "x": 6286.89599609375,
      "y": 429.1279296875,
      "type": "path",
      "move_mode": "run",
      "action": "",
      "action_params": "",
      "locked": false
    },
    {
      "id": 5,
      "x": 6271.71533203125,
      "y": 402.7470703125,
      "type": "path",
      "move_mode": "run",
      "action": "",
      "action_params": "",
      "locked": false
    },
    {
      "id": 6,
      "x": 6283.6220703125,
      "y": 369.0009765625,
      "type": "path",
      "move_mode": "run",
      "action": "fight",
      "action_params": ""
    },
    {
      "id": 7,
      "x": 6287.78955078125,
      "y": 364.46826171875,
      "type": "path",
      "move_mode": "walk",
      "action": "",
      "action_params": "",
      "locked": false
    },
    {
      "id": 8,
      "x": 6305.015625,
      "y": 335.4931640625,
      "type": "path",
      "move_mode": "walk",
      "action": "",
      "action_params": "",
      "locked": false
    },
    {
      "id": 9,
      "x": 6319.84521484375,
      "y": 324.23681640625,
      "type": "path",
      "move_mode": "walk",
      "action": "",
      "action_params": "",
      "locked": false
    },
    {
      "id": 10,
      "x": 6309.5556640625,
      "y": 277.43310546875,
      "type": "path",
      "move_mode": "run",
      "action": "",
      "action_params": "",
      "locked": false
    },
    {
      "id": 11,
      "x": 6308.78369140625,
      "y": 223.7724609375,
      "type": "path",
      "move_mode": "run",
      "action": "",
      "action_params": "",
      "locked": false
    },
    {
      "id": 12,
      "x": 6309.5126953125,
      "y": 182.86572265625,
      "type": "path",
      "move_mode": "run",
      "action": "fight",
      "action_params": "",
      "locked": false
    },
    {
      "id": 13,
      "x": 6309.572265625,
      "y": 169.03369140625,
      "type": "path",
      "move_mode": "walk",
      "action": "",
      "action_params": "",
      "locked": false
    },
    {
      "id": 14,
      "x": 6256.9111328125,
      "y": 165.146484375,
      "type": "path",
      "move_mode": "walk",
      "action": "",
      "action_params": "",
      "locked": false
    },
    {
      "id": 15,
      "x": 6181.72900390625,
      "y": 140.263671875,
      "type": "path",
      "move_mode": "walk",
      "action": "",
      "action_params": "",
      "locked": false
    },
    {
      "id": 16,
      "x": 6154.55224609375,
      "y": 132.5791015625,
      "type": "path",
      "move_mode": "fly",
      "action": "stop_flying",
      "action_params": "",
      "locked": false
    },
    {
      "id": 17,
      "x": 6131.47119140625,
      "y": 135.197265625,
      "type": "path",
      "move_mode": "run",
      "action": "",
      "action_params": "",
      "locked": false
    },
    {
      "id": 18,
      "x": 6140.86376953125,
      "y": 134.21240234375,
      "type": "path",
      "move_mode": "run",
      "action": "fight",
      "action_params": ""
    }
  ]
}