{
  "info": {
    "name": "g15【5】阻勒隘（5）",
    "type": "collect",
    "author": "下流山汉",
    "version": "1.0",
    "description": "",
    "bgiVersion": "0.35.1"
  },
  "positions": [
    {
      "id": 1,
      "x": 6817.21484375,
      "y": 383.404296875,
      "action": "",
      "move_mode": "walk",
      "action_params": "",
      "type": "teleport",
      "locked": false
    },
    {
      "id": 2,
      "x": 6845.28173828125,
      "y": 339.86181640625,
      "action": "",
      "move_mode": "walk",
      "action_params": "",
      "type": "path",
      "locked": false
    },
    {
      "id": 3,
      "x": 6859.63037109375,
      "y": 352.28369140625,
      "action": "",
      "move_mode": "walk",
      "action_params": "",
      "type": "path",
      "locked": false
    },
    {
      "id": 4,
      "x": 6866.6630859375,
      "y": 383.5625,
      "action": "",
      "move_mode": "run",
      "action_params": "",
      "type": "path",
      "locked": false
    },
    {
      "id": 5,
      "x": 6883.5595703125,
      "y": 385.75927734375,
      "action": "",
      "move_mode": "run",
      "action_params": "",
      "type": "path",
      "locked": false
    },
    {
      "id": 6,
      "x": 6884.30419921875,
      "y": 364.666015625,
      "action": "fight",
      "move_mode": "run",
      "action_params": "",
      "type": "path",
      "locked": false
    },
    {
      "id": 7,
      "x": 6817.22802734375,
      "y": 383.44287109375,
      "action": "",
      "move_mode": "walk",
      "action_params": "",
      "type": "teleport",
      "locked": false
    },
    {
      "id": 8,
      "x": 6810.9482421875,
      "y": 407.48046875,
      "action": "stop_flying",
      "move_mode": "fly",
      "action_params": "",
      "type": "path",
      "locked": false
    },
    {
      "id": 9,
      "x": 6793.63720703125,
      "y": 441.18017578125,
      "action": "",
      "move_mode": "walk",
      "action_params": "",
      "type": "path",
      "locked": false
    },
    {
      "id": 10,
      "x": 6780.625,
      "y": 470.00244140625,
      "action": "fight",
      "move_mode": "walk",
      "action_params": "",
      "type": "path",
      "locked": false
    },
    {
      "id": 11,
      "x": 6777.458984375,
      "y": 491.060546875,
      "action": "combat_script",
      "move_mode": "run",
      "action_params": "wait(10)",
      "type": "path",
      "locked": false
    },
    {
      "id": 12,
      "x": 6788.115234375,
      "y": 485.42431640625,
      "action": "",
      "move_mode": "run",
      "action_params": "",
      "type": "path",
      "locked": false
    },
    {
      "id": 13,
      "x": 6798.98095703125,
      "y": 489.802734375,
      "action": "",
      "move_mode": "run",
      "action_params": "",
      "type": "path",
      "locked": false
    },
    {
      "id": 14,
      "x": 6809.546875,
      "y": 497.4130859375,
      "type": "path",
      "move_mode": "run",
      "action": "",
      "action_params": ""
    },
    {
      "id": 15,
      "x": 6824.18359375,
      "y": 488.7568359375,
      "action": "fight",
      "move_mode": "run",
      "action_params": "",
      "type": "path",
      "locked": true
    },
    {
      "id": 16,
      "x": 6615.10302734375,
      "y": 724.8916015625,
      "action": "",
      "move_mode": "walk",
      "action_params": "",
      "type": "teleport",
      "locked": false
    },
    {
      "id": 17,
      "x": 6635.6943359375,
      "y": 672.5068359375,
      "action": "",
      "move_mode": "walk",
      "action_params": "",
      "type": "path",
      "locked": false
    },
    {
      "id": 18,
      "x": 6637.31591796875,
      "y": 649.05810546875,
      "action": "",
      "move_mode": "walk",
      "action_params": "",
      "type": "path",
      "locked": false
    },
    {
      "id": 19,
      "x": 6620.50439453125,
      "y": 634.73876953125,
      "action": "",
      "move_mode": "run",
      "action_params": "",
      "type": "path",
      "locked": false
    },
    {
      "id": 20,
      "x": 6604.00634765625,
      "y": 571.86328125,
      "action": "fight",
      "move_mode": "run",
      "action_params": "",
      "type": "path",
      "locked": false
    },
    {
      "id": 21,
      "x": 6615.1513671875,
      "y": 724.99462890625,
      "action": "",
      "move_mode": "walk",
      "action_params": "",
      "type": "teleport",
      "locked": false
    },
    {
      "id": 22,
      "x": 6618.0673828125,
      "y": 750.90625,
      "action": "stop_flying",
      "move_mode": "fly",
      "action_params": "",
      "type": "path",
      "locked": false
    },
    {
      "id": 23,
      "x": 6615.455078125,
      "y": 794.8671875,
      "action": "",
      "move_mode": "run",
      "action_params": "",
      "type": "path",
      "locked": false
    },
    {
      "id": 24,
      "x": 6610.18994140625,
      "y": 788.8955078125,
      "action": "fight",
      "move_mode": "run",
      "action_params": "",
      "type": "path",
      "locked": false
    }
  ]
}