{
  "info": {
    "name": "甘露花海右上（2）",
    "type": "collect",
    "author": "下流山汉",
    "version": "1.0",
    "description": "",
    "bgiVersion": "0.35.1"
  },
  "positions": [
    {
      "id": 1,
      "x": 5698.7900390625,
      "y": 440.46826171875,
      "action": "",
      "move_mode": "walk",
      "action_params": "",
      "type": "teleport"
    },
    {
      "id": 2,
      "x": 5684.88671875,
      "y": 426.28857421875,
      "action": "",
      "move_mode": "walk",
      "action_params": "",
      "type": "path"
    },
    {
      "id": 3,
      "x": 5661.13134765625,
      "y": 437.708984375,
      "action": "",
      "move_mode": "walk",
      "action_params": "",
      "type": "path"
    },
    {
      "id": 4,
      "x": 5605.12890625,
      "y": 478.97412109375,
      "action": "",
      "move_mode": "walk",
      "action_params": "",
      "type": "path"
    },
    {
      "id": 5,
      "x": 5563.998046875,
      "y": 512.072265625,
      "action": "",
      "move_mode": "walk",
      "action_params": "",
      "type": "path"
    },
    {
      "id": 6,
      "x": 5520.31787109375,
      "y": 535.67529296875,
      "action": "",
      "move_mode": "walk",
      "action_params": "",
      "type": "path"
    },
    {
      "id": 7,
      "x": 5500.84765625,
      "y": 584.23291015625,
      "action": "",
      "move_mode": "walk",
      "action_params": "",
      "type": "path"
    },
    {
      "id": 8,
      "x": 5470.9404296875,
      "y": 626.67236328125,
      "action": "",
      "move_mode": "walk",
      "action_params": "",
      "type": "path"
    },
    {
      "id": 9,
      "x": 5437.24951171875,
      "y": 661.60546875,
      "action": "",
      "move_mode": "walk",
      "action_params": "",
      "type": "path"
    },
    {
      "id": 10,
      "x": 5418.0810546875,
      "y": 672.84326171875,
      "action": "",
      "move_mode": "walk",
      "action_params": "",
      "type": "path"
    },
    {
      "id": 11,
      "x": 5371.50341796875,
      "y": 668.53759765625,
      "action": "",
      "move_mode": "walk",
      "action_params": "",
      "type": "path"
    },
    {
      "id": 12,
      "x": 5331.8046875,
      "y": 664.29638671875,
      "action": "",
      "move_mode": "walk",
      "action_params": "",
      "type": "path"
    },
    {
      "id": 13,
      "x": 5319.3125,
      "y": 659.447265625,
      "action": "",
      "move_mode": "walk",
      "action_params": "",
      "type": "path"
    },
    {
      "id": 14,
      "x": 5285.87744140625,
      "y": 665.0302734375,
      "action": "",
      "move_mode": "walk",
      "action_params": "",
      "type": "path"
    },
    {
      "id": 15,
      "x": 5225.0654296875,
      "y": 628.83251953125,
      "action": "",
      "move_mode": "walk",
      "action_params": "",
      "type": "path"
    },
    {
      "id": 16,
      "x": 5217.33447265625,
      "y": 643.0654296875,
      "action": "",
      "move_mode": "walk",
      "action_params": "",
      "type": "path"
    },
    {
      "id": 17,
      "x": 5191.01513671875,
      "y": 694.98095703125,
      "action": "",
      "move_mode": "walk",
      "action_params": "",
      "type": "path"
    },
    {
      "id": 18,
      "x": 5184.66259765625,
      "y": 772.68505859375,
      "action": "",
      "move_mode": "run",
      "action_params": "",
      "type": "path"
    },
    {
      "id": 19,
      "x": 5184.47900390625,
      "y": 762.11669921875,
      "action": "fight",
      "move_mode": "run",
      "action_params": "",
      "type": "path"
    },
    {
      "id": 20,
      "x": 5193.42626953125,
      "y": 774.6123046875,
      "action": "",
      "move_mode": "walk",
      "action_params": "",
      "type": "path"
    },
    {
      "id": 21,
      "x": 5206.38916015625,
      "y": 799.96875,
      "action": "stop_flying",
      "move_mode": "fly",
      "action_params": "",
      "type": "path"
    },
    {
      "id": 22,
      "x": 5235.60205078125,
      "y": 852.01708984375,
      "action": "",
      "move_mode": "walk",
      "action_params": "",
      "type": "path"
    },
    {
      "id": 23,
      "x": 5289.2255859375,
      "y": 878.85205078125,
      "action": "",
      "move_mode": "walk",
      "action_params": "",
      "type": "path"
    },
    {
      "id": 24,
      "x": 5304.884765625,
      "y": 912.18115234375,
      "action": "",
      "move_mode": "walk",
      "action_params": "",
      "type": "path"
    },
    {
      "id": 25,
      "x": 5307.75927734375,
      "y": 935.6689453125,
      "action": "",
      "move_mode": "walk",
      "action_params": "",
      "type": "path"
    },
    {
      "id": 26,
      "x": 5315.21142578125,
      "y": 945.828125,
      "action": "",
      "move_mode": "climb",
      "action_params": "",
      "type": "path"
    },
    {
      "id": 27,
      "x": 5313.28515625,
      "y": 943.53955078125,
      "action": "combat_script",
      "move_mode": "climb",
      "action_params": "wait(0.5),click(middle),wait(0.5),moveby(0,-10000),wait(0.5),keypress(t),wait(3),keypress(t)",
      "type": "path"
    },
    {
      "id": 28,
      "x": 5276.9482421875,
      "y": 915.92578125,
      "action": "",
      "move_mode": "climb",
      "action_params": "",
      "type": "path"
    },
    {
      "id": 29,
      "x": 5271.92822265625,
      "y": 912.283203125,
      "action": "fight",
      "move_mode": "climb",
      "action_params": "",
      "type": "path"
    }
  ]
}