{
  "info": {
    "name": "跋松顶右上（1）",
    "type": "collect",
    "author": "下流山汉",
    "version": "1.0",
    "description": "",
    "bgiVersion": "0.35.1"
  },
  "positions": [
    {
      "id": 1,
      "x": 5493.01611328125,
      "y": 1447.01611328125,
      "action": "",
      "move_mode": "walk",
      "action_params": "",
      "type": "teleport"
    },
    {
      "id": 2,
      "x": 5503.2294921875,
      "y": 1451.9853515625,
      "action": "",
      "move_mode": "walk",
      "action_params": "",
      "type": "path"
    },
    {
      "id": 3,
      "x": 5538.15673828125,
      "y": 1465.4091796875,
      "action": "",
      "move_mode": "walk",
      "action_params": "",
      "type": "path"
    },
    {
      "id": 4,
      "x": 5547.89599609375,
      "y": 1463.42578125,
      "action": "",
      "move_mode": "walk",
      "action_params": "",
      "type": "path"
    },
    {
      "id": 5,
      "x": 5556.93798828125,
      "y": 1470.79541015625,
      "action": "",
      "move_mode": "walk",
      "action_params": "",
      "type": "path"
    },
    {
      "id": 6,
      "x": 5565.9033203125,
      "y": 1465.6318359375,
      "action": "",
      "move_mode": "fly",
      "action_params": "",
      "type": "path"
    },
    {
      "id": 7,
      "x": 5615.48681640625,
      "y": 1437.46630859375,
      "action": "",
      "move_mode": "walk",
      "action_params": "",
      "type": "path"
    },
    {
      "id": 8,
      "x": 5684.00537109375,
      "y": 1419.48681640625,
      "action": "",
      "move_mode": "walk",
      "action_params": "",
      "type": "path"
    },
    {
      "id": 9,
      "x": 5746.61572265625,
      "y": 1404.6728515625,
      "action": "",
      "move_mode": "walk",
      "action_params": "",
      "type": "path"
    },
    {
      "id": 10,
      "x": 5802.06640625,
      "y": 1407.27392578125,
      "action": "",
      "move_mode": "walk",
      "action_params": "",
      "type": "path"
    },
    {
      "id": 11,
      "x": 5835.14599609375,
      "y": 1410.03515625,
      "action": "",
      "move_mode": "walk",
      "action_params": "",
      "type": "path"
    },
    {
      "id": 12,
      "x": 5866.14306640625,
      "y": 1376.3427734375,
      "action": "fight",
      "move_mode": "run",
      "action_params": "",
      "type": "path"
    },
    {
      "id": 13,
      "x": 5892.431640625,
      "y": 1358.69140625,
      "action": "combat_script",
      "move_mode": "run",
      "action_params": "wait(5)",
      "type": "path"
    },
    {
      "id": 14,
      "x": 5904.26806640625,
      "y": 1352.55322265625,
      "action": "",
      "move_mode": "run",
      "action_params": "",
      "type": "path"
    },
    {
      "id": 15,
      "x": 5914.8623046875,
      "y": 1328.0673828125,
      "type": "path",
      "move_mode": "run",
      "action": "",
      "action_params": ""
    },
    {
      "id": 16,
      "x": 5897.0673828125,
      "y": 1324.728515625,
      "type": "path",
      "move_mode": "run",
      "action": "fight",
      "action_params": ""
    }
  ]
}