{
  "info": {
    "name": "枫丹廷左上（1）",
    "type": "collect",
    "author": "下流山汉",
    "version": "1.0",
    "description": "",
    "bgiVersion": "0.35.1"
  },
  "positions": [
    {
      "id": 1,
      "x": 4865.4638671875,
      "y": 3913.028564453125,
      "action": "",
      "move_mode": "walk",
      "action_params": "",
      "type": "teleport"
    },
    {
      "id": 2,
      "x": 4878.07958984375,
      "y": 3969.23583984375,
      "action": "",
      "move_mode": "walk",
      "action_params": "",
      "type": "path"
    },
    {
      "id": 3,
      "x": 4855.744140625,
      "y": 4013.849853515625,
      "action": "",
      "move_mode": "run",
      "action_params": "",
      "type": "path"
    },
    {
      "id": 4,
      "x": 4839.77490234375,
      "y": 4011.083251953125,
      "action": "",
      "move_mode": "run",
      "action_params": "",
      "type": "path"
    },
    {
      "id": 5,
      "x": 4840.34326171875,
      "y": 4005.9677734375,
      "action": "fight",
      "move_mode": "run",
      "action_params": "",
      "type": "target"
    }
  ]
}