{
  "info": {
    "name": "优兰尼娅湖左、下（3）",
    "type": "collect",
    "author": "下流山汉",
    "version": "1.0",
    "description": "",
    "bgiVersion": "0.35.1"
  },
  "positions": [
    {
      "id": 1,
      "action": "",
      "move_mode": "walk",
      "type": "teleport",
      "x": 3344.205078125,
      "y": 3903.303955078125,
      "action_params": ""
    },
    {
      "id": 2,
      "x": 3373.0498046875,
      "y": 3894.175048828125,
      "type": "path",
      "move_mode": "walk",
      "action": "",
      "action_params": ""
    },
    {
      "id": 3,
      "x": 3374.3505859375,
      "y": 3849.55810546875,
      "type": "path",
      "move_mode": "walk",
      "action": "",
      "action_params": ""
    },
    {
      "id": 4,
      "x": 3372.0859375,
      "y": 3832.28466796875,
      "type": "path",
      "move_mode": "walk",
      "action": "",
      "action_params": ""
    },
    {
      "id": 5,
      "x": 3374.1201171875,
      "y": 3821.49267578125,
      "type": "path",
      "move_mode": "fly",
      "action": "",
      "action_params": ""
    },
    {
      "id": 6,
      "x": 3383.443359375,
      "y": 3814.46826171875,
      "type": "path",
      "move_mode": "fly",
      "action": "",
      "action_params": ""
    },
    {
      "id": 7,
      "x": 3388.953125,
      "y": 3815.8505859375,
      "type": "path",
      "move_mode": "climb",
      "action": "fight",
      "action_params": ""
    },
    {
      "id": 8,
      "x": 3618.2939453125,
      "y": 4057.824951171875,
      "type": "teleport",
      "move_mode": "walk",
      "action": "",
      "action_params": ""
    },
    {
      "id": 9,
      "x": 3568.1044921875,
      "y": 4045.90869140625,
      "type": "path",
      "move_mode": "walk",
      "action": "",
      "action_params": ""
    },
    {
      "id": 10,
      "x": 3554.5556640625,
      "y": 4035.302978515625,
      "type": "path",
      "move_mode": "fly",
      "action": "stop_flying",
      "action_params": ""
    },
    {
      "id": 11,
      "x": 3519.5517578125,
      "y": 4025.518310546875,
      "type": "path",
      "move_mode": "walk",
      "action": "",
      "action_params": ""
    },
    {
      "id": 12,
      "x": 3468.2138671875,
      "y": 4035.264892578125,
      "type": "path",
      "move_mode": "run",
      "action": "",
      "action_params": ""
    },
    {
      "id": 13,
      "x": 3444.9775390625,
      "y": 4028.816650390625,
      "type": "path",
      "move_mode": "run",
      "action": "",
      "action_params": ""
    },
    {
      "id": 14,
      "x": 3437.7001953125,
      "y": 4019.840087890625,
      "type": "path",
      "move_mode": "fly",
      "action": "stop_flying",
      "action_params": "",
      "locked": false
    },
    {
      "id": 15,
      "x": 3437.7001953125,
      "y": 4019.840087890625,
      "type": "path",
      "move_mode": "walk",
      "action": "fight",
      "action_params": ""
    },
    {
      "id": 16,
      "x": 3618.275390625,
      "y": 4057.88671875,
      "type": "teleport",
      "move_mode": "walk",
      "action": "",
      "action_params": ""
    },
    {
      "id": 17,
      "x": 3631.30078125,
      "y": 4059.451904296875,
      "type": "path",
      "move_mode": "walk",
      "action": "",
      "action_params": ""
    },
    {
      "id": 18,
      "x": 3686.7548828125,
      "y": 4031.94873046875,
      "type": "path",
      "move_mode": "walk",
      "action": "",
      "action_params": ""
    },
    {
      "id": 19,
      "x": 3714.7412109375,
      "y": 4008.201904296875,
      "type": "path",
      "move_mode": "run",
      "action": "",
      "action_params": ""
    },
    {
      "id": 20,
      "x": 3716.515625,
      "y": 3979.95703125,
      "type": "path",
      "move_mode": "run",
      "action": "",
      "action_params": ""
    },
    {
      "id": 21,
      "x": 3722.49609375,
      "y": 3977.669677734375,
      "type": "path",
      "move_mode": "run",
      "action": "",
      "action_params": ""
    },
    {
      "id": 22,
      "x": 3727.5126953125,
      "y": 3965.437255859375,
      "type": "path",
      "move_mode": "run",
      "action": "fight",
      "action_params": ""
    }
  ]
}