{
  "info": {
    "name": "中央实验室遗址右下（3）",
    "type": "collect",
    "author": "下流山汉",
    "version": "1.0",
    "description": "",
    "bgiVersion": "0.35.1"
  },
  "positions": [
    {
      "id": 1,
      "action": "",
      "move_mode": "walk",
      "type": "teleport",
      "x": 3628.462890625,
      "y": 4447.6298828125,
      "action_params": "",
      "locked": false
    },
    {
      "id": 2,
      "x": 3598.912109375,
      "y": 4439.7734375,
      "type": "path",
      "move_mode": "walk",
      "action": "",
      "action_params": "",
      "locked": false
    },
    {
      "id": 3,
      "x": 3591.505859375,
      "y": 4441.2958984375,
      "type": "path",
      "move_mode": "fly",
      "action": "",
      "action_params": "",
      "locked": false
    },
    {
      "id": 4,
      "x": 3580.814453125,
      "y": 4453.84521484375,
      "type": "path",
      "move_mode": "run",
      "action": "fight",
      "action_params": "",
      "locked": false
    },
    {
      "id": 5,
      "x": 3846.921875,
      "y": 4652.7978515625,
      "type": "teleport",
      "move_mode": "walk",
      "action": "",
      "action_params": "",
      "locked": false
    },
    {
      "id": 6,
      "x": 3822.890625,
      "y": 4617.2705078125,
      "type": "path",
      "move_mode": "walk",
      "action": "",
      "action_params": "",
      "locked": false
    },
    {
      "id": 7,
      "x": 3806.8564453125,
      "y": 4633.3359375,
      "type": "path",
      "move_mode": "walk",
      "action": "",
      "action_params": ""
    },
    {
      "id": 8,
      "x": 3799.4345703125,
      "y": 4640.76904296875,
      "type": "path",
      "move_mode": "walk",
      "action": "",
      "action_params": "",
      "locked": false
    },
    {
      "id": 9,
      "x": 3793.2587890625,
      "y": 4642.98583984375,
      "type": "path",
      "move_mode": "walk",
      "action": "",
      "action_params": ""
    },
    {
      "id": 10,
      "x": 3789.849609375,
      "y": 4646.125,
      "type": "path",
      "move_mode": "walk",
      "action": "",
      "action_params": ""
    },
    {
      "id": 11,
      "x": 3763.9599609375,
      "y": 4632.79248046875,
      "type": "path",
      "move_mode": "walk",
      "action": "",
      "action_params": ""
    },
    {
      "id": 12,
      "x": 3744.1875,
      "y": 4605.181640625,
      "type": "path",
      "move_mode": "run",
      "action": "",
      "action_params": ""
    },
    {
      "id": 13,
      "x": 3731.826171875,
      "y": 4587.77734375,
      "type": "path",
      "move_mode": "run",
      "action": "",
      "action_params": ""
    },
    {
      "id": 14,
      "x": 3723.333984375,
      "y": 4607.33349609375,
      "type": "path",
      "move_mode": "fly",
      "action": "",
      "action_params": ""
    },
    {
      "id": 15,
      "x": 3708.90234375,
      "y": 4620.75048828125,
      "type": "path",
      "move_mode": "run",
      "action": "fight",
      "action_params": ""
    },
    {
      "id": 16,
      "x": 3636.0556640625,
      "y": 4796.0693359375,
      "type": "teleport",
      "move_mode": "walk",
      "action": "",
      "action_params": ""
    },
    {
      "id": 17,
      "x": 3610.69921875,
      "y": 4763.1298828125,
      "type": "path",
      "move_mode": "run",
      "action": "",
      "action_params": ""
    },
    {
      "id": 18,
      "x": 3620.5986328125,
      "y": 4754.48095703125,
      "type": "path",
      "move_mode": "run",
      "action": "",
      "action_params": ""
    },
    {
      "id": 19,
      "x": 3614.4638671875,
      "y": 4754.0107421875,
      "type": "path",
      "move_mode": "run",
      "action": "fight",
      "action_params": ""
    }
  ]
}