{
  "info": {
    "name": "奶奶家右（1）",
    "type": "collect",
    "author": "下流山汉",
    "version": "1.0",
    "description": "",
    "bgiVersion": "0.35.1"
  },
  "positions": [
    {
      "id": 1,
      "action": "",
      "move_mode": "walk",
      "type": "teleport",
      "x": 9638.07421875,
      "y": -1854.65869140625,
      "action_params": ""
    },
    {
      "id": 2,
      "x": 9600.451171875,
      "y": -1875.52294921875,
      "type": "path",
      "move_mode": "run",
      "action": "",
      "action_params": ""
    },
    {
      "id": 3,
      "x": 9588.33984375,
      "y": -1899.998046875,
      "type": "path",
      "move_mode": "run",
      "action": "",
      "action_params": ""
    },
    {
      "id": 4,
      "x": 9581.115234375,
      "y": -1928.6025390625,
      "type": "path",
      "move_mode": "run",
      "action": "",
      "action_params": ""
    },
    {
      "id": 5,
      "x": 9586.201171875,
      "y": -1938.4287109375,
      "type": "path",
      "move_mode": "run",
      "action": "",
      "action_params": ""
    },
    {
      "id": 6,
      "x": 9583.6328125,
      "y": -1949.8271484375,
      "type": "path",
      "move_mode": "run",
      "action": "",
      "action_params": ""
    },
    {
      "id": 7,
      "x": 9587.5341796875,
      "y": -1954.74072265625,
      "type": "path",
      "move_mode": "run",
      "action": "",
      "action_params": ""
    },
    {
      "id": 8,
      "x": 9581.654296875,
      "y": -1960.88037109375,
      "type": "path",
      "move_mode": "run",
      "action": "fight",
      "action_params": ""
    }
  ]
}