﻿{
  "info": {
    "authors": [
      {
        "links": "",
        "name": "汐"
      }
    ],
    "bgiVersion": "0.42.3",
    "bgi_version": "0.45.0",
    "description": "",
    "enable_monster_loot_split": false,
    "last_modified_time": 1760645985565,
    "map_match_method": "",
    "map_name": "Teyvat",
    "name": "304【多人】稻妻-神无卓7",
    "tags": [],
    "type": "collect",
    "version": "1.0"
  },
  "positions": [
    {
      "action": "",
      "id": 1,
      "move_mode": "walk",
      "type": "teleport",
      "x": -3393.125,
      "y": -3556.0634765625
    },
    {
      "action": "",
      "action_params": "",
      "id": 2,
      "move_mode": "walk",
      "type": "path",
      "x": -3394.7109375,
      "y": -3548.4921875
    },
    {
      "action": "combat_script",
      "action_params": "keypress(f);万叶 attack(0.08),keydown(E),wait(0.48),keyup(E),attack(0.2),wait(1);琴 attack(0.08),keydown(E),wait(0.4),moveby(1000,0),wait(0.2),moveby(1000,0),wait(0.2),moveby(1000,0),wait(0.2),moveby(1000,-3500),wait(1.8),keyup(E),wait(0.3),click(middle);",
      "id": 3,
      "move_mode": "climb",
      "type": "target",
      "x": -3396.84765625,
      "y": -3547.375
    },
    {
      "action": "combat_script",
      "action_params": "keypress(f);万叶 attack(0.08),keydown(E),wait(0.48),keyup(E),attack(0.2),wait(1);琴 attack(0.08),keydown(E),wait(0.4),moveby(1000,0),wait(0.2),moveby(1000,0),wait(0.2),moveby(1000,0),wait(0.2),moveby(1000,-3500),wait(1.8),keyup(E),wait(0.3),click(middle);",
      "id": 4,
      "move_mode": "climb",
      "type": "target",
      "x": -3404.3134765625,
      "y": -3543.4296875
    },
    {
      "action": "",
      "action_params": "",
      "id": 5,
      "move_mode": "climb",
      "type": "path",
      "x": -3407.96484375,
      "y": -3534.818359375
    },
    {
      "action": "combat_script",
      "action_params": "keypress(f);万叶 attack(0.08),keydown(E),wait(0.48),keyup(E),attack(0.2),wait(1);琴 attack(0.08),keydown(E),wait(0.4),moveby(1000,0),wait(0.2),moveby(1000,0),wait(0.2),moveby(1000,0),wait(0.2),moveby(1000,-3500),wait(1.8),keyup(E),wait(0.3),click(middle);",
      "id": 6,
      "move_mode": "climb",
      "type": "target",
      "x": -3405.08984375,
      "y": -3534.1630859375
    },
    {
      "action": "stop_flying",
      "action_params": "",
      "id": 7,
      "move_mode": "fly",
      "type": "path",
      "x": -3408.26953125,
      "y": -3527.271484375
    },
    {
      "action": "combat_script",
      "action_params": "keypress(f);万叶 attack(0.08),keydown(E),wait(0.7),keyup(E),attack(0.2);琴 attack(0.08),keydown(E),wait(0.4),moveby(1000,0),wait(0.2),moveby(1000,0),wait(0.2),moveby(1000,0),wait(0.2),moveby(1000,-3500),wait(1.8),keyup(E),wait(0.3),click(middle);",
      "id": 8,
      "move_mode": "walk",
      "type": "path",
      "x": -3409.427734375,
      "y": -3523.658203125
    },
    {
      "action": "",
      "action_params": "",
      "id": 9,
      "move_mode": "dash",
      "type": "path",
      "x": -3434.6015625,
      "y": -3546.076171875
    },
    {
      "action": "",
      "action_params": "",
      "id": 10,
      "move_mode": "dash",
      "type": "target",
      "x": -3434.107421875,
      "y": -3547.138671875
    },
    {
      "action": "",
      "action_params": "",
      "id": 11,
      "move_mode": "climb",
      "type": "target",
      "x": -3435.279296875,
      "y": -3553.390625
    },
    {
      "action": "",
      "action_params": "",
      "id": 12,
      "move_mode": "dash",
      "type": "path",
      "x": -3445.982421875,
      "y": -3553.1123046875
    },
    {
      "action": "combat_script",
      "action_params": "keypress(f),wait(0.2),keypress(f);万叶 attack(0.08),keydown(E),wait(0.7),keyup(E),attack(0.2),wait(2.5);琴 attack(0.08),keydown(E),wait(0.4),moveby(1000,0),wait(0.2),moveby(1000,0),wait(0.2),moveby(1000,0),wait(0.2),moveby(1000,-3500),wait(1.8),keyup(E),wait(0.3),click(middle);芙宁娜 attack(0.08),e;",
      "id": 13,
      "move_mode": "climb",
      "type": "target",
      "x": -3445.982421875,
      "y": -3553.1123046875
    },
    {
      "action": "combat_script",
      "action_params": "keypress(f),wait(0.2),keypress(f),wait(0.2),keypress(f);万叶 attack(0.08),keydown(E),wait(0.8),keyup(E),s(0.25),attack(0.2);琴 attack(0.08),keydown(E),wait(0.4),moveby(1000,0),wait(0.2),moveby(1000,0),wait(0.2),moveby(1000,0),wait(0.2),moveby(1000,-3500),wait(1.8),keyup(E),wait(0.3),click(middle);",
      "id": 14,
      "move_mode": "dash",
      "type": "target",
      "x": -3436.0322265625,
      "y": -3566.140625
    },
    {
      "action": "",
      "action_params": "",
      "id": 15,
      "move_mode": "dash",
      "type": "path",
      "x": -3457.03515625,
      "y": -3556.66796875
    },
    {
      "action": "",
      "action_params": "",
      "id": 16,
      "move_mode": "dash",
      "type": "path",
      "x": -3474.072265625,
      "y": -3572.6064453125
    },
    {
      "action": "combat_script",
      "action_params": "keypress(f);万叶 attack(0.08),keydown(E),wait(0.7),keyup(E),attack(0.2);琴 attack(0.08),keydown(E),wait(0.4),moveby(1000,0),wait(0.2),moveby(1000,0),wait(0.2),moveby(1000,0),wait(0.2),moveby(1000,-3500),wait(1.8),keyup(E),wait(0.3),click(middle);",
      "id": 17,
      "move_mode": "climb",
      "type": "target",
      "x": -3475.595703125,
      "y": -3568.787109375
    },
    {
      "action": "",
      "id": 18,
      "move_mode": "walk",
      "type": "teleport",
      "x": -3393.125,
      "y": -3556.0634765625
    },
    {
      "action": "combat_script",
      "action_params": "attack(0.3),wait(0.5),keypress(f)",
      "id": 19,
      "move_mode": "fly",
      "type": "path",
      "x": -3420.4453125,
      "y": -3574.65234375
    },
    {
      "action": "combat_script",
      "action_params": "keypress(f),wait(0.2),keypress(f);万叶 attack(0.08),keydown(E),wait(0.7),keyup(E),attack(0.2);琴 attack(0.08),keydown(E),wait(0.4),moveby(1000,0),wait(0.2),moveby(1000,0),wait(0.2),moveby(1000,0),wait(0.2),moveby(1000,-3500),wait(1.8),keyup(E),wait(0.3),click(middle);",
      "id": 20,
      "move_mode": "climb",
      "type": "target",
      "x": -3420.4453125,
      "y": -3574.65234375
    },
    {
      "action": "combat_script",
      "action_params": "keypress(f),wait(0.2),keypress(f),wait(0.2),keypress(f)",
      "id": 21,
      "move_mode": "dash",
      "type": "target",
      "x": -3376.146484375,
      "y": -3580.5234375
    }
  ]
}