{
  "info": {
    "name": "天云草实-石越村-6个",
    "type": "collect",
    "author": "曦",
    "version": "1.0",
    "description": "",
    "bgiVersion": "0.35.0"
  },
  "positions": [
    {
      "id": 1,
      "x": -3891.6279296875,
      "y": -4389.9697265625,
      "action": "",
      "move_mode": "walk",
      "type": "teleport"
    },
    {
      "id": 2,
      "x": -3869.509765625,
      "y": -4390.376953125,
      "action": "",
      "move_mode": "walk",
      "type": "path"
    },
    {
      "id": 3,
      "x": -3841.1982421875,
      "y": -4397.029296875,
      "action": "",
      "move_mode": "walk",
      "type": "target"
    },
    {
      "id": 4,
      "x": -3834.916015625,
      "y": -4398.3896484375,
      "action": "",
      "move_mode": "walk",
      "type": "path"
    },
    {
      "id": 5,
      "x": -3835.609375,
      "y": -4402,
      "type": "path",
      "move_mode": "walk",
      "action": ""
    },
    {
      "id": 6,
      "x": -3839.609375,
      "y": -4401.32421875,
      "action": "",
      "move_mode": "walk",
      "type": "target"
    },
    {
      "id": 7,
      "x": -3891.546875,
      "y": -4389.9267578125,
      "action": "",
      "move_mode": "walk",
      "type": "teleport"
    },
    {
      "id": 8,
      "x": -3893.123046875,
      "y": -4381.1357421875,
      "action": "",
      "move_mode": "walk",
      "type": "path"
    },
    {
      "id": 9,
      "x": -3893.7431640625,
      "y": -4342.71484375,
      "action": "stop_flying",
      "move_mode": "fly",
      "type": "target"
    }
  ]
}