{
  "info": {
    "name": "天云草实-天云峠0201-10个",
    "type": "collect",
    "author": "曦",
    "version": "1.0",
    "description": "",
    "bgiVersion": "0.35.0"
  },
  "positions": [
    {
      "id": 1,
      "x": -4170.5537109375,
      "y": -4571.369140625,
      "action": "",
      "move_mode": "walk",
      "type": "teleport"
    },
    {
      "id": 2,
      "x": -4194.4443359375,
      "y": -4564.248046875,
      "action": "stop_flying",
      "move_mode": "fly",
      "type": "path"
    },
    {
      "id": 3,
      "x": -4205.6318359375,
      "y": -4572.7548828125,
      "action": "",
      "move_mode": "run",
      "type": "target"
    },
    {
      "id": 4,
      "x": -4227.8828125,
      "y": -4568.5302734375,
      "action": "",
      "move_mode": "walk",
      "type": "path"
    },
    {
      "id": 5,
      "x": -4243.9189453125,
      "y": -4565.666015625,
      "action": "",
      "move_mode": "walk",
      "type": "path"
    },
    {
      "id": 6,
      "x": -4277.939453125,
      "y": -4540.3837890625,
      "action": "",
      "move_mode": "walk",
      "type": "target"
    },
    {
      "id": 7,
      "x": -4293.185546875,
      "y": -4481.328125,
      "action": "",
      "move_mode": "walk",
      "type": "target"
    },
    {
      "id": 8,
      "x": -4309.8740234375,
      "y": -4470.0234375,
      "action": "",
      "move_mode": "walk",
      "type": "target"
    },
    {
      "id": 9,
      "x": -4313.5400390625,
      "y": -4450.9599609375,
      "action": "",
      "move_mode": "walk",
      "type": "path"
    },
    {
      "id": 10,
      "x": -4322.03515625,
      "y": -4448.06640625,
      "action": "",
      "move_mode": "walk",
      "type": "target"
    }
  ]
}