{
  "info": {
    "name": "天云草实-越石村右侧-6个",
    "type": "collect",
    "author": "曦",
    "version": "1.0",
    "description": "",
    "bgiVersion": "0.35.0"
  },
  "positions": [
    {
      "id": 1,
      "x": -4184.7373046875,
      "y": -4244.7734375,
      "action": "",
      "move_mode": "walk",
      "type": "teleport"
    },
    {
      "id": 3,
      "x": -4195.28125,
      "y": -4253.775390625,
      "action": "",
      "move_mode": "climb",
      "type": "path"
    },
    {
      "id": 4,
      "x": -4202.1484375,
      "y": -4258.451171875,
      "action": "",
      "move_mode": "climb",
      "type": "path"
    },
    {
      "id": 5,
      "x": -4214.4521484375,
      "y": -4269.4794921875,
      "action": "",
      "move_mode": "walk",
      "type": "target"
    },
    {
      "id": 6,
      "x": -4216.560546875,
      "y": -4271.7607421875,
      "action": "",
      "move_mode": "walk",
      "type": "target"
    },
    {
      "id": 7,
      "x": -4217.9716796875,
      "y": -4269.0986328125,
      "action": "",
      "move_mode": "walk",
      "type": "target"
    }
  ]
}