{
  "info": {
    "name": "天云草实-天云峠左下角-26个",
    "type": "collect",
    "author": "曦",
    "version": "1.0",
    "description": "",
    "bgiVersion": "0.35.0"
  },
  "positions": [
    {
      "id": 1,
      "x": -4251.8896484375,
      "y": -4785.4619140625,
      "action": "",
      "move_mode": "walk",
      "type": "teleport"
    },
    {
      "id": 2,
      "x": -4191.798828125,
      "y": -4802.6416015625,
      "action": "",
      "move_mode": "fly",
      "type": "path"
    },
    {
      "id": 3,
      "x": -4121.1064453125,
      "y": -4839.08984375,
      "action": "",
      "move_mode": "fly",
      "type": "path"
    },
    {
      "id": 4,
      "x": -4086.4384765625,
      "y": -4849.3173828125,
      "action": "stop_flying",
      "move_mode": "fly",
      "type": "path"
    },
    {
      "id": 5,
      "x": -4080.5361328125,
      "y": -4805.7587890625,
      "action": "",
      "move_mode": "walk",
      "type": "path"
    },
    {
      "id": 6,
      "x": -4067.345703125,
      "y": -4757.71875,
      "action": "",
      "move_mode": "run",
      "type": "path"
    },
    {
      "id": 7,
      "x": -4048.90234375,
      "y": -4732.5419921875,
      "action": "",
      "move_mode": "run",
      "type": "path"
    },
    {
      "id": 8,
      "x": -4061.1376953125,
      "y": -4685.978515625,
      "action": "",
      "move_mode": "walk",
      "type": "target"
    },
    {
      "id": 9,
      "x": -4066.451171875,
      "y": -4688.671875,
      "action": "",
      "move_mode": "walk",
      "type": "target"
    },
    {
      "id": 10,
      "x": -4084.330078125,
      "y": -4671.095703125,
      "action": "",
      "move_mode": "walk",
      "type": "target"
    },
    {
      "id": 11,
      "x": -4122.0859375,
      "y": -4674.75390625,
      "action": "",
      "move_mode": "walk",
      "type": "path"
    },
    {
      "id": 12,
      "x": -4119.248046875,
      "y": -4686.6474609375,
      "action": "",
      "move_mode": "walk",
      "type": "target"
    },
    {
      "id": 13,
      "x": -4114.494140625,
      "y": -4705.8203125,
      "action": "",
      "move_mode": "walk",
      "type": "target"
    },
    {
      "id": 14,
      "x": -4120.4814453125,
      "y": -4706.6630859375,
      "action": "",
      "move_mode": "walk",
      "type": "target"
    },
    {
      "id": 15,
      "x": -4114.9580078125,
      "y": -4726.6923828125,
      "action": "",
      "move_mode": "walk",
      "type": "target"
    },
    {
      "id": 16,
      "x": -4113.34765625,
      "y": -4733.134765625,
      "action": "",
      "move_mode": "walk",
      "type": "target"
    },
    {
      "id": 17,
      "x": -4103.6220703125,
      "y": -4775.705078125,
      "action": "",
      "move_mode": "walk",
      "type": "target"
    },
    {
      "id": 18,
      "x": -4109.798828125,
      "y": -4805.7724609375,
      "action": "",
      "move_mode": "walk",
      "type": "path"
    },
    {
      "id": 20,
      "x": -4108.2744140625,
      "y": -4816.23046875,
      "action": "",
      "move_mode": "walk",
      "type": "path"
    },
    {
      "id": 21,
      "x": -4135.2265625,
      "y": -4812.4775390625,
      "action": "",
      "move_mode": "walk",
      "type": "target"
    },
    {
      "id": 22,
      "x": -4130.5458984375,
      "y": -4807.458984375,
      "action": "",
      "move_mode": "walk",
      "type": "target"
    },
    {
      "id": 23,
      "x": -4145.0576171875,
      "y": -4830.291015625,
      "action": "",
      "move_mode": "walk",
      "type": "target"
    },
    {
      "id": 24,
      "x": -4159.435546875,
      "y": -4829.1416015625,
      "action": "",
      "move_mode": "walk",
      "type": "target"
    },
    {
      "id": 25,
      "x": -4164.974609375,
      "y": -4832.0791015625,
      "action": "",
      "move_mode": "walk",
      "type": "target"
    },
    {
      "id": 26,
      "x": -4164.41015625,
      "y": -4842.6015625,
      "action": "",
      "move_mode": "walk",
      "type": "target"
    },
    {
      "id": 27,
      "x": -4178.8974609375,
      "y": -4850.361328125,
      "action": "",
      "move_mode": "walk",
      "type": "target"
    },
    {
      "id": 28,
      "x": -4192.330078125,
      "y": -4844.1337890625,
      "action": "",
      "move_mode": "walk",
      "type": "target"
    }
  ]
}